category,path,line,source
critical_or_scheduler_lock,applications/debug/accessor/helpers/wiegand.cpp,34,FURI_CRITICAL_ENTER();
critical_or_scheduler_lock,applications/debug/accessor/scene/accessor_scene_start.cpp,39,FURI_CRITICAL_ENTER();
timer_or_ui_cadence,applications/debug/battery_test_app/battery_test_app.c,46,view_dispatcher_set_tick_event_callback(
unbounded_wait,applications/debug/blink_test/blink_test.c,75,"furi_message_queue_put(event_queue, &event, FuriWaitForever);"
timer_or_ui_cadence,applications/debug/blink_test/blink_test.c,87,"furi_timer_start(timer, furi_kernel_get_tick_frequency());"
unbounded_wait,applications/debug/blink_test/blink_test.c,99,"furi_check(furi_message_queue_get(event_queue, &event, FuriWaitForever) == FuriStatusOk);"
timer_or_ui_cadence,applications/debug/bt_debug_app/views/bt_carrier_test.c,38,"furi_timer_start(bt_carrier_test->timer, furi_kernel_get_tick_frequency() / 4);"
timer_or_ui_cadence,applications/debug/bt_debug_app/views/bt_carrier_test.c,41,"furi_timer_start(bt_carrier_test->timer, furi_kernel_get_tick_frequency() * 2);"
timer_or_ui_cadence,applications/debug/bt_debug_app/views/bt_packet_test.c,34,"furi_timer_start(bt_packet_test->timer, furi_kernel_get_tick_frequency() / 4);"
unbounded_wait,applications/debug/ccid_test/ccid_test_app.c,59,"furi_message_queue_put(event_queue, &event, FuriWaitForever);"
unbounded_wait,applications/debug/ccid_test/ccid_test_app.c,131,"furi_message_queue_get(app->event_queue, &event, FuriWaitForever);"
timer_or_ui_cadence,applications/debug/display_test/view_display_test.c,143,"furi_timer_start(instance->timer, furi_kernel_get_tick_frequency() / 32);"
explicit_delay,applications/debug/expansion_test/expansion_test.c,307,furi_delay_ms(EXPANSION_PROTOCOL_BAUD_CHANGE_DT_MS);
explicit_delay,applications/debug/expansion_test/expansion_test.c,451,furi_delay_ms(EXPANSION_PROTOCOL_TIMEOUT_MS - 50);
timer_or_ui_cadence,applications/debug/file_browser_test/file_browser_app.c,39,view_dispatcher_set_tick_event_callback(
unbounded_wait,applications/debug/keypad_test/keypad_test.c,27,"furi_mutex_acquire(state->mutex, FuriWaitForever);"
unbounded_wait,applications/debug/keypad_test/keypad_test.c,61,"furi_message_queue_put(event_queue, input_event, FuriWaitForever);"
unbounded_wait,applications/debug/keypad_test/keypad_test.c,80,"while(furi_message_queue_get(event_queue, &event, FuriWaitForever) == FuriStatusOk) {"
unbounded_wait,applications/debug/keypad_test/keypad_test.c,81,"furi_mutex_acquire(state.mutex, FuriWaitForever);"
timer_or_ui_cadence,applications/debug/rpc_debug_app/rpc_debug_app.c,99,view_dispatcher_set_tick_event_callback(
unbounded_wait,applications/debug/speaker_debug/speaker_debug.c,106,"status = furi_message_queue_get(app->message_queue, &message, FuriWaitForever);"
timer_or_ui_cadence,applications/debug/subghz_test/scenes/subghz_test_scene_show_only_rx.c,26,"popup_set_timeout(popup, 1500);"
timer_or_ui_cadence,applications/debug/subghz_test/subghz_test_app.c,39,view_dispatcher_set_tick_event_callback(
timer_or_ui_cadence,applications/debug/subghz_test/views/subghz_test_carrier.c,191,"furi_timer_start(subghz_test_carrier->timer, furi_kernel_get_tick_frequency() / 4);"
timer_or_ui_cadence,applications/debug/subghz_test/views/subghz_test_packet.c,213,"furi_timer_start(instance->timer, furi_kernel_get_tick_frequency() / 4);"
blocking_notification,applications/debug/subghz_test/views/subghz_test_static.c,105,"notification_message_block(notification, &sequence_set_red_255);"
unbounded_wait,applications/debug/text_box_element_test/text_box_element_test.c,61,"furi_mutex_acquire(state->mutex, FuriWaitForever);"
unbounded_wait,applications/debug/text_box_element_test/text_box_element_test.c,71,"furi_message_queue_put(event_queue, input_event, FuriWaitForever);"
unbounded_wait,applications/debug/text_box_element_test/text_box_element_test.c,90,"while(furi_message_queue_get(event_queue, &event, FuriWaitForever) == FuriStatusOk) {"
unbounded_wait,applications/debug/text_box_element_test/text_box_element_test.c,91,"furi_mutex_acquire(state.mutex, FuriWaitForever);"
unbounded_wait,applications/debug/uart_echo/uart_echo.c,202,"furi_thread_flags_wait(WORKER_EVENTS_MASK, FuriFlagWaitAny, FuriWaitForever);"
thread_join,applications/debug/uart_echo/uart_echo.c,315,furi_thread_join(app->worker_thread);
blocking_notification,applications/debug/unit_tests/test_runner.c,202,notification_message_block(
blocking_notification,applications/debug/unit_tests/test_runner.c,223,"notification_message_block(instance->notification, &sequence_set_only_blue_255);"
explicit_delay,applications/debug/unit_tests/test_runner.c,238,furi_delay_ms(200);
priority_change,applications/debug/unit_tests/tests/furi/furi_errno_test.c,42,"furi_thread_set_priority(threads[i], FuriThreadPriorityNormal);"
thread_join,applications/debug/unit_tests/tests/furi/furi_errno_test.c,47,furi_thread_join(threads[i]);
explicit_delay,applications/debug/unit_tests/tests/furi/furi_event_loop_test.c,96,furi_delay_us(furi_hal_random_get() % 100);
explicit_delay,applications/debug/unit_tests/tests/furi/furi_event_loop_test.c,139,furi_delay_us(furi_hal_random_get() % 100);
explicit_delay,applications/debug/unit_tests/tests/furi/furi_event_loop_test.c,174,furi_delay_us(furi_hal_random_get() % 100);
explicit_delay,applications/debug/unit_tests/tests/furi/furi_event_loop_test.c,209,furi_delay_us(furi_hal_random_get() % 100);
explicit_delay,applications/debug/unit_tests/tests/furi/furi_event_loop_test.c,264,furi_delay_us(furi_hal_random_get() % 100);
explicit_delay,applications/debug/unit_tests/tests/furi/furi_event_loop_test.c,303,furi_delay_us(furi_hal_random_get() % 100);
explicit_delay,applications/debug/unit_tests/tests/furi/furi_event_loop_test.c,339,furi_delay_us(furi_hal_random_get() % 100);
explicit_delay,applications/debug/unit_tests/tests/furi/furi_event_loop_test.c,376,furi_delay_us(furi_hal_random_get() % 100);
thread_join,applications/debug/unit_tests/tests/furi/furi_event_loop_test.c,515,furi_thread_join(producer_thread);
thread_join,applications/debug/unit_tests/tests/furi/furi_event_loop_test.c,516,furi_thread_join(consumer_thread);
explicit_delay,applications/debug/unit_tests/tests/furi_hal/furi_hal_tests.c,204,furi_delay_ms(EEPROM_WRITE_DELAY_MS);
unbounded_wait,applications/debug/unit_tests/tests/js/js_test.c,45,"context->event_flags, JsTestsFinished, FuriFlagWaitAny, FuriWaitForever);"
unbounded_wait,applications/debug/unit_tests/tests/nfc/nfc_test.c,569,"furi_thread_flags_wait(NFC_TEST_FLAG_WORKER_DONE, FuriFlagWaitAny, FuriWaitForever);"
unbounded_wait,applications/debug/unit_tests/tests/nfc/nfc_test.c,788,"furi_thread_flags_wait(NFC_TEST_FLAG_WORKER_DONE, FuriFlagWaitAny, FuriWaitForever);"
thread_join,applications/debug/unit_tests/tests/pipe/pipe_test.c,122,furi_thread_join(thread);
explicit_delay,applications/debug/unit_tests/tests/rpc/rpc_test.c,89,furi_delay_tick(1);
explicit_delay,applications/debug/unit_tests/tests/rpc/rpc_test.c,109,furi_delay_tick(1);
unbounded_wait,applications/debug/unit_tests/tests/rpc/rpc_test.c,272,"callbacks_context->output_stream, got_bytes, got_size, FuriWaitForever);"
explicit_delay,applications/debug/unit_tests/tests/rpc/rpc_test.c,1589,furi_delay_ms(100);
explicit_delay,applications/debug/unit_tests/tests/rpc/rpc_test.c,1594,furi_delay_ms(100);
explicit_delay,applications/debug/unit_tests/tests/rpc/rpc_test.c,1597,furi_delay_ms(200);
explicit_delay,applications/debug/unit_tests/tests/rpc/rpc_test.c,1601,furi_delay_ms(100);
explicit_delay,applications/debug/unit_tests/tests/rpc/rpc_test.c,1604,furi_delay_ms(100);
explicit_delay,applications/debug/unit_tests/tests/rpc/rpc_test.c,1608,furi_delay_ms(100);
explicit_delay,applications/debug/unit_tests/tests/rpc/rpc_test.c,1610,furi_delay_ms(500);
explicit_delay,applications/debug/unit_tests/tests/rpc/rpc_test.c,1858,furi_delay_ms(timeout);
explicit_delay,applications/debug/unit_tests/tests/storage/storage_test.c,63,furi_delay_ms(1000);
unbounded_wait,applications/debug/unit_tests/tests/storage/storage_test.c,83,"furi_semaphore_acquire(semaphore, FuriWaitForever);"
thread_join,applications/debug/unit_tests/tests/storage/storage_test.c,90,mu_check(furi_thread_join(locker_thread));
explicit_delay,applications/debug/unit_tests/tests/storage/storage_test.c,214,furi_delay_ms(100);
unbounded_wait,applications/debug/unit_tests/tests/storage/storage_test.c,234,"furi_semaphore_acquire(semaphore, FuriWaitForever);"
thread_join,applications/debug/unit_tests/tests/storage/storage_test.c,241,mu_check(furi_thread_join(locker_thread));
thread_join,applications/debug/unit_tests/tests/storage/storage_test.c,490,furi_thread_join(thread);
explicit_delay,applications/debug/unit_tests/tests/subghz/subghz_test.c,77,furi_delay_ms(100);
explicit_delay,applications/debug/unit_tests/tests/subghz/subghz_test.c,93,furi_delay_ms(10);
explicit_delay,applications/debug/unit_tests/tests/subghz/subghz_test.c,117,furi_delay_ms(100);
explicit_delay,applications/debug/unit_tests/tests/subghz/subghz_test.c,133,furi_delay_ms(10);
explicit_delay,applications/debug/unit_tests/tests/subghz/subghz_test.c,197,furi_delay_ms(10);
explicit_delay,applications/debug/unit_tests/tests/subghz/subghz_test.c,340,furi_delay_ms(10);
explicit_delay,applications/debug/unit_tests/unit_tests.c,21,furi_delay_ms(5000);
unbounded_wait,applications/debug/usb_mouse/usb_mouse.c,37,"furi_message_queue_put(event_queue, &event, FuriWaitForever);"
unbounded_wait,applications/debug/usb_mouse/usb_mouse.c,58,"FuriStatus event_status = furi_message_queue_get(event_queue, &event, FuriWaitForever);"
unbounded_wait,applications/debug/vibro_test/vibro_test.c,22,"furi_message_queue_put(event_queue, input_event, FuriWaitForever);"
unbounded_wait,applications/debug/vibro_test/vibro_test.c,42,"while(furi_message_queue_get(event_queue, &event, FuriWaitForever) == FuriStatusOk) {"
critical_or_scheduler_lock,applications/drivers/subghz/cc1101_ext/cc1101_ext.c,690,FURI_CRITICAL_ENTER();
unbounded_wait,applications/examples/example_adc/example_adc.c,95,"furi_message_queue_put(event_queue, input_event, FuriWaitForever);"
timer_or_ui_cadence,applications/examples/example_ble_beacon/ble_beacon_app.c,75,view_dispatcher_set_tick_event_callback(
unbounded_wait,applications/examples/example_custom_font/example_custom_font.c,88,"furi_message_queue_put(event_queue, input_event, FuriWaitForever);"
unbounded_wait,applications/examples/example_event_loop/example_event_loop_multi.c,149,"furi_check(furi_message_queue_put(app->input_queue, event, FuriWaitForever) == FuriStatusOk);"
thread_join,applications/examples/example_event_loop/example_event_loop_multi.c,320,furi_thread_join(app->worker_thread);
unbounded_wait,applications/examples/example_event_loop/example_event_loop_mutex.c,40,"furi_check(furi_mutex_acquire(app->worker_mutex, FuriWaitForever) == FuriStatusOk);"
explicit_delay,applications/examples/example_event_loop/example_event_loop_mutex.c,43,furi_delay_ms(work_time_ms);
thread_join,applications/examples/example_event_loop/example_event_loop_mutex.c,126,furi_thread_join(app->worker_thread);
unbounded_wait,applications/examples/example_event_loop/example_event_loop_stream_buffer.c,43,"furi_stream_buffer_send(app->stream_buffer, &data, 1, FuriWaitForever) == 1);"
explicit_delay,applications/examples/example_event_loop/example_event_loop_stream_buffer.c,45,furi_delay_ms(30 + furi_hal_random_get() % 20);
thread_join,applications/examples/example_event_loop/example_event_loop_stream_buffer.c,117,furi_thread_join(app->worker_thread);
unbounded_wait,applications/examples/example_images/example_images.c,33,"furi_message_queue_put(event_queue, input_event, FuriWaitForever);"
critical_or_scheduler_lock,applications/examples/example_thermo/example_thermo.c,92,FURI_CRITICAL_ENTER();
critical_or_scheduler_lock,applications/examples/example_thermo/example_thermo.c,126,FURI_CRITICAL_ENTER();
unbounded_wait,applications/examples/example_thermo/example_thermo.c,271,"furi_message_queue_put(context->event_queue, event, FuriWaitForever);"
unbounded_wait,applications/examples/example_thermo/example_thermo.c,290,"furi_message_queue_get(context->event_queue, &event, FuriWaitForever);"
thread_join,applications/examples/example_thermo/example_thermo.c,307,furi_thread_join(context->reader_thread);
unbounded_wait,applications/external/2048/game_2048.c,57,"furi_message_queue_put(event_queue, input_event, FuriWaitForever);"
unbounded_wait,applications/external/2048/game_2048.c,110,"furi_mutex_acquire(game_state->mutex, FuriWaitForever);"
unbounded_wait,applications/external/2048/game_2048.c,405,"FuriStatus event_status = furi_message_queue_get(event_queue, &input, FuriWaitForever);"
unbounded_wait,applications/external/2048/game_2048.c,410,"furi_mutex_acquire(game_state->mutex, FuriWaitForever);"
unbounded_wait,applications/external/4inrow/4inrow.c,150,"furi_mutex_acquire(fourinrow_state->mutex, FuriWaitForever);"
unbounded_wait,applications/external/4inrow/4inrow.c,217,"furi_message_queue_put(event_queue, input_event, FuriWaitForever);"
blocking_notification,applications/external/4inrow/4inrow.c,253,"notification_message_block(notification, &sequence_display_backlight_enforce_on);"
unbounded_wait,applications/external/4inrow/4inrow.c,259,"if(furi_message_queue_get(event_queue, &event, FuriWaitForever) == FuriStatusOk) {"
unbounded_wait,applications/external/4inrow/4inrow.c,264,"furi_mutex_acquire(fourinrow_state->mutex, FuriWaitForever);"
explicit_delay,applications/external/4inrow/4inrow.c,267,furi_delay_ms(1000);
blocking_notification,applications/external/4inrow/4inrow.c,317,"notification_message_block(notification, &sequence_display_backlight_enforce_auto);"
unbounded_wait,applications/external/air_arkanoid/engine/game_engine.c,123,"furi_thread_flags_wait(GameThreadFlagMask, FuriFlagWaitAny, FuriWaitForever);"
explicit_delay,applications/external/air_arkanoid/engine/game_engine.c,160,furi_delay_tick(2);
explicit_delay,applications/external/air_arkanoid/engine/sensors/ICM42688P/ICM42688P.c,251,furi_delay_ms(1);
explicit_delay,applications/external/air_arkanoid/engine/sensors/ICM42688P/ICM42688P.c,282,furi_delay_ms(45);
explicit_delay,applications/external/air_arkanoid/engine/sensors/imu.c,87,furi_delay_ms(10);
explicit_delay,applications/external/air_arkanoid/engine/sensors/imu.c,98,furi_delay_ms(2);
unbounded_wait,applications/external/air_arkanoid/engine/sensors/imu.c,146,"uint32_t events = furi_thread_flags_wait(FLAGS_ALL, FuriFlagWaitAny, FuriWaitForever);"
thread_join,applications/external/air_arkanoid/engine/sensors/imu.c,182,furi_thread_join(imu->thread);
unbounded_wait,applications/external/air_labyrinth/engine/game_engine.c,145,"furi_thread_flags_wait(GameThreadFlagMask, FuriFlagWaitAny, FuriWaitForever);"
explicit_delay,applications/external/air_labyrinth/engine/game_engine.c,182,furi_delay_tick(2);
explicit_delay,applications/external/air_labyrinth/engine/sensors/ICM42688P/ICM42688P.c,251,furi_delay_ms(1);
explicit_delay,applications/external/air_labyrinth/engine/sensors/ICM42688P/ICM42688P.c,282,furi_delay_ms(45);
explicit_delay,applications/external/air_labyrinth/engine/sensors/imu.c,88,furi_delay_ms(10);
explicit_delay,applications/external/air_labyrinth/engine/sensors/imu.c,99,furi_delay_ms(2);
unbounded_wait,applications/external/air_labyrinth/engine/sensors/imu.c,147,"uint32_t events = furi_thread_flags_wait(FLAGS_ALL, FuriFlagWaitAny, FuriWaitForever);"
thread_join,applications/external/air_labyrinth/engine/sensors/imu.c,183,furi_thread_join(imu->thread);
timer_or_ui_cadence,applications/external/airmouse/air_mouse.c,134,"view_dispatcher_set_tick_event_callback(app->view_dispatcher, NULL, furi_ms_to_ticks(10));"
unbounded_wait,applications/external/airmouse/views/bt_mouse.c,80,"furi_mutex_acquire(bt_mouse->mutex, FuriWaitForever);"
unbounded_wait,applications/external/airmouse/views/bt_mouse.c,164,"furi_mutex_acquire(bt_mouse->mutex, FuriWaitForever);"
unbounded_wait,applications/external/airmouse/views/bt_mouse.c,189,"furi_thread_flags_wait(BT_MOUSE_FLAG_ALL, FuriFlagWaitAny, FuriWaitForever);"
unbounded_wait,applications/external/airmouse/views/bt_mouse.c,194,"furi_mutex_acquire(bt_mouse->mutex, FuriWaitForever);"
thread_join,applications/external/airmouse/views/bt_mouse.c,250,furi_thread_join(bt_mouse->thread);
explicit_delay,applications/external/airmouse/views/bt_mouse.c,269,furi_delay_ms(200);
timer_or_ui_cadence,applications/external/airmouse/views/bt_mouse.c,281,view_dispatcher_set_tick_event_callback(
explicit_delay,applications/external/airmouse/views/bt_mouse.c,289,furi_delay_ms(200);
explicit_delay,applications/external/airmouse/views/bt_mouse.c,295,furi_delay_ms(200);
timer_or_ui_cadence,applications/external/airmouse/views/bt_mouse.c,306,"view_dispatcher_set_tick_event_callback(bt_mouse->view_dispatcher, NULL, FuriWaitForever);"
unbounded_wait,applications/external/airmouse/views/bt_mouse.c,306,"view_dispatcher_set_tick_event_callback(bt_mouse->view_dispatcher, NULL, FuriWaitForever);"
explicit_delay,applications/external/airmouse/views/bt_mouse.c,315,furi_delay_ms(200);
timer_or_ui_cadence,applications/external/airmouse/views/usb_mouse.c,99,view_dispatcher_set_tick_event_callback(
timer_or_ui_cadence,applications/external/airmouse/views/usb_mouse.c,107,"view_dispatcher_set_tick_event_callback(usb_mouse->view_dispatcher, NULL, FuriWaitForever);"
unbounded_wait,applications/external/airmouse/views/usb_mouse.c,107,"view_dispatcher_set_tick_event_callback(usb_mouse->view_dispatcher, NULL, FuriWaitForever);"
timer_or_ui_cadence,applications/external/ami_tool/ami_tool.c,31,view_dispatcher_set_tick_event_callback(
thread_join,applications/external/ami_tool/ami_tool.c,175,furi_thread_join(app->read_thread);
explicit_delay,applications/external/ami_tool/helpers/ami_tool_info.c,1191,furi_delay_ms(100);
thread_join,applications/external/ami_tool/helpers/ami_tool_info.c,1577,furi_thread_join(app->write_thread);
thread_join,applications/external/ami_tool/helpers/ami_tool_info.c,1641,furi_thread_join(app->write_thread);
unbounded_wait,applications/external/ami_tool/helpers/ami_tool_write.c,187,"furi_thread_flags_wait(AMI_TOOL_WRITE_COMPLETE_EVENT, FuriFlagWaitAny, FuriWaitForever);"
unbounded_wait,applications/external/ami_tool/scenes/ami_tool_scene_bluetooth.c,22,"furi_check(furi_mutex_acquire(app->bt_mutex, FuriWaitForever) == FuriStatusOk);"
unbounded_wait,applications/external/ami_tool/scenes/ami_tool_scene_bluetooth.c,31,"furi_check(furi_mutex_acquire(app->bt_mutex, FuriWaitForever) == FuriStatusOk);"
unbounded_wait,applications/external/ami_tool/scenes/ami_tool_scene_bluetooth.c,209,"furi_check(furi_mutex_acquire(app->bt_mutex, FuriWaitForever) == FuriStatusOk);"
unbounded_wait,applications/external/ami_tool/scenes/ami_tool_scene_bluetooth.c,229,"furi_check(furi_mutex_acquire(app->bt_mutex, FuriWaitForever) == FuriStatusOk);"
thread_join,applications/external/ami_tool/scenes/ami_tool_scene_read.c,23,furi_thread_join(app->read_thread);
explicit_delay,applications/external/ami_tool/scenes/ami_tool_scene_read.c,129,furi_delay_ms(100);
unbounded_wait,applications/external/arkanoid/arkanoid_game.c,319,"furi_mutex_acquire(arkanoid_state->mutex, FuriWaitForever);"
unbounded_wait,applications/external/arkanoid/arkanoid_game.c,366,"furi_message_queue_put(event_queue, &event, FuriWaitForever);"
timer_or_ui_cadence,applications/external/arkanoid/arkanoid_game.c,400,"furi_timer_start(timer, furi_kernel_get_tick_frequency() / 22);"
unbounded_wait,applications/external/arkanoid/arkanoid_game.c,412,"furi_mutex_acquire(arkanoid_state->mutex, FuriWaitForever);"
unbounded_wait,applications/external/asteroids/app.c,1512,"furi_message_queue_put(app->event_queue, input_event, FuriWaitForever);"
timer_or_ui_cadence,applications/external/asteroids/app.c,1583,"furi_timer_start(timer, furi_kernel_get_tick_frequency() / 10);"
timer_or_ui_cadence,applications/external/asteroids/app.c,1607,"furi_timer_start(timer, furi_kernel_get_tick_frequency() / 10);"
unbounded_wait,applications/external/atomicdiceroller/flipper_atomicdiceroller.c,47,"furi_mutex_acquire(mutexVal->mutex, FuriWaitForever);"
unbounded_wait,applications/external/atomicdiceroller/flipper_atomicdiceroller.c,127,"furi_message_queue_put(event_queue, &event, FuriWaitForever);"
timer_or_ui_cadence,applications/external/atomicdiceroller/flipper_atomicdiceroller.c,197,"furi_timer_start(timer, 1000);"
explicit_delay,applications/external/atomicdiceroller/flipper_atomicdiceroller.c,206,furi_delay_ms(10);
unbounded_wait,applications/external/atomicdiceroller/flipper_atomicdiceroller.c,231,"FuriStatus event_status = furi_message_queue_get(event_queue, &event, FuriWaitForever);"
unbounded_wait,applications/external/atomicdiceroller/flipper_atomicdiceroller.c,242,"furi_mutex_acquire(mutexVal.mutex, FuriWaitForever);"
timer_or_ui_cadence,applications/external/atomicdiceroller/flipper_atomicdiceroller.c,254,"furi_timer_start(timerPause, 500);"
unbounded_wait,applications/external/atomicdiceroller/flipper_atomicdiceroller.c,265,"furi_mutex_acquire(mutexVal.mutex, FuriWaitForever);"
unbounded_wait,applications/external/atomicdiceroller/flipper_atomicdiceroller.c,281,"furi_mutex_acquire(mutexVal.mutex, FuriWaitForever);"
unbounded_wait,applications/external/atomicdiceroller/flipper_atomicdiceroller.c,297,"furi_mutex_acquire(mutexVal.mutex, FuriWaitForever);"
unbounded_wait,applications/external/atomicdiceroller/flipper_atomicdiceroller.c,313,"furi_mutex_acquire(mutexVal.mutex, FuriWaitForever);"
unbounded_wait,applications/external/atomicdiceroller/flipper_atomicdiceroller.c,324,"furi_mutex_acquire(mutexVal.mutex, FuriWaitForever);"
unbounded_wait,applications/external/atomicdiceroller/flipper_atomicdiceroller.c,332,"furi_mutex_acquire(mutexVal.mutex, FuriWaitForever);"
unbounded_wait,applications/external/atomicdiceroller/flipper_atomicdiceroller.c,363,"furi_mutex_acquire(mutexVal.mutex, FuriWaitForever);"
unbounded_wait,applications/external/atomicdiceroller/flipper_atomicdiceroller.c,383,"furi_mutex_acquire(mutexVal.mutex, FuriWaitForever);"
unbounded_wait,applications/external/atomicdiceroller/flipper_atomicdiceroller.c,420,"furi_mutex_acquire(mutexVal.mutex, FuriWaitForever);"
unbounded_wait,applications/external/atomicdiceroller/flipper_atomicdiceroller.c,436,"furi_mutex_acquire(mutexVal.mutex, FuriWaitForever);"
timer_or_ui_cadence,applications/external/avr_isp/avr_isp_app.c,40,view_dispatcher_set_tick_event_callback(
explicit_delay,applications/external/avr_isp/avr_isp_app.c,101,furi_delay_ms(10);
explicit_delay,applications/external/avr_isp/helpers/avr_isp.c,97,furi_delay_ms(20);
explicit_delay,applications/external/avr_isp/helpers/avr_isp.c,102,furi_delay_ms(1);
explicit_delay,applications/external/avr_isp/helpers/avr_isp.c,108,furi_delay_ms(50);
explicit_delay,applications/external/avr_isp/helpers/avr_isp.c,170,furi_delay_ms(5);
explicit_delay,applications/external/avr_isp/helpers/avr_isp.c,239,furi_delay_ms(100);
explicit_delay,applications/external/avr_isp/helpers/avr_isp.c,252,furi_delay_ms(10);
explicit_delay,applications/external/avr_isp/helpers/avr_isp.c,495,furi_delay_ms(10);
unbounded_wait,applications/external/avr_isp/helpers/avr_isp_worker.c,159,"furi_thread_flags_wait(AVR_ISP_WORKER_ALL_EVENTS, FuriFlagWaitAny, FuriWaitForever);"
explicit_delay,applications/external/avr_isp/helpers/avr_isp_worker.c,197,furi_delay_ms(10);
thread_join,applications/external/avr_isp/helpers/avr_isp_worker.c,198,furi_thread_join(prog_thread);
thread_join,applications/external/avr_isp/helpers/avr_isp_worker.c,250,furi_thread_join(instance->thread);
unbounded_wait,applications/external/avr_isp/helpers/avr_isp_worker_rw.c,71,"furi_thread_flags_wait(AVR_ISP_WORKER_ALL_EVENTS, FuriFlagWaitAny, FuriWaitForever);"
thread_join,applications/external/avr_isp/helpers/avr_isp_worker_rw.c,281,furi_thread_join(instance->thread);
unbounded_wait,applications/external/avr_isp/lib/driver/avr_isp_prog.c,106,"furi_stream_buffer_send(instance->stream_tx, &data, sizeof(uint8_t), FuriWaitForever);"
explicit_delay,applications/external/avr_isp/lib/driver/avr_isp_prog.c,254,furi_delay_ms(20);
explicit_delay,applications/external/avr_isp/lib/driver/avr_isp_prog.c,259,furi_delay_ms(1);
explicit_delay,applications/external/avr_isp/lib/driver/avr_isp_prog.c,265,furi_delay_ms(50);
explicit_delay,applications/external/avr_isp/lib/driver/avr_isp_prog.c,344,furi_delay_ms(5);
explicit_delay,applications/external/avr_isp/lib/driver/avr_isp_prog.c,425,furi_delay_ms(10);
explicit_delay,applications/external/avr_isp/lib/driver/avr_isp_spi_sw.c,52,furi_delay_us(instance->speed_wait_time - 1);
explicit_delay,applications/external/avr_isp/lib/driver/avr_isp_spi_sw.c,58,furi_delay_us(instance->speed_wait_time - 1);
timer_or_ui_cadence,applications/external/avr_isp/scenes/avr_isp_scene_success.c,17,"popup_set_timeout(popup, 1500);"
blocking_notification,applications/external/barcode_gen/barcode_app.c,452,"notification_message_block(barcode_notifications, &sequence_display_backlight_enforce_auto);"
unbounded_wait,applications/external/blackjack/blackjack.c,474,"furi_message_queue_put(event_queue, &event, FuriWaitForever);"
timer_or_ui_cadence,applications/external/blackjack/blackjack.c,573,"furi_timer_start(timer, furi_kernel_get_tick_frequency() / 25);"
unbounded_wait,applications/external/blackjack/blackjack.c,582,"furi_mutex_acquire(game_state->mutex, FuriWaitForever);"
blocking_notification,applications/external/ble_spam/ble_spam.c,193,"notification_message_block(state->ctx.notification, &blink_sequence);"
blocking_notification,applications/external/ble_spam/ble_spam.c,197,"notification_message_block(state->ctx.notification, &sequence_blink_stop);"
thread_join,applications/external/ble_spam/ble_spam.c,260,furi_thread_join(state->thread);
timer_or_ui_cadence,applications/external/ble_spam/ble_spam.c,501,"furi_timer_start(state->lock_timer, 1000);"
timer_or_ui_cadence,applications/external/ble_spam/ble_spam.c,508,"furi_timer_start(state->lock_timer, 1);"
explicit_delay,applications/external/ble_spam/ble_spam.c,581,furi_delay_ms(10);
blocking_notification,applications/external/ble_spam/ble_spam.c,585,"notification_message_block(state->ctx.notification, &sequence_reset_rgb);"
blocking_notification,applications/external/ble_spam/ble_spam.c,621,"notification_message_block(state->ctx.notification, &sequence_display_backlight_off);"
timer_or_ui_cadence,applications/external/ble_spam/ble_spam.c,676,"view_dispatcher_set_tick_event_callback(state->ctx.view_dispatcher, tick_event_callback, 100);"
blocking_notification,applications/external/ble_spam/scenes/config.c,34,"notification_message_block(ctx->notification, &sequence_display_backlight_off);"
unbounded_wait,applications/external/bomberduck/bomberduck.c,274,"furi_mutex_acquire(bomber_state->mutex, FuriWaitForever);"
unbounded_wait,applications/external/bomberduck/bomberduck.c,364,"furi_message_queue_put(event_queue, input_event, FuriWaitForever);"
blocking_notification,applications/external/bomberduck/bomberduck.c,399,"notification_message_block(notification, &sequence_display_backlight_enforce_on);"
unbounded_wait,applications/external/bomberduck/bomberduck.c,406,"furi_mutex_acquire(bomber_state->mutex, FuriWaitForever);"
blocking_notification,applications/external/bomberduck/bomberduck.c,633,"notification_message_block(notification, &sequence_display_backlight_enforce_auto);"
unbounded_wait,applications/external/bpmtapper/bpm.c,130,"furi_message_queue_put(event_queue, &event, FuriWaitForever);"
unbounded_wait,applications/external/bpmtapper/bpm.c,136,"furi_mutex_acquire(bpm_state->mutex, FuriWaitForever);"
unbounded_wait,applications/external/bpmtapper/bpm.c,215,"furi_mutex_acquire(bpm_state->mutex, FuriWaitForever);"
explicit_delay,applications/external/bt_trigger/bt_trigger.c,11,furi_delay_ms(200);
unbounded_wait,applications/external/bt_trigger/bt_trigger.c,43,"furi_check(furi_message_queue_get(event_queue, &event, FuriWaitForever) == FuriStatusOk);"
timer_or_ui_cadence,applications/external/bt_trigger/bt_trigger.c,67,"furi_timer_start(timer, app->delay * 1000);"
explicit_delay,applications/external/bt_trigger/bt_trigger.c,126,furi_delay_ms(200);
unbounded_wait,applications/external/bt_trigger/bt_trigger.c,200,"furi_message_queue_put(event_queue, &event, FuriWaitForever);"
unbounded_wait,applications/external/caesarcipher/caesar_cipher.c,64,"furi_mutex_acquire(caesar_state->mutex, FuriWaitForever);"
unbounded_wait,applications/external/caesarcipher/caesar_cipher.c,79,"furi_mutex_acquire(caesar_state->mutex, FuriWaitForever);"
unbounded_wait,applications/external/calculator/calculator.c,207,"furi_mutex_acquire(calculator_state->mutex, FuriWaitForever);"
unbounded_wait,applications/external/calculator/calculator.c,252,"furi_message_queue_put(event_queue, input_event, FuriWaitForever);"
unbounded_wait,applications/external/calculator/calculator.c,342,"while(furi_message_queue_get(event_queue, &event, FuriWaitForever) == FuriStatusOk) {"
timer_or_ui_cadence,applications/external/camera_suite/camera_suite.c,39,view_dispatcher_set_tick_event_callback(
explicit_delay,applications/external/camera_suite/views/camera_suite_view_camera.c,290,furi_delay_ms(50);
explicit_delay,applications/external/camera_suite/views/camera_suite_view_camera.c,311,furi_delay_ms(50);
explicit_delay,applications/external/camera_suite/views/camera_suite_view_camera.c,317,furi_delay_ms(50);
explicit_delay,applications/external/camera_suite/views/camera_suite_view_camera.c,340,furi_delay_ms(50);
explicit_delay,applications/external/camera_suite/views/camera_suite_view_camera.c,346,furi_delay_ms(50);
explicit_delay,applications/external/camera_suite/views/camera_suite_view_camera.c,370,furi_delay_ms(50);
explicit_delay,applications/external/camera_suite/views/camera_suite_view_camera.c,391,furi_delay_ms(50);
explicit_delay,applications/external/camera_suite/views/camera_suite_view_camera.c,444,furi_delay_ms(50);
explicit_delay,applications/external/camera_suite/views/camera_suite_view_camera.c,449,furi_delay_ms(50);
explicit_delay,applications/external/camera_suite/views/camera_suite_view_camera.c,453,furi_delay_ms(50);
explicit_delay,applications/external/camera_suite/views/camera_suite_view_camera.c,459,furi_delay_ms(50);
unbounded_wait,applications/external/camera_suite/views/camera_suite_view_camera.c,539,"furi_thread_flags_wait(CAMERA_WORKER_EVENTS_MASK, FuriFlagWaitAny, FuriWaitForever);"
thread_join,applications/external/camera_suite/views/camera_suite_view_camera.c,634,furi_thread_join(instance->camera_worker_thread);
unbounded_wait,applications/external/can_commander/can_commander.c,774,"if(furi_mutex_acquire(app->mutex, FuriWaitForever) == FuriStatusOk) {"
unbounded_wait,applications/external/can_commander/can_commander.c,838,"if(furi_mutex_acquire(app->mutex, FuriWaitForever) == FuriStatusOk) {"
explicit_delay,applications/external/can_commander/can_commander.c,851,furi_delay_ms(5);
unbounded_wait,applications/external/can_commander/can_commander.c,865,"if(furi_mutex_acquire(app->mutex, FuriWaitForever) == FuriStatusOk) {"
unbounded_wait,applications/external/can_commander/can_commander.c,879,"if(furi_mutex_acquire(app->mutex, FuriWaitForever) != FuriStatusOk) {"
unbounded_wait,applications/external/can_commander/can_commander.c,897,"if(furi_mutex_acquire(app->mutex, FuriWaitForever) != FuriStatusOk) {"
unbounded_wait,applications/external/can_commander/can_commander.c,914,"if(furi_mutex_acquire(app->mutex, FuriWaitForever) == FuriStatusOk) {"
explicit_delay,applications/external/can_commander/can_commander.c,1069,furi_delay_ms(10);
explicit_delay,applications/external/can_commander/can_commander.c,1122,furi_delay_ms(50);
timer_or_ui_cadence,applications/external/can_commander/can_commander.c,4834,view_dispatcher_set_tick_event_callback(
priority_change,applications/external/can_commander/can_commander.c,4905,"furi_thread_set_priority(app->rx_worker, FuriThreadPriorityNormal);"
thread_join,applications/external/can_commander/can_commander.c,4927,furi_thread_join(app->rx_worker);
explicit_delay,applications/external/can_commander/can_commander.c,5001,furi_delay_ms(10);
explicit_delay,applications/external/can_commander/can_commander.c,5018,furi_delay_ms(400);
unbounded_wait,applications/external/can_commander/libraries/can_commander_uart.c,120,"return furi_mutex_acquire(client->mutex, FuriWaitForever) == FuriStatusOk;"
unbounded_wait,applications/external/can_commander/scenes/monitor_scene.c,7,"if(furi_mutex_acquire(app->mutex, FuriWaitForever) == FuriStatusOk) {"
unbounded_wait,applications/external/can_commander/scenes/monitor_scene.c,19,"if(furi_mutex_acquire(app->mutex, FuriWaitForever) == FuriStatusOk) {"
unbounded_wait,applications/external/can_commander/scenes/monitor_scene.c,29,"if(furi_mutex_acquire(app->mutex, FuriWaitForever) == FuriStatusOk) {"
unbounded_wait,applications/external/can_commander/scenes/monitor_scene.c,55,"if(furi_mutex_acquire(app->mutex, FuriWaitForever) == FuriStatusOk) {"
unbounded_wait,applications/external/can_commander/views/dashboard/dashboard_core.c,8,"if(furi_mutex_acquire(app->mutex, FuriWaitForever) == FuriStatusOk) {"
unbounded_wait,applications/external/can_commander/views/dashboard/dashboard_core.c,193,"if(furi_mutex_acquire(app->mutex, FuriWaitForever) == FuriStatusOk) {"
timer_or_ui_cadence,applications/external/checkers/flipcheckers.c,74,view_dispatcher_set_tick_event_callback(
timer_or_ui_cadence,applications/external/chess/flipchess.c,72,view_dispatcher_set_tick_event_callback(
explicit_delay,applications/external/chess/sam/stm32_sam.cpp,2438,furi_delay_us(f);
unbounded_wait,applications/external/cli_bridge/cli_control.c,17,"furi_stream_buffer_send(cli_tx_stream, buffer, size, FuriWaitForever);"
unbounded_wait,applications/external/cli_bridge/cli_control.c,108,"furi_stream_buffer_receive(cli_tx_stream, &sink, 1, FuriWaitForever);"
unbounded_wait,applications/external/cli_bridge/cli_control.c,120,"furi_stream_buffer_send(cli_rx_stream, &eot, 1, FuriWaitForever);"
unbounded_wait,applications/external/cli_bridge/cli_control.c,121,"furi_stream_buffer_send(cli_rx_stream, &eot, 1, FuriWaitForever);"
unbounded_wait,applications/external/cli_bridge/cli_control.c,122,"furi_stream_buffer_send(cli_rx_stream, &eot, 1, FuriWaitForever);"
unbounded_wait,applications/external/cli_bridge/cli_control.c,148,"furi_stream_buffer_send(cli_rx_stream, ""_"", 1, FuriWaitForever);"
timer_or_ui_cadence,applications/external/cli_bridge/cligui_main.c,82,"view_dispatcher_set_tick_event_callback(cligui->view_dispatcher, cligui_tick_event_cb, 100);"
unbounded_wait,applications/external/cli_bridge/console_output.c,10,"furi_stream_buffer_send(app->data->streams.app_tx, &eot, 1, FuriWaitForever);"
unbounded_wait,applications/external/cli_bridge/text_input.c,14,"furi_stream_buffer_send(app->data->streams.app_tx, data, len, FuriWaitForever);"
unbounded_wait,applications/external/cli_bridge/text_input.c,15,"furi_stream_buffer_send(app->data->streams.app_tx, ""\r\n"", 2, FuriWaitForever);"
timer_or_ui_cadence,applications/external/cntdown_timer/views/countdown_view.c,338,"furi_timer_start(cdv->timer, furi_kernel_get_tick_frequency() * 1); // 1s"
unbounded_wait,applications/external/co2_logger/co2_logger_uart.c,381,"furi_mutex_acquire(app->mutex, FuriWaitForever);"
unbounded_wait,applications/external/co2_logger/co2_logger_uart.c,396,"furi_message_queue_put(app->event_queue, input_event, FuriWaitForever);"
unbounded_wait,applications/external/co2_logger/co2_logger_uart.c,613,"furi_mutex_acquire(state->mutex, FuriWaitForever);"
timer_or_ui_cadence,applications/external/color_guess/color_guess.c,44,view_dispatcher_set_tick_event_callback(
unbounded_wait,applications/external/counter/counter.c,50,"furi_check(furi_mutex_acquire(c->mutex, FuriWaitForever) == FuriStatusOk);"
unbounded_wait,applications/external/counter/counter.c,101,"while(furi_message_queue_get(c->input_queue, &input, FuriWaitForever) == FuriStatusOk) {"
unbounded_wait,applications/external/counter/counter.c,102,"furi_check(furi_mutex_acquire(c->mutex, FuriWaitForever) == FuriStatusOk);"
explicit_delay,applications/external/counter/counter.c,117,furi_delay_ms(VIBRO_TIME_MS);
timer_or_ui_cadence,applications/external/cross_remote/scenes/xremote_scene_wip.c,15,"popup_set_timeout(popup, 100);"
timer_or_ui_cadence,applications/external/cross_remote/xremote.c,37,view_dispatcher_set_tick_event_callback(
unbounded_wait,applications/external/cyborg_detector/cyborg_detector_app.c,35,"furi_message_queue_put(app->event_queue, input_event, FuriWaitForever);"
unbounded_wait,applications/external/dap_link/dap_link.c,214,"events = furi_thread_flags_wait(DapThreadEventAll, FuriFlagWaitAny, FuriWaitForever);"
unbounded_wait,applications/external/dap_link/dap_link.c,406,"events = furi_thread_flags_wait(CdcThreadEventAll, FuriFlagWaitAny, FuriWaitForever);"
thread_join,applications/external/dap_link/dap_link.c,553,furi_thread_join(app->gui_thread);
thread_join,applications/external/dap_link/dap_link.c,560,furi_thread_join(app->dap_thread);
thread_join,applications/external/dap_link/dap_link.c,561,furi_thread_join(app->cdc_thread);
timer_or_ui_cadence,applications/external/dap_link/gui/dap_gui.c,34,view_dispatcher_set_tick_event_callback(
blocking_notification,applications/external/dap_link/gui/dap_gui.c,85,"notification_message_block(app->notifications, &sequence_display_backlight_enforce_on);"
blocking_notification,applications/external/dap_link/gui/dap_gui.c,87,"notification_message_block(app->notifications, &sequence_display_backlight_enforce_auto);"
unbounded_wait,applications/external/dap_link/usb/dap_v2_usb.c,498,"furi_check(furi_semaphore_acquire(dap_state.semaphore_v1, FuriWaitForever) == FuriStatusOk);"
unbounded_wait,applications/external/dap_link/usb/dap_v2_usb.c,512,"furi_check(furi_semaphore_acquire(dap_state.semaphore_v2, FuriWaitForever) == FuriStatusOk);"
unbounded_wait,applications/external/doom/doom.c,771,"furi_mutex_acquire(plugin_state->mutex, FuriWaitForever);"
timer_or_ui_cadence,applications/external/doom/doom.c,975,"furi_timer_start(timer, furi_kernel_get_tick_frequency() / 12);"
unbounded_wait,applications/external/doom/doom.c,998,"furi_mutex_acquire(plugin_state->mutex, FuriWaitForever);"
unbounded_wait,applications/external/doom/doom.c,1001,"furi_mutex_acquire(plugin_state->music_instance->model_mutex, FuriWaitForever) =="
explicit_delay,applications/external/doom/doom_music_player_worker.c,54,furi_delay_ms(10);
explicit_delay,applications/external/doom/doom_music_player_worker.c,84,furi_delay_ms(2);
thread_join,applications/external/doom/doom_music_player_worker.c,503,furi_thread_join(instance->thread);
timer_or_ui_cadence,applications/external/dtmf_dolphin/dtmf_dolphin.c,38,view_dispatcher_set_tick_event_callback(
unbounded_wait,applications/external/em4100_generator/key_generator.c,36,"furi_message_queue_put(event_queue, input_event, FuriWaitForever);"
unbounded_wait,applications/external/esp8266_deauth/esp8266_deauth.c,131,"furi_mutex_acquire(app->mutex, FuriWaitForever);"
unbounded_wait,applications/external/esp8266_deauth/esp8266_deauth.c,215,"furi_message_queue_put(event_queue, &event, FuriWaitForever);"
unbounded_wait,applications/external/esp8266_deauth/esp8266_deauth.c,239,"furi_mutex_acquire(app->mutex, FuriWaitForever);"
unbounded_wait,applications/external/esp8266_deauth/esp8266_deauth.c,257,"WorkerEventStop | WorkerEventRx, FuriFlagWaitAny, FuriWaitForever);"
unbounded_wait,applications/external/esp8266_deauth/esp8266_deauth.c,264,"furi_mutex_acquire(app->mutex, FuriWaitForever);"
timer_or_ui_cadence,applications/external/esp8266_deauth/esp8266_deauth.c,329,"// furi_timer_start(timer, furi_kernel_get_tick_frequency());"
explicit_delay,applications/external/esp8266_deauth/esp8266_deauth.c,362,furi_delay_ms(10);
explicit_delay,applications/external/esp8266_deauth/esp8266_deauth.c,364,furi_delay_ms(200);
unbounded_wait,applications/external/esp8266_deauth/esp8266_deauth.c,414,"furi_mutex_acquire(app->mutex, FuriWaitForever);"
explicit_delay,applications/external/esp8266_deauth/esp8266_deauth.c,426,furi_delay_ms(10);
thread_join,applications/external/esp8266_deauth/esp8266_deauth.c,513,furi_thread_join(app->m_worker_thread);
timer_or_ui_cadence,applications/external/esp_flasher/esp_flasher_app.c,42,view_dispatcher_set_tick_event_callback(
explicit_delay,applications/external/esp_flasher/esp_flasher_app.c,147,furi_delay_ms(10);
explicit_delay,applications/external/esp_flasher/esp_flasher_app.c,149,furi_delay_ms(200);
unbounded_wait,applications/external/esp_flasher/esp_flasher_uart.c,45,"furi_thread_flags_wait(WORKER_ALL_RX_EVENTS, FuriFlagWaitAny, FuriWaitForever);"
thread_join,applications/external/esp_flasher/esp_flasher_uart.c,101,furi_thread_join(uart->rx_thread);
thread_join,applications/external/esp_flasher/esp_flasher_worker.c,372,furi_thread_join(app->flash_worker);
explicit_delay,applications/external/esp_flasher/esp_flasher_worker.c,421,furi_delay_ms(ms);
timer_or_ui_cadence,applications/external/esp_flasher/esp_flasher_worker.c,426,"furi_timer_start(timer, 1);"
explicit_delay,applications/external/esp_flasher/lib/esp-serial-flasher/examples/binaries/source/main/main.c,14,vTaskDelay(1000 / portTICK_PERIOD_MS);
explicit_delay,applications/external/esp_flasher/lib/esp-serial-flasher/examples/binaries/source_ESP8266/main/hello_world_main.c,20,vTaskDelay(1000 / portTICK_PERIOD_MS);
explicit_delay,applications/external/esp_flasher/lib/esp-serial-flasher/examples/esp32_example/main/main.c,87,vTaskDelay(500 / portTICK_PERIOD_MS);
explicit_delay,applications/external/esp_flasher/lib/esp-serial-flasher/examples/esp32_fast_reflash_example/main/main.c,88,vTaskDelay(500 / portTICK_PERIOD_MS);
explicit_delay,applications/external/esp_flasher/lib/esp-serial-flasher/examples/esp32_sdio_example/main/main.c,90,vTaskDelay(500 / portTICK_PERIOD_MS);
explicit_delay,applications/external/esp_flasher/lib/esp-serial-flasher/examples/esp32_stub_example/main/main.c,85,vTaskDelay(500 / portTICK_PERIOD_MS);
unbounded_wait,applications/external/esp_flasher/lib/esp-serial-flasher/examples/esp32_usb_cdc_acm_example/main/main.c,39,"usb_host_lib_handle_events(portMAX_DELAY, &event_flags);"
unbounded_wait,applications/external/esp_flasher/lib/esp-serial-flasher/examples/esp32_usb_cdc_acm_example/main/main.c,115,"xSemaphoreTake(device_disconnected_sem, portMAX_DELAY);"
explicit_delay,applications/external/esp_flasher/lib/esp-serial-flasher/examples/stm32_example/Core/Src/main.c,136,HAL_Delay(500);
explicit_delay,applications/external/esp_flasher/lib/esp-serial-flasher/port/stm32_port.c,94,HAL_Delay(SERIAL_FLASHER_BOOT_HOLD_TIME_MS);
explicit_delay,applications/external/esp_flasher/lib/esp-serial-flasher/port/stm32_port.c,102,HAL_Delay(SERIAL_FLASHER_RESET_HOLD_TIME_MS);
explicit_delay,applications/external/esp_flasher/lib/esp-serial-flasher/port/stm32_port.c,109,HAL_Delay(ms);
explicit_delay,applications/external/esp_flasher/lib/esp-serial-flasher/submodules/stm32-cmake/examples/freertos/main.cpp,42,vTaskDelay(500);
explicit_delay,applications/external/esp_flasher/lib/esp-serial-flasher/submodules/stm32-cmake/tests/bsp/stm32f0xx_hal_conf.h,149,/*  Warning: Must be set to higher priority for HAL_Delay()  */
explicit_delay,applications/external/esp_flasher/lib/esp-serial-flasher/submodules/stm32-cmake/tests/fetch/stm32f0xx_hal_conf.h,149,/*  Warning: Must be set to higher priority for HAL_Delay()  */
explicit_delay,applications/external/esp_flasher/lib/esp-serial-flasher/submodules/stm32-cmake/tests/fetch/stm32mp1xx_hal_conf.h,169,/*  Warning: Must be set to higher priority for HAL_Delay()  */
explicit_delay,applications/external/esp_flasher/lib/esp-serial-flasher/submodules/stm32-cmake/tests/hal/stm32f0xx_hal_conf.h,149,/*  Warning: Must be set to higher priority for HAL_Delay()  */
explicit_delay,applications/external/esp_flasher/lib/esp-serial-flasher/submodules/stm32-cmake/tests/hal/stm32mp1xx_hal_conf.h,169,/*  Warning: Must be set to higher priority for HAL_Delay()  */
explicit_delay,applications/external/esubghz_chat/esubghz_chat.c,170,furi_delay_ms(CHAT_LEAVE_DELAY);
unbounded_wait,applications/external/esubghz_chat/esubghz_chat.c,472,"furi_message_queue_put(bg_app->to_loader, &msg, FuriWaitForever) == FuriStatusOk);"
timer_or_ui_cadence,applications/external/esubghz_chat/esubghz_chat.c,684,view_dispatcher_set_tick_event_callback(
explicit_delay,applications/external/esubghz_chat/helpers/radio_device_loader.c,11,furi_delay_ms(10);
unbounded_wait,applications/external/esubghz_chat/lib/nfclegacy/ST25RFAL002/platform.c,29,"uint32_t flags = furi_thread_flags_wait(0x1, FuriFlagWaitAny, FuriWaitForever);"
priority_change,applications/external/esubghz_chat/lib/nfclegacy/ST25RFAL002/platform.c,52,"furi_thread_set_priority(rfal_platform.thread, FuriThreadPriorityIsr);"
explicit_delay,applications/external/esubghz_chat/lib/nfclegacy/ST25RFAL002/platform.h,106,#define platformDelay(t) furi_delay_ms(t) /*!< Performs a delay for the given time (ms)    */
critical_or_scheduler_lock,applications/external/esubghz_chat/lib/nfclegacy/digital_signal/digital_signal.c,575,FURI_CRITICAL_ENTER();
explicit_delay,applications/external/esubghz_chat/lib/nfclegacy/furi_hal_nfc.c,131,furi_delay_tick(1);
explicit_delay,applications/external/esubghz_chat/lib/nfclegacy/furi_hal_nfc.c,274,furi_delay_tick(1);
explicit_delay,applications/external/esubghz_chat/lib/nfclegacy/furi_hal_nfc.c,325,furi_delay_tick(1);
critical_or_scheduler_lock,applications/external/esubghz_chat/lib/nfclegacy/furi_hal_nfc.c,523,FURI_CRITICAL_ENTER();
explicit_delay,applications/external/esubghz_chat/lib/nfclegacy/furi_hal_nfc.c,715,furi_delay_tick(1);
explicit_delay,applications/external/esubghz_chat/lib/nfclegacy/nfc_worker.c,22,furi_delay_ms(10);
explicit_delay,applications/external/esubghz_chat/lib/nfclegacy/nfc_worker.c,52,furi_delay_ms(10);
thread_join,applications/external/esubghz_chat/lib/nfclegacy/nfc_worker.c,70,furi_thread_join(nfc_worker->thread);
explicit_delay,applications/external/esubghz_chat/lib/nfclegacy/nfc_worker.c,200,furi_delay_ms(100);
explicit_delay,applications/external/esubghz_chat/lib/nfclegacy/nfc_worker.c,250,furi_delay_ms(100);
explicit_delay,applications/external/esubghz_chat/lib/nfclegacy/nfc_worker.c,383,furi_delay_ms(10);
explicit_delay,applications/external/esubghz_chat/lib/nfclegacy/nfc_worker.c,387,furi_delay_ms(10);
timer_or_ui_cadence,applications/external/esubghz_chat/scenes/esubghz_chat_key_read_popup.c,143,"popup_set_timeout(state->nfc_popup, KEY_READ_POPUP_MS);"
timer_or_ui_cadence,applications/external/esubghz_chat/scenes/esubghz_chat_key_read_popup.c,156,"popup_set_timeout(state->nfc_popup, KEY_READ_POPUP_MS);"
unbounded_wait,applications/external/etch_a_sketch/etch_a_sketch.c,91,"furi_mutex_acquire(etch_state->mutex, FuriWaitForever);"
unbounded_wait,applications/external/etch_a_sketch/etch_a_sketch.c,147,"furi_message_queue_put(event_queue, input_event, FuriWaitForever);"
unbounded_wait,applications/external/etch_a_sketch/etch_a_sketch.c,178,"while(furi_message_queue_get(event_queue, &event, FuriWaitForever) == FuriStatusOk) {"
unbounded_wait,applications/external/eth_troubleshooter/eth_troubleshooter_app.c,149,"furi_message_queue_put(event_queue, input_event, FuriWaitForever);"
explicit_delay,applications/external/eth_troubleshooter/eth_troubleshooter_app.c,199,furi_delay_ms(150);
timer_or_ui_cadence,applications/external/eth_troubleshooter/eth_worker.c,36,"furi_timer_start(worker->timer, 1000);"
thread_join,applications/external/eth_troubleshooter/eth_worker.c,220,furi_thread_join(worker->thread);
explicit_delay,applications/external/eth_troubleshooter/eth_worker.c,311,furi_delay_ms(20);
explicit_delay,applications/external/eth_troubleshooter/eth_worker.c,395,furi_delay_ms(300);
explicit_delay,applications/external/eth_troubleshooter/eth_worker.c,397,furi_delay_ms(50);
explicit_delay,applications/external/eth_troubleshooter/eth_worker.c,405,furi_delay_ms(90);
explicit_delay,applications/external/eth_troubleshooter/eth_worker.c,446,// furi_delay_ms(1000);
explicit_delay,applications/external/eth_troubleshooter/eth_worker.c,470,furi_delay_ms(10);
explicit_delay,applications/external/eth_troubleshooter/eth_worker.c,580,furi_delay_ms(5);
explicit_delay,applications/external/eth_troubleshooter/eth_worker_ping.c,6,furi_delay_ms(ms);
timer_or_ui_cadence,applications/external/evil_portal/evil_portal_app.c,51,view_dispatcher_set_tick_event_callback(
unbounded_wait,applications/external/evil_portal/evil_portal_app.c,104,"furi_mutex_acquire(app->portal_logs_mutex, FuriWaitForever);"
explicit_delay,applications/external/evil_portal/evil_portal_app.c,140,furi_delay_ms(10);
explicit_delay,applications/external/evil_portal/evil_portal_app.c,142,furi_delay_ms(200);
unbounded_wait,applications/external/evil_portal/evil_portal_uart.c,93,"furi_thread_flags_wait(WORKER_ALL_RX_EVENTS, FuriFlagWaitAny, FuriWaitForever);"
unbounded_wait,applications/external/evil_portal/evil_portal_uart.c,103,"furi_mutex_acquire(uart->app->portal_logs_mutex, FuriWaitForever);"
unbounded_wait,applications/external/evil_portal/evil_portal_uart.c,115,"furi_mutex_acquire(uart->app->portal_logs_mutex, FuriWaitForever);"
thread_join,applications/external/evil_portal/evil_portal_uart.c,171,furi_thread_join(uart->rx_thread);
unbounded_wait,applications/external/evil_portal/scenes/evil_portal_scene_console_output.c,65,"furi_mutex_acquire(app->portal_logs_mutex, FuriWaitForever);"
explicit_delay,applications/external/evil_portal/scenes/evil_portal_scene_console_output.c,127,furi_delay_ms(100);
explicit_delay,applications/external/evil_portal/scenes/evil_portal_scene_console_output.c,138,furi_delay_ms(100);
explicit_delay,applications/external/evil_portal/scenes/evil_portal_scene_console_output.c,152,furi_delay_ms(100);
explicit_delay,applications/external/evil_portal/scenes/evil_portal_scene_console_output.c,160,furi_delay_ms(100);
unbounded_wait,applications/external/flame_rng/main.c,62,"furi_mutex_acquire(state->mutex, FuriWaitForever);"
unbounded_wait,applications/external/flame_rng/main.c,135,"furi_mutex_acquire(state->mutex, FuriWaitForever);"
unbounded_wait,applications/external/flame_rng/main.c,168,"furi_message_queue_put(event_queue, input_event, FuriWaitForever);"
unbounded_wait,applications/external/flame_rng/main.c,211,"furi_mutex_acquire(state->mutex, FuriWaitForever);"
explicit_delay,applications/external/flame_rng/main.c,218,furi_delay_ms(500);
unbounded_wait,applications/external/flappy_bird/flappy_bird.c,335,"furi_mutex_acquire(game_state->mutex, FuriWaitForever);"
unbounded_wait,applications/external/flappy_bird/flappy_bird.c,519,"furi_message_queue_put(event_queue, &event, FuriWaitForever);"
timer_or_ui_cadence,applications/external/flappy_bird/flappy_bird.c,552,"furi_timer_start(timer, furi_kernel_get_tick_frequency() / 25);"
unbounded_wait,applications/external/flappy_bird/flappy_bird.c,564,"furi_mutex_acquire(game_state->mutex, FuriWaitForever);"
unbounded_wait,applications/external/flashlight/flashlight.c,30,"furi_mutex_acquire(plugin_state->mutex, FuriWaitForever);"
unbounded_wait,applications/external/flashlight/flashlight.c,56,"furi_message_queue_put(event_queue, &event, FuriWaitForever);"
unbounded_wait,applications/external/flashlight/flashlight.c,98,"furi_mutex_acquire(plugin_state->mutex, FuriWaitForever);"
explicit_delay,applications/external/flip_downloader/app.cpp,137,furi_delay_ms(100);
timer_or_ui_cadence,applications/external/flip_downloader/app.cpp,200,"furi_timer_start(timer, 100); // Update every 100ms"
explicit_delay,applications/external/flip_downloader/app.cpp,219,furi_delay_ms(100);
explicit_delay,applications/external/flip_downloader/app.cpp,225,furi_delay_ms(100);
unbounded_wait,applications/external/flip_downloader/flipper_http/flipper_http.c,31,"WorkerEvtStop | WorkerEvtRxDone, FuriFlagWaitAny, FuriWaitForever);"
thread_join,applications/external/flip_downloader/flipper_http/flipper_http.c,207,furi_thread_join(fhttp->rx_thread);
thread_join,applications/external/flip_downloader/flipper_http/flipper_http.c,220,furi_thread_join(fhttp->rx_thread);
thread_join,applications/external/flip_downloader/flipper_http/flipper_http.c,255,furi_thread_join(fhttp->rx_thread);
thread_join,applications/external/flip_downloader/flipper_http/flipper_http.c,276,furi_thread_join(fhttp->rx_thread);
thread_join,applications/external/flip_downloader/flipper_http/flipper_http.c,320,furi_thread_join(fhttp->rx_thread);
timer_or_ui_cadence,applications/external/flip_downloader/flipper_http/flipper_http.c,781,"furi_timer_start(fhttp->get_timeout_timer, TIMEOUT_DURATION_TICKS);"
explicit_delay,applications/external/flip_downloader/flipper_http/flipper_http.c,792,furi_delay_ms(100);
timer_or_ui_cadence,applications/external/flip_downloader/flipper_http/flipper_http.c,1425,"furi_timer_start(fhttp->get_timeout_timer, TIMEOUT_DURATION_TICKS);"
timer_or_ui_cadence,applications/external/flip_downloader/flipper_http/flipper_http.c,1442,"furi_timer_start(fhttp->get_timeout_timer, TIMEOUT_DURATION_TICKS);"
timer_or_ui_cadence,applications/external/flip_downloader/flipper_http/flipper_http.c,1459,"furi_timer_start(fhttp->get_timeout_timer, TIMEOUT_DURATION_TICKS);"
timer_or_ui_cadence,applications/external/flip_downloader/flipper_http/flipper_http.c,1471,"furi_timer_start(fhttp->get_timeout_timer, TIMEOUT_DURATION_TICKS);"
explicit_delay,applications/external/flip_downloader/run/run.cpp,641,furi_delay_ms(10);
timer_or_ui_cadence,applications/external/flip_downloader/text_input/uart_text_input.c,504,"furi_timer_start(uart_text_input->timer, furi_kernel_get_tick_frequency() * 4);"
timer_or_ui_cadence,applications/external/flip_downloader/update/update.c,468,"furi_timer_start(fhttp->get_timeout_timer, TIMEOUT_DURATION_TICKS);"
explicit_delay,applications/external/flip_downloader/update/update.c,471,furi_delay_ms(100);
explicit_delay,applications/external/flip_downloader/update/update.c,485,furi_delay_ms(100);
explicit_delay,applications/external/flip_library/app.c,32,furi_delay_ms(100);
timer_or_ui_cadence,applications/external/flip_library/callback/flip_library_callback.c,1390,"furi_timer_start(model->timer, 250);"
unbounded_wait,applications/external/flip_library/flipper_http/flipper_http.c,166,"WorkerEvtStop | WorkerEvtRxDone, FuriFlagWaitAny, FuriWaitForever);"
thread_join,applications/external/flip_library/flipper_http/flipper_http.c,405,furi_thread_join(fhttp.rx_thread);
thread_join,applications/external/flip_library/flipper_http/flipper_http.c,449,furi_thread_join(fhttp.rx_thread);
timer_or_ui_cadence,applications/external/flip_library/flipper_http/flipper_http.c,1305,"furi_timer_start(fhttp.get_timeout_timer, TIMEOUT_DURATION_TICKS);"
timer_or_ui_cadence,applications/external/flip_library/flipper_http/flipper_http.c,1316,"furi_timer_start(fhttp.get_timeout_timer, TIMEOUT_DURATION_TICKS);"
timer_or_ui_cadence,applications/external/flip_library/flipper_http/flipper_http.c,1327,"furi_timer_start(fhttp.get_timeout_timer, TIMEOUT_DURATION_TICKS);"
timer_or_ui_cadence,applications/external/flip_library/flipper_http/flipper_http.c,1335,"furi_timer_start(fhttp.get_timeout_timer, TIMEOUT_DURATION_TICKS);"
timer_or_ui_cadence,applications/external/flip_library/flipper_http/flipper_http.c,1422,"furi_timer_start(fhttp.get_timeout_timer, TIMEOUT_DURATION_TICKS);"
explicit_delay,applications/external/flip_library/flipper_http/flipper_http.c,1433,furi_delay_ms(100);
timer_or_ui_cadence,applications/external/flip_map/app.cpp,160,"furi_timer_start(timer, 100); // Update every 100ms"
explicit_delay,applications/external/flip_map/app.cpp,241,furi_delay_ms(100);
explicit_delay,applications/external/flip_map/app.cpp,284,furi_delay_ms(100);
explicit_delay,applications/external/flip_map/app.cpp,290,furi_delay_ms(100);
unbounded_wait,applications/external/flip_map/flipper_http/flipper_http.c,31,"WorkerEvtStop | WorkerEvtRxDone, FuriFlagWaitAny, FuriWaitForever);"
thread_join,applications/external/flip_map/flipper_http/flipper_http.c,207,furi_thread_join(fhttp->rx_thread);
thread_join,applications/external/flip_map/flipper_http/flipper_http.c,220,furi_thread_join(fhttp->rx_thread);
thread_join,applications/external/flip_map/flipper_http/flipper_http.c,255,furi_thread_join(fhttp->rx_thread);
thread_join,applications/external/flip_map/flipper_http/flipper_http.c,276,furi_thread_join(fhttp->rx_thread);
thread_join,applications/external/flip_map/flipper_http/flipper_http.c,320,furi_thread_join(fhttp->rx_thread);
timer_or_ui_cadence,applications/external/flip_map/flipper_http/flipper_http.c,782,"furi_timer_start(fhttp->get_timeout_timer, TIMEOUT_DURATION_TICKS);"
explicit_delay,applications/external/flip_map/flipper_http/flipper_http.c,793,furi_delay_ms(100);
timer_or_ui_cadence,applications/external/flip_map/flipper_http/flipper_http.c,1426,"furi_timer_start(fhttp->get_timeout_timer, TIMEOUT_DURATION_TICKS);"
timer_or_ui_cadence,applications/external/flip_map/flipper_http/flipper_http.c,1443,"furi_timer_start(fhttp->get_timeout_timer, TIMEOUT_DURATION_TICKS);"
timer_or_ui_cadence,applications/external/flip_map/flipper_http/flipper_http.c,1460,"furi_timer_start(fhttp->get_timeout_timer, TIMEOUT_DURATION_TICKS);"
timer_or_ui_cadence,applications/external/flip_map/flipper_http/flipper_http.c,1472,"furi_timer_start(fhttp->get_timeout_timer, TIMEOUT_DURATION_TICKS);"
timer_or_ui_cadence,applications/external/flip_map/text_input/uart_text_input.c,504,"furi_timer_start(uart_text_input->timer, furi_kernel_get_tick_frequency() * 4);"
timer_or_ui_cadence,applications/external/flip_social/app.cpp,161,"furi_timer_start(timer, 100); // Update every 100ms"
explicit_delay,applications/external/flip_social/app.cpp,216,furi_delay_ms(100);
explicit_delay,applications/external/flip_social/app.cpp,279,furi_delay_ms(100);
explicit_delay,applications/external/flip_social/app.cpp,285,furi_delay_ms(100);
unbounded_wait,applications/external/flip_social/flipper_http/flipper_http.c,31,"WorkerEvtStop | WorkerEvtRxDone, FuriFlagWaitAny, FuriWaitForever);"
thread_join,applications/external/flip_social/flipper_http/flipper_http.c,207,furi_thread_join(fhttp->rx_thread);
thread_join,applications/external/flip_social/flipper_http/flipper_http.c,220,furi_thread_join(fhttp->rx_thread);
thread_join,applications/external/flip_social/flipper_http/flipper_http.c,255,furi_thread_join(fhttp->rx_thread);
thread_join,applications/external/flip_social/flipper_http/flipper_http.c,276,furi_thread_join(fhttp->rx_thread);
thread_join,applications/external/flip_social/flipper_http/flipper_http.c,320,furi_thread_join(fhttp->rx_thread);
timer_or_ui_cadence,applications/external/flip_social/flipper_http/flipper_http.c,782,"furi_timer_start(fhttp->get_timeout_timer, TIMEOUT_DURATION_TICKS);"
explicit_delay,applications/external/flip_social/flipper_http/flipper_http.c,793,furi_delay_ms(100);
timer_or_ui_cadence,applications/external/flip_social/flipper_http/flipper_http.c,1426,"furi_timer_start(fhttp->get_timeout_timer, TIMEOUT_DURATION_TICKS);"
timer_or_ui_cadence,applications/external/flip_social/flipper_http/flipper_http.c,1443,"furi_timer_start(fhttp->get_timeout_timer, TIMEOUT_DURATION_TICKS);"
timer_or_ui_cadence,applications/external/flip_social/flipper_http/flipper_http.c,1460,"furi_timer_start(fhttp->get_timeout_timer, TIMEOUT_DURATION_TICKS);"
timer_or_ui_cadence,applications/external/flip_social/flipper_http/flipper_http.c,1472,"furi_timer_start(fhttp->get_timeout_timer, TIMEOUT_DURATION_TICKS);"
timer_or_ui_cadence,applications/external/flip_social/text_input/uart_text_input.c,504,"furi_timer_start(uart_text_input->timer, furi_kernel_get_tick_frequency() * 4);"
timer_or_ui_cadence,applications/external/flip_social/update/update.c,466,"furi_timer_start(fhttp->get_timeout_timer, TIMEOUT_DURATION_TICKS);"
explicit_delay,applications/external/flip_social/update/update.c,469,furi_delay_ms(100);
explicit_delay,applications/external/flip_social/update/update.c,483,furi_delay_ms(100);
timer_or_ui_cadence,applications/external/flip_tdi/flip_tdi_app.c,37,view_dispatcher_set_tick_event_callback(
unbounded_wait,applications/external/flip_tdi/helpers/ftdi_bitbang.c,135,"furi_thread_flags_wait(WORKER_EVENTS_MASK, FuriFlagWaitAny, FuriWaitForever);"
thread_join,applications/external/flip_tdi/helpers/ftdi_bitbang.c,190,furi_thread_join(ftdi_bitbang->worker_thread);
unbounded_wait,applications/external/flip_tdi/helpers/ftdi_uart.c,75,"furi_thread_flags_wait(WORKER_EVENTS_MASK, FuriFlagWaitAny, FuriWaitForever);"
thread_join,applications/external/flip_tdi/helpers/ftdi_uart.c,127,furi_thread_join(ftdi_uart->worker_thread);
unbounded_wait,applications/external/flip_tdi/helpers/ftdi_usb.c,71,"uint32_t flags = furi_thread_flags_wait(EventAll, FuriFlagWaitAny, FuriWaitForever);"
thread_join,applications/external/flip_tdi/helpers/ftdi_usb.c,180,furi_thread_join(ftdi_usb->thread);
timer_or_ui_cadence,applications/external/flip_telegram/app.cpp,159,"furi_timer_start(timer, 100); // Update every 100ms"
explicit_delay,applications/external/flip_telegram/app.cpp,214,furi_delay_ms(100);
explicit_delay,applications/external/flip_telegram/app.cpp,277,furi_delay_ms(100);
explicit_delay,applications/external/flip_telegram/app.cpp,283,furi_delay_ms(100);
unbounded_wait,applications/external/flip_telegram/flipper_http/flipper_http.c,31,"WorkerEvtStop | WorkerEvtRxDone, FuriFlagWaitAny, FuriWaitForever);"
thread_join,applications/external/flip_telegram/flipper_http/flipper_http.c,207,furi_thread_join(fhttp->rx_thread);
thread_join,applications/external/flip_telegram/flipper_http/flipper_http.c,220,furi_thread_join(fhttp->rx_thread);
thread_join,applications/external/flip_telegram/flipper_http/flipper_http.c,255,furi_thread_join(fhttp->rx_thread);
thread_join,applications/external/flip_telegram/flipper_http/flipper_http.c,276,furi_thread_join(fhttp->rx_thread);
thread_join,applications/external/flip_telegram/flipper_http/flipper_http.c,368,furi_thread_join(fhttp->rx_thread);
timer_or_ui_cadence,applications/external/flip_telegram/flipper_http/flipper_http.c,830,"furi_timer_start(fhttp->get_timeout_timer, TIMEOUT_DURATION_TICKS);"
explicit_delay,applications/external/flip_telegram/flipper_http/flipper_http.c,841,furi_delay_ms(100);
timer_or_ui_cadence,applications/external/flip_telegram/flipper_http/flipper_http.c,1486,"furi_timer_start(fhttp->get_timeout_timer, TIMEOUT_DURATION_TICKS);"
timer_or_ui_cadence,applications/external/flip_telegram/flipper_http/flipper_http.c,1503,"furi_timer_start(fhttp->get_timeout_timer, TIMEOUT_DURATION_TICKS);"
timer_or_ui_cadence,applications/external/flip_telegram/flipper_http/flipper_http.c,1520,"furi_timer_start(fhttp->get_timeout_timer, TIMEOUT_DURATION_TICKS);"
timer_or_ui_cadence,applications/external/flip_telegram/flipper_http/flipper_http.c,1532,"furi_timer_start(fhttp->get_timeout_timer, TIMEOUT_DURATION_TICKS);"
timer_or_ui_cadence,applications/external/flip_telegram/text_input/uart_text_input.c,504,"furi_timer_start(uart_text_input->timer, furi_kernel_get_tick_frequency() * 4);"
explicit_delay,applications/external/flip_trader/app.c,32,furi_delay_ms(100);
timer_or_ui_cadence,applications/external/flip_trader/callback/flip_trader_callback.c,640,"furi_timer_start(model->timer, 250);"
unbounded_wait,applications/external/flip_trader/flipper_http/flipper_http.c,166,"WorkerEvtStop | WorkerEvtRxDone, FuriFlagWaitAny, FuriWaitForever);"
thread_join,applications/external/flip_trader/flipper_http/flipper_http.c,405,furi_thread_join(fhttp.rx_thread);
thread_join,applications/external/flip_trader/flipper_http/flipper_http.c,449,furi_thread_join(fhttp.rx_thread);
timer_or_ui_cadence,applications/external/flip_trader/flipper_http/flipper_http.c,1305,"furi_timer_start(fhttp.get_timeout_timer, TIMEOUT_DURATION_TICKS);"
timer_or_ui_cadence,applications/external/flip_trader/flipper_http/flipper_http.c,1316,"furi_timer_start(fhttp.get_timeout_timer, TIMEOUT_DURATION_TICKS);"
timer_or_ui_cadence,applications/external/flip_trader/flipper_http/flipper_http.c,1327,"furi_timer_start(fhttp.get_timeout_timer, TIMEOUT_DURATION_TICKS);"
timer_or_ui_cadence,applications/external/flip_trader/flipper_http/flipper_http.c,1335,"furi_timer_start(fhttp.get_timeout_timer, TIMEOUT_DURATION_TICKS);"
timer_or_ui_cadence,applications/external/flip_trader/flipper_http/flipper_http.c,1422,"furi_timer_start(fhttp.get_timeout_timer, TIMEOUT_DURATION_TICKS);"
explicit_delay,applications/external/flip_trader/flipper_http/flipper_http.c,1433,furi_delay_ms(100);
explicit_delay,applications/external/flip_weather/app.c,33,furi_delay_ms(100);
timer_or_ui_cadence,applications/external/flip_weather/callback/flip_weather_callback.c,652,"furi_timer_start(model->timer, 250);"
unbounded_wait,applications/external/flip_weather/flipper_http/flipper_http.c,166,"WorkerEvtStop | WorkerEvtRxDone, FuriFlagWaitAny, FuriWaitForever);"
thread_join,applications/external/flip_weather/flipper_http/flipper_http.c,368,furi_thread_join(fhttp.rx_thread);
thread_join,applications/external/flip_weather/flipper_http/flipper_http.c,412,furi_thread_join(fhttp.rx_thread);
timer_or_ui_cadence,applications/external/flip_weather/flipper_http/flipper_http.c,1331,"furi_timer_start(fhttp.get_timeout_timer, TIMEOUT_DURATION_TICKS);"
timer_or_ui_cadence,applications/external/flip_weather/flipper_http/flipper_http.c,1343,"furi_timer_start(fhttp.get_timeout_timer, TIMEOUT_DURATION_TICKS);"
timer_or_ui_cadence,applications/external/flip_weather/flipper_http/flipper_http.c,1355,"furi_timer_start(fhttp.get_timeout_timer, TIMEOUT_DURATION_TICKS);"
timer_or_ui_cadence,applications/external/flip_weather/flipper_http/flipper_http.c,1363,"furi_timer_start(fhttp.get_timeout_timer, TIMEOUT_DURATION_TICKS);"
timer_or_ui_cadence,applications/external/flip_weather/flipper_http/flipper_http.c,1450,"furi_timer_start(fhttp.get_timeout_timer, TIMEOUT_DURATION_TICKS);"
explicit_delay,applications/external/flip_weather/flipper_http/flipper_http.c,1461,furi_delay_ms(100);
explicit_delay,applications/external/flip_wifi/app.c,36,furi_delay_ms(500);
explicit_delay,applications/external/flip_wifi/app.c,43,furi_delay_ms(100);
timer_or_ui_cadence,applications/external/flip_wifi/callback/alloc.c,142,"furi_timer_start(app->timer, 250);"
explicit_delay,applications/external/flip_wifi/callback/callback.c,63,furi_delay_ms(100);
explicit_delay,applications/external/flip_wifi/callback/callback.c,129,furi_delay_ms(100);
explicit_delay,applications/external/flip_wifi/callback/callback.c,145,furi_delay_ms(100);
explicit_delay,applications/external/flip_wifi/callback/callback.c,272,furi_delay_ms(200);
explicit_delay,applications/external/flip_wifi/callback/callback.c,326,furi_delay_ms(100);
explicit_delay,applications/external/flip_wifi/callback/callback.c,438,furi_delay_ms(100);
explicit_delay,applications/external/flip_wifi/callback/callback.c,451,furi_delay_ms(1000);
explicit_delay,applications/external/flip_wifi/callback/callback.c,475,"furi_delay_ms(50); // cant go faster than this, no matter the chunk size"
explicit_delay,applications/external/flip_wifi/callback/callback.c,660,furi_delay_ms(1000); // wait for the command to be sent
explicit_delay,applications/external/flip_wifi/callback/callback.c,668,furi_delay_ms(100);
explicit_delay,applications/external/flip_wifi/callback/callback.c,829,furi_delay_ms(100);
explicit_delay,applications/external/flip_wifi/callback/free.c,23,furi_delay_ms(100);
timer_or_ui_cadence,applications/external/flip_wifi/callback/loader.c,377,"furi_timer_start(model->timer, 250);"
unbounded_wait,applications/external/flip_wifi/flipper_http/flipper_http.c,31,"WorkerEvtStop | WorkerEvtRxDone, FuriFlagWaitAny, FuriWaitForever);"
thread_join,applications/external/flip_wifi/flipper_http/flipper_http.c,211,furi_thread_join(fhttp->rx_thread);
thread_join,applications/external/flip_wifi/flipper_http/flipper_http.c,234,furi_thread_join(fhttp->rx_thread);
thread_join,applications/external/flip_wifi/flipper_http/flipper_http.c,252,furi_thread_join(fhttp->rx_thread);
thread_join,applications/external/flip_wifi/flipper_http/flipper_http.c,290,furi_thread_join(fhttp->rx_thread);
timer_or_ui_cadence,applications/external/flip_wifi/flipper_http/flipper_http.c,809,"furi_timer_start(fhttp->get_timeout_timer, TIMEOUT_DURATION_TICKS);"
explicit_delay,applications/external/flip_wifi/flipper_http/flipper_http.c,820,furi_delay_ms(100);
timer_or_ui_cadence,applications/external/flip_wifi/flipper_http/flipper_http.c,1462,"furi_timer_start(fhttp->get_timeout_timer, TIMEOUT_DURATION_TICKS);"
timer_or_ui_cadence,applications/external/flip_wifi/flipper_http/flipper_http.c,1479,"furi_timer_start(fhttp->get_timeout_timer, TIMEOUT_DURATION_TICKS);"
timer_or_ui_cadence,applications/external/flip_wifi/flipper_http/flipper_http.c,1496,"furi_timer_start(fhttp->get_timeout_timer, TIMEOUT_DURATION_TICKS);"
timer_or_ui_cadence,applications/external/flip_wifi/flipper_http/flipper_http.c,1508,"furi_timer_start(fhttp->get_timeout_timer, TIMEOUT_DURATION_TICKS);"
timer_or_ui_cadence,applications/external/flip_wifi/update/update.c,375,"furi_timer_start(fhttp->get_timeout_timer, TIMEOUT_DURATION_TICKS);"
explicit_delay,applications/external/flip_wifi/update/update.c,378,furi_delay_ms(100);
explicit_delay,applications/external/flip_wifi/update/update.c,392,furi_delay_ms(100);
explicit_delay,applications/external/flip_world/app.c,44,furi_delay_ms(100);
explicit_delay,applications/external/flip_world/app.c,51,furi_delay_ms(100);
thread_join,applications/external/flip_world/callback/free.c,161,furi_thread_join(game_thread);
thread_join,applications/external/flip_world/callback/free.c,187,furi_thread_join(waiting_thread);
explicit_delay,applications/external/flip_world/callback/game.c,125,furi_delay_ms(1000 * timer_refresh);
thread_join,applications/external/flip_world/callback/game.c,146,furi_thread_join(waiting_thread);
thread_join,applications/external/flip_world/callback/game.c,247,furi_thread_join(game_thread);
explicit_delay,applications/external/flip_world/callback/game.c,582,furi_delay_ms(100);
explicit_delay,applications/external/flip_world/callback/game.c,682,furi_delay_ms(100);
explicit_delay,applications/external/flip_world/callback/game.c,820,furi_delay_ms(100);
explicit_delay,applications/external/flip_world/callback/game.c,857,furi_delay_ms(100);
explicit_delay,applications/external/flip_world/callback/game.c,1171,furi_delay_ms(100);
timer_or_ui_cadence,applications/external/flip_world/callback/loader.c,376,"furi_timer_start(model->timer, 250);"
unbounded_wait,applications/external/flip_world/engine/game_engine.c,123,"furi_thread_flags_wait(GameThreadFlagMask, FuriFlagWaitAny, FuriWaitForever);"
explicit_delay,applications/external/flip_world/engine/game_engine.c,160,furi_delay_tick(2);
explicit_delay,applications/external/flip_world/engine/sensors/ICM42688P/ICM42688P.c,251,furi_delay_ms(1);
explicit_delay,applications/external/flip_world/engine/sensors/ICM42688P/ICM42688P.c,282,furi_delay_ms(45);
explicit_delay,applications/external/flip_world/engine/sensors/imu.c,87,furi_delay_ms(10);
explicit_delay,applications/external/flip_world/engine/sensors/imu.c,98,furi_delay_ms(2);
unbounded_wait,applications/external/flip_world/engine/sensors/imu.c,146,"uint32_t events = furi_thread_flags_wait(FLAGS_ALL, FuriFlagWaitAny, FuriWaitForever);"
thread_join,applications/external/flip_world/engine/sensors/imu.c,182,furi_thread_join(imu->thread);
unbounded_wait,applications/external/flip_world/flipper_http/flipper_http.c,31,"WorkerEvtStop | WorkerEvtRxDone, FuriFlagWaitAny, FuriWaitForever);"
thread_join,applications/external/flip_world/flipper_http/flipper_http.c,211,furi_thread_join(fhttp->rx_thread);
thread_join,applications/external/flip_world/flipper_http/flipper_http.c,234,furi_thread_join(fhttp->rx_thread);
thread_join,applications/external/flip_world/flipper_http/flipper_http.c,252,furi_thread_join(fhttp->rx_thread);
thread_join,applications/external/flip_world/flipper_http/flipper_http.c,287,furi_thread_join(fhttp->rx_thread);
timer_or_ui_cadence,applications/external/flip_world/flipper_http/flipper_http.c,751,"furi_timer_start(fhttp->get_timeout_timer, TIMEOUT_DURATION_TICKS);"
explicit_delay,applications/external/flip_world/flipper_http/flipper_http.c,762,furi_delay_ms(100);
timer_or_ui_cadence,applications/external/flip_world/flipper_http/flipper_http.c,1397,"furi_timer_start(fhttp->get_timeout_timer, TIMEOUT_DURATION_TICKS);"
timer_or_ui_cadence,applications/external/flip_world/flipper_http/flipper_http.c,1414,"furi_timer_start(fhttp->get_timeout_timer, TIMEOUT_DURATION_TICKS);"
timer_or_ui_cadence,applications/external/flip_world/flipper_http/flipper_http.c,1431,"furi_timer_start(fhttp->get_timeout_timer, TIMEOUT_DURATION_TICKS);"
timer_or_ui_cadence,applications/external/flip_world/flipper_http/flipper_http.c,1443,"furi_timer_start(fhttp->get_timeout_timer, TIMEOUT_DURATION_TICKS);"
explicit_delay,applications/external/flip_world/game/enemy.c,305,furi_delay_ms(100);
explicit_delay,applications/external/flip_world/game/enemy.c,366,furi_delay_ms(100);
explicit_delay,applications/external/flip_world/game/enemy.c,585,furi_delay_ms(100);
explicit_delay,applications/external/flip_world/game/game.c,238,furi_delay_ms(800);
explicit_delay,applications/external/flip_world/game/game.c,252,furi_delay_ms(tick_count);
explicit_delay,applications/external/flip_world/game/level.c,182,furi_delay_ms(200);
explicit_delay,applications/external/flip_world/game/level.c,184,furi_delay_ms(200);
explicit_delay,applications/external/flip_world/game/level.c,209,// furi_delay_ms(1000);
explicit_delay,applications/external/flip_world/game/level.c,217,// furi_delay_ms(1000);
explicit_delay,applications/external/flip_world/game/level.c,225,// furi_delay_ms(1000);
explicit_delay,applications/external/flip_world/game/player.c,271,furi_delay_ms(100);
explicit_delay,applications/external/flip_world/game/player.c,430,furi_delay_ms(100);
explicit_delay,applications/external/flip_world/game/player.c,464,furi_delay_ms(100);
explicit_delay,applications/external/flip_world/game/storage.c,461,furi_delay_ms(100);
explicit_delay,applications/external/flip_world/game/world.c,260,furi_delay_ms(100);
timer_or_ui_cadence,applications/external/flip_world/update/update.c,466,"furi_timer_start(fhttp->get_timeout_timer, TIMEOUT_DURATION_TICKS);"
explicit_delay,applications/external/flip_world/update/update.c,469,furi_delay_ms(100);
explicit_delay,applications/external/flip_world/update/update.c,483,furi_delay_ms(100);
timer_or_ui_cadence,applications/external/flipbip/flipbip.c,124,view_dispatcher_set_tick_event_callback(
timer_or_ui_cadence,applications/external/flipboard_blinky/app.c,269,"furi_timer_start(fbm->timer, furi_ms_to_ticks(fbm->period_ms));"
timer_or_ui_cadence,applications/external/flipboard_blinky/app.c,276,"furi_timer_start(fbm->timer, furi_ms_to_ticks(fbm->period_ms));"
timer_or_ui_cadence,applications/external/flipboard_blinky/app.c,324,"furi_timer_start(fbm->timer, furi_ms_to_ticks(fbm->period_ms));"
explicit_delay,applications/external/flipboard_blinky/app.c,378,furi_delay_ms(100);
explicit_delay,applications/external/flipboard_blinky/app.c,384,furi_delay_ms(100);
explicit_delay,applications/external/flipboard_blinky/app.c,390,furi_delay_ms(100);
explicit_delay,applications/external/flipboard_blinky/app.c,396,furi_delay_ms(100);
timer_or_ui_cadence,applications/external/flipboard_blinky/common/app_menu.c,169,"popup_set_timeout(menu->popup, 3000);"
explicit_delay,applications/external/flipboard_blinky/common/bad_usb_hid.c,17,furi_delay_ms(100);
explicit_delay,applications/external/flipboard_blinky/common/bad_usb_hid.c,19,furi_delay_ms(100);
explicit_delay,applications/external/flipboard_blinky/common/bad_usb_hid.c,21,furi_delay_ms(100);
explicit_delay,applications/external/flipboard_blinky/common/bad_usb_hid.c,36,furi_delay_ms(500);
explicit_delay,applications/external/flipboard_blinky/common/bad_usb_hid.c,131,furi_delay_ms(200);
explicit_delay,applications/external/flipboard_blinky/common/bad_usb_hid.c,153,furi_delay_ms(200);
explicit_delay,applications/external/flipboard_blinky/common/bad_usb_hid.c,239,furi_delay_ms(200);
explicit_delay,applications/external/flipboard_blinky/common/bad_usb_hid.c,247,furi_delay_ms(200);
thread_join,applications/external/flipboard_blinky/common/button_monitor.c,42,furi_thread_join(bm->thread);
explicit_delay,applications/external/flipboard_blinky/common/button_monitor.c,91,furi_delay_ms(DEBOUNCE_WAIT_MS);
explicit_delay,applications/external/flipboard_blinky/common/button_monitor.c,123,furi_delay_ms(1);
timer_or_ui_cadence,applications/external/flipboard_blinky/common/flipboard_model.c,235,"furi_timer_start(model->gui_refresh_timer, furi_ms_to_ticks(update_rate_ms));"
explicit_delay,applications/external/flipboard_blinky/common/flipboard_model.c,350,furi_delay_ms(100 * keystroke.count);
unbounded_wait,applications/external/flipboard_blinky/common/infrared_signal.c,160,"resources_acquire(signal->resources, ResourceIdInfrared, FuriWaitForever);"
explicit_delay,applications/external/flipboard_blinky/common/keyboard.c,43,furi_delay_ms(100);
explicit_delay,applications/external/flipboard_blinky/common/keyboard.c,83,furi_delay_ms(PRESS_DELAY_MS);
explicit_delay,applications/external/flipboard_blinky/common/keyboard.c,85,furi_delay_ms(RELEASE_DELAY_MS);
explicit_delay,applications/external/flipboard_blinky/common/keyboard.c,121,furi_delay_ms(PRESS_DELAY_MS);
explicit_delay,applications/external/flipboard_blinky/common/keyboard.c,136,furi_delay_ms(PRESS_DELAY_MS);
explicit_delay,applications/external/flipboard_blinky/common/keyboard.c,150,furi_delay_ms(RELEASE_DELAY_MS);
critical_or_scheduler_lock,applications/external/flipboard_blinky/common/led_driver.c,281,FURI_CRITICAL_ENTER();
unbounded_wait,applications/external/flipboard_blinky/common/leds.c,89,"resources_acquire(leds->resources, ResourceIdLedDriver, FuriWaitForever);"
explicit_delay,applications/external/flipboard_blinky/common/leds.c,120,furi_delay_us(50);
explicit_delay,applications/external/flipboard_blinky/common/leds.c,139,furi_delay_ms(50);
thread_join,applications/external/flipboard_blinky/common/speaker.c,41,furi_thread_join(speaker->thread);
explicit_delay,applications/external/flipboard_blinky/common/speaker.c,91,furi_delay_ms(10);
explicit_delay,applications/external/flipboard_blinky/common/subghz_signal.c,40,furi_delay_ms(50);
explicit_delay,applications/external/flipboard_blinky/common/subghz_signal.c,112,furi_delay_ms(100);
unbounded_wait,applications/external/flipboard_blinky/common/subghz_signal.c,311,"resources_acquire(resources, ResourceIdSubGhzSignal, FuriWaitForever);"
explicit_delay,applications/external/flipboard_keyboard/app.c,159,furi_delay_ms(100);
explicit_delay,applications/external/flipboard_keyboard/app.c,167,furi_delay_ms(100);
timer_or_ui_cadence,applications/external/flipboard_keyboard/common/app_menu.c,169,"popup_set_timeout(menu->popup, 3000);"
explicit_delay,applications/external/flipboard_keyboard/common/bad_usb_hid.c,17,furi_delay_ms(100);
explicit_delay,applications/external/flipboard_keyboard/common/bad_usb_hid.c,19,furi_delay_ms(100);
explicit_delay,applications/external/flipboard_keyboard/common/bad_usb_hid.c,21,furi_delay_ms(100);
explicit_delay,applications/external/flipboard_keyboard/common/bad_usb_hid.c,36,furi_delay_ms(500);
explicit_delay,applications/external/flipboard_keyboard/common/bad_usb_hid.c,131,furi_delay_ms(200);
explicit_delay,applications/external/flipboard_keyboard/common/bad_usb_hid.c,153,furi_delay_ms(200);
explicit_delay,applications/external/flipboard_keyboard/common/bad_usb_hid.c,239,furi_delay_ms(200);
explicit_delay,applications/external/flipboard_keyboard/common/bad_usb_hid.c,247,furi_delay_ms(200);
thread_join,applications/external/flipboard_keyboard/common/button_monitor.c,42,furi_thread_join(bm->thread);
explicit_delay,applications/external/flipboard_keyboard/common/button_monitor.c,91,furi_delay_ms(DEBOUNCE_WAIT_MS);
explicit_delay,applications/external/flipboard_keyboard/common/button_monitor.c,123,furi_delay_ms(1);
timer_or_ui_cadence,applications/external/flipboard_keyboard/common/flipboard_model.c,235,"furi_timer_start(model->gui_refresh_timer, furi_ms_to_ticks(update_rate_ms));"
explicit_delay,applications/external/flipboard_keyboard/common/flipboard_model.c,350,furi_delay_ms(100 * keystroke.count);
unbounded_wait,applications/external/flipboard_keyboard/common/infrared_signal.c,160,"resources_acquire(signal->resources, ResourceIdInfrared, FuriWaitForever);"
explicit_delay,applications/external/flipboard_keyboard/common/keyboard.c,43,furi_delay_ms(100);
explicit_delay,applications/external/flipboard_keyboard/common/keyboard.c,83,furi_delay_ms(PRESS_DELAY_MS);
explicit_delay,applications/external/flipboard_keyboard/common/keyboard.c,85,furi_delay_ms(RELEASE_DELAY_MS);
explicit_delay,applications/external/flipboard_keyboard/common/keyboard.c,121,furi_delay_ms(PRESS_DELAY_MS);
explicit_delay,applications/external/flipboard_keyboard/common/keyboard.c,136,furi_delay_ms(PRESS_DELAY_MS);
explicit_delay,applications/external/flipboard_keyboard/common/keyboard.c,150,furi_delay_ms(RELEASE_DELAY_MS);
critical_or_scheduler_lock,applications/external/flipboard_keyboard/common/led_driver.c,281,FURI_CRITICAL_ENTER();
unbounded_wait,applications/external/flipboard_keyboard/common/leds.c,89,"resources_acquire(leds->resources, ResourceIdLedDriver, FuriWaitForever);"
explicit_delay,applications/external/flipboard_keyboard/common/leds.c,120,furi_delay_us(50);
explicit_delay,applications/external/flipboard_keyboard/common/leds.c,139,furi_delay_ms(50);
thread_join,applications/external/flipboard_keyboard/common/speaker.c,41,furi_thread_join(speaker->thread);
explicit_delay,applications/external/flipboard_keyboard/common/speaker.c,91,furi_delay_ms(10);
explicit_delay,applications/external/flipboard_keyboard/common/subghz_signal.c,40,furi_delay_ms(50);
explicit_delay,applications/external/flipboard_keyboard/common/subghz_signal.c,112,furi_delay_ms(100);
unbounded_wait,applications/external/flipboard_keyboard/common/subghz_signal.c,311,"resources_acquire(resources, ResourceIdSubGhzSignal, FuriWaitForever);"
explicit_delay,applications/external/flipboard_signal/app.c,188,furi_delay_ms(100);
explicit_delay,applications/external/flipboard_signal/app.c,192,furi_delay_ms(100);
explicit_delay,applications/external/flipboard_signal/app.c,196,furi_delay_ms(100);
explicit_delay,applications/external/flipboard_signal/app.c,200,furi_delay_ms(100);
explicit_delay,applications/external/flipboard_signal/app.c,204,furi_delay_ms(100);
explicit_delay,applications/external/flipboard_signal/app.c,208,furi_delay_ms(100);
explicit_delay,applications/external/flipboard_signal/app.c,212,furi_delay_ms(100);
timer_or_ui_cadence,applications/external/flipboard_signal/common/app_menu.c,169,"popup_set_timeout(menu->popup, 3000);"
explicit_delay,applications/external/flipboard_signal/common/bad_usb_hid.c,17,furi_delay_ms(100);
explicit_delay,applications/external/flipboard_signal/common/bad_usb_hid.c,19,furi_delay_ms(100);
explicit_delay,applications/external/flipboard_signal/common/bad_usb_hid.c,21,furi_delay_ms(100);
explicit_delay,applications/external/flipboard_signal/common/bad_usb_hid.c,36,furi_delay_ms(500);
explicit_delay,applications/external/flipboard_signal/common/bad_usb_hid.c,131,furi_delay_ms(200);
explicit_delay,applications/external/flipboard_signal/common/bad_usb_hid.c,153,furi_delay_ms(200);
explicit_delay,applications/external/flipboard_signal/common/bad_usb_hid.c,239,furi_delay_ms(200);
explicit_delay,applications/external/flipboard_signal/common/bad_usb_hid.c,247,furi_delay_ms(200);
thread_join,applications/external/flipboard_signal/common/button_monitor.c,42,furi_thread_join(bm->thread);
explicit_delay,applications/external/flipboard_signal/common/button_monitor.c,91,furi_delay_ms(DEBOUNCE_WAIT_MS);
explicit_delay,applications/external/flipboard_signal/common/button_monitor.c,123,furi_delay_ms(1);
timer_or_ui_cadence,applications/external/flipboard_signal/common/flipboard_model.c,235,"furi_timer_start(model->gui_refresh_timer, furi_ms_to_ticks(update_rate_ms));"
explicit_delay,applications/external/flipboard_signal/common/flipboard_model.c,350,furi_delay_ms(100 * keystroke.count);
unbounded_wait,applications/external/flipboard_signal/common/infrared_signal.c,160,"resources_acquire(signal->resources, ResourceIdInfrared, FuriWaitForever);"
explicit_delay,applications/external/flipboard_signal/common/keyboard.c,43,furi_delay_ms(100);
explicit_delay,applications/external/flipboard_signal/common/keyboard.c,83,furi_delay_ms(PRESS_DELAY_MS);
explicit_delay,applications/external/flipboard_signal/common/keyboard.c,85,furi_delay_ms(RELEASE_DELAY_MS);
explicit_delay,applications/external/flipboard_signal/common/keyboard.c,121,furi_delay_ms(PRESS_DELAY_MS);
explicit_delay,applications/external/flipboard_signal/common/keyboard.c,136,furi_delay_ms(PRESS_DELAY_MS);
explicit_delay,applications/external/flipboard_signal/common/keyboard.c,150,furi_delay_ms(RELEASE_DELAY_MS);
critical_or_scheduler_lock,applications/external/flipboard_signal/common/led_driver.c,281,FURI_CRITICAL_ENTER();
unbounded_wait,applications/external/flipboard_signal/common/leds.c,89,"resources_acquire(leds->resources, ResourceIdLedDriver, FuriWaitForever);"
explicit_delay,applications/external/flipboard_signal/common/leds.c,120,furi_delay_us(50);
explicit_delay,applications/external/flipboard_signal/common/leds.c,139,furi_delay_ms(50);
thread_join,applications/external/flipboard_signal/common/speaker.c,41,furi_thread_join(speaker->thread);
explicit_delay,applications/external/flipboard_signal/common/speaker.c,91,furi_delay_ms(10);
explicit_delay,applications/external/flipboard_signal/common/subghz_signal.c,40,furi_delay_ms(50);
explicit_delay,applications/external/flipboard_signal/common/subghz_signal.c,112,furi_delay_ms(100);
unbounded_wait,applications/external/flipboard_signal/common/subghz_signal.c,311,"resources_acquire(resources, ResourceIdSubGhzSignal, FuriWaitForever);"
explicit_delay,applications/external/flipboard_simon/app.c,78,furi_delay_ms(delay_ms);
explicit_delay,applications/external/flipboard_simon/app.c,83,furi_delay_ms(delay_ms);
explicit_delay,applications/external/flipboard_simon/app.c,317,furi_delay_ms(200);
explicit_delay,applications/external/flipboard_simon/app.c,321,furi_delay_ms(300);
explicit_delay,applications/external/flipboard_simon/app.c,326,furi_delay_ms(300);
explicit_delay,applications/external/flipboard_simon/app.c,331,furi_delay_ms(300);
explicit_delay,applications/external/flipboard_simon/app.c,336,furi_delay_ms(300);
explicit_delay,applications/external/flipboard_simon/app.c,364,furi_delay_ms(200);
explicit_delay,applications/external/flipboard_simon/app.c,370,furi_delay_ms(100);
explicit_delay,applications/external/flipboard_simon/app.c,398,furi_delay_ms(50);
explicit_delay,applications/external/flipboard_simon/app.c,403,furi_delay_ms(100);
explicit_delay,applications/external/flipboard_simon/app.c,425,furi_delay_ms(SIMON_TEACH_DELAY_MS);
explicit_delay,applications/external/flipboard_simon/app.c,443,furi_delay_ms(SIMON_TEACH_DELAY_MS);
timer_or_ui_cadence,applications/external/flipboard_simon/common/app_menu.c,169,"popup_set_timeout(menu->popup, 3000);"
explicit_delay,applications/external/flipboard_simon/common/bad_usb_hid.c,17,furi_delay_ms(100);
explicit_delay,applications/external/flipboard_simon/common/bad_usb_hid.c,19,furi_delay_ms(100);
explicit_delay,applications/external/flipboard_simon/common/bad_usb_hid.c,21,furi_delay_ms(100);
explicit_delay,applications/external/flipboard_simon/common/bad_usb_hid.c,36,furi_delay_ms(500);
explicit_delay,applications/external/flipboard_simon/common/bad_usb_hid.c,131,furi_delay_ms(200);
explicit_delay,applications/external/flipboard_simon/common/bad_usb_hid.c,153,furi_delay_ms(200);
explicit_delay,applications/external/flipboard_simon/common/bad_usb_hid.c,239,furi_delay_ms(200);
explicit_delay,applications/external/flipboard_simon/common/bad_usb_hid.c,247,furi_delay_ms(200);
thread_join,applications/external/flipboard_simon/common/button_monitor.c,42,furi_thread_join(bm->thread);
explicit_delay,applications/external/flipboard_simon/common/button_monitor.c,91,furi_delay_ms(DEBOUNCE_WAIT_MS);
explicit_delay,applications/external/flipboard_simon/common/button_monitor.c,123,furi_delay_ms(1);
timer_or_ui_cadence,applications/external/flipboard_simon/common/flipboard_model.c,235,"furi_timer_start(model->gui_refresh_timer, furi_ms_to_ticks(update_rate_ms));"
explicit_delay,applications/external/flipboard_simon/common/flipboard_model.c,350,furi_delay_ms(100 * keystroke.count);
unbounded_wait,applications/external/flipboard_simon/common/infrared_signal.c,160,"resources_acquire(signal->resources, ResourceIdInfrared, FuriWaitForever);"
explicit_delay,applications/external/flipboard_simon/common/keyboard.c,43,furi_delay_ms(100);
explicit_delay,applications/external/flipboard_simon/common/keyboard.c,83,furi_delay_ms(PRESS_DELAY_MS);
explicit_delay,applications/external/flipboard_simon/common/keyboard.c,85,furi_delay_ms(RELEASE_DELAY_MS);
explicit_delay,applications/external/flipboard_simon/common/keyboard.c,121,furi_delay_ms(PRESS_DELAY_MS);
explicit_delay,applications/external/flipboard_simon/common/keyboard.c,136,furi_delay_ms(PRESS_DELAY_MS);
explicit_delay,applications/external/flipboard_simon/common/keyboard.c,150,furi_delay_ms(RELEASE_DELAY_MS);
critical_or_scheduler_lock,applications/external/flipboard_simon/common/led_driver.c,281,FURI_CRITICAL_ENTER();
unbounded_wait,applications/external/flipboard_simon/common/leds.c,89,"resources_acquire(leds->resources, ResourceIdLedDriver, FuriWaitForever);"
explicit_delay,applications/external/flipboard_simon/common/leds.c,120,furi_delay_us(50);
explicit_delay,applications/external/flipboard_simon/common/leds.c,139,furi_delay_ms(50);
thread_join,applications/external/flipboard_simon/common/speaker.c,41,furi_thread_join(speaker->thread);
explicit_delay,applications/external/flipboard_simon/common/speaker.c,91,furi_delay_ms(10);
explicit_delay,applications/external/flipboard_simon/common/subghz_signal.c,40,furi_delay_ms(50);
explicit_delay,applications/external/flipboard_simon/common/subghz_signal.c,112,furi_delay_ms(100);
unbounded_wait,applications/external/flipboard_simon/common/subghz_signal.c,311,"resources_acquire(resources, ResourceIdSubGhzSignal, FuriWaitForever);"
timer_or_ui_cadence,applications/external/flipper_blackhat/blackhat_app.c,50,view_dispatcher_set_tick_event_callback(
explicit_delay,applications/external/flipper_blackhat/blackhat_app.c,172,furi_delay_ms(10);
explicit_delay,applications/external/flipper_blackhat/blackhat_app.c,174,furi_delay_ms(200);
unbounded_wait,applications/external/flipper_blackhat/blackhat_uart.c,50,"WORKER_ALL_RX_EVENTS, FuriFlagWaitAny, FuriWaitForever"
thread_join,applications/external/flipper_blackhat/blackhat_uart.c,112,furi_thread_join(uart->rx_thread);
explicit_delay,applications/external/flipper_blackhat/scenes/blackhat_scene_rename.c,33,furi_delay_ms(500);
explicit_delay,applications/external/flipper_share/flipper_share.c,462,furi_delay_ms(FS_SUBGHZ_RETRY_DELAY_MS);
explicit_delay,applications/external/flipper_share/flipper_share.c,884,furi_delay_ms(wait_before_request);
explicit_delay,applications/external/flipper_share/flipper_share.c,886,"furi_delay_ms((uint8_t)((furi_get_tick() % 30))); // Random jitter, ms"
explicit_delay,applications/external/flipper_share/scenes/flipper_share_scene_receive.c,59,furi_delay_ms(FS_IDLE_OPERATION);
thread_join,applications/external/flipper_share/scenes/flipper_share_scene_receive.c,145,furi_thread_join(state->worker_thread);
timer_or_ui_cadence,applications/external/flipper_share/scenes/flipper_share_scene_receive.c,212,"furi_timer_start(app->timer, 250);"
thread_join,applications/external/flipper_share/scenes/flipper_share_scene_receive.c,313,furi_thread_join(state->worker_thread);
thread_join,applications/external/flipper_share/scenes/flipper_share_scene_receive.c,350,furi_thread_join(state->worker_thread);
explicit_delay,applications/external/flipper_share/scenes/flipper_share_scene_send.c,51,furi_delay_ms(FS_IDLE_OPERATION);
timer_or_ui_cadence,applications/external/flipper_share/scenes/flipper_share_scene_send.c,91,"furi_timer_start(app->timer, 250);"
thread_join,applications/external/flipper_share/scenes/flipper_share_scene_send.c,166,furi_thread_join(state->worker_thread);
thread_join,applications/external/flipper_share/scenes/flipper_share_scene_send.c,197,furi_thread_join(state->worker_thread);
thread_join,applications/external/flipper_share/subghz_share.c,107,// furi_thread_join(subghz_chat->thread); // optional
timer_or_ui_cadence,applications/external/flipper_wedge/flipper_wedge.c,56,view_dispatcher_set_tick_event_callback(
explicit_delay,applications/external/flipper_wedge/flipper_wedge.c,179,furi_delay_ms(300);
unbounded_wait,applications/external/flipper_wedge/helpers/flipper_wedge_debug.c,64,"furi_mutex_acquire(debug_mutex, FuriWaitForever);"
unbounded_wait,applications/external/flipper_wedge/helpers/flipper_wedge_debug.c,96,"furi_mutex_acquire(debug_mutex, FuriWaitForever);"
unbounded_wait,applications/external/flipper_wedge/helpers/flipper_wedge_debug.c,136,"furi_mutex_acquire(debug_mutex, FuriWaitForever);"
explicit_delay,applications/external/flipper_wedge/helpers/flipper_wedge_hid.c,146,furi_delay_ms(200);
explicit_delay,applications/external/flipper_wedge/helpers/flipper_wedge_hid.c,200,furi_delay_ms(200);  // CRITICAL delay for NVM sync
explicit_delay,applications/external/flipper_wedge/helpers/flipper_wedge_hid.c,207,furi_delay_ms(200);
explicit_delay,applications/external/flipper_wedge/helpers/flipper_wedge_hid.c,275,furi_delay_ms(HID_TYPE_DELAY_MS);
unbounded_wait,applications/external/flipper_wedge/helpers/flipper_wedge_hid_worker.c,37,FuriWaitForever);
explicit_delay,applications/external/flipper_wedge/helpers/flipper_wedge_hid_worker.c,98,furi_delay_ms(100);
thread_join,applications/external/flipper_wedge/helpers/flipper_wedge_hid_worker.c,119,furi_thread_join(worker->thread);
unbounded_wait,applications/external/flipper_wedge/helpers/flipper_wedge_log.c,64,"furi_mutex_acquire(log_mutex, FuriWaitForever);"
unbounded_wait,applications/external/flipper_wedge/helpers/flipper_wedge_log.c,117,"furi_mutex_acquire(log_mutex, FuriWaitForever);"
explicit_delay,applications/external/flipper_wedge/helpers/flipper_wedge_nfc.c,358,furi_delay_ms(NDEF_T4_RETRY_DELAY_MS);
timer_or_ui_cadence,applications/external/flipper_wedge/scenes/flipper_wedge_scene_startscreen.c,55,"furi_timer_start(app->display_timer, furi_ms_to_ticks(300));"
timer_or_ui_cadence,applications/external/flipper_wedge/scenes/flipper_wedge_scene_startscreen.c,61,"furi_timer_start(app->display_timer, furi_ms_to_ticks(200));"
timer_or_ui_cadence,applications/external/flipper_wedge/scenes/flipper_wedge_scene_startscreen.c,68,"furi_timer_start(app->display_timer, furi_ms_to_ticks(300));"
explicit_delay,applications/external/flipper_wedge/scenes/flipper_wedge_scene_startscreen.c,236,furi_delay_ms(50);
timer_or_ui_cadence,applications/external/flipper_wedge/scenes/flipper_wedge_scene_startscreen.c,275,"furi_timer_start(app->display_timer, furi_ms_to_ticks(200));"
timer_or_ui_cadence,applications/external/flipper_wedge/scenes/flipper_wedge_scene_startscreen.c,443,"furi_timer_start(app->display_timer, furi_ms_to_ticks(500));"
timer_or_ui_cadence,applications/external/flipper_wedge/scenes/flipper_wedge_scene_startscreen.c,463,"furi_timer_start(app->timeout_timer, furi_ms_to_ticks(5000));"
timer_or_ui_cadence,applications/external/flipper_wedge/scenes/flipper_wedge_scene_startscreen.c,501,"furi_timer_start(app->timeout_timer, furi_ms_to_ticks(5000));"
timer_or_ui_cadence,applications/external/flizzer_tracker/init_deinit.c,24,view_dispatcher_set_tick_event_callback(
unbounded_wait,applications/external/flizzer_tracker/input_event.c,133,"furi_message_queue_put(tracker->event_queue, &event, FuriWaitForever);"
unbounded_wait,applications/external/fm_transmitter/radio.c,251,"furi_message_queue_put(app->event_queue, input_event, FuriWaitForever);"
unbounded_wait,applications/external/fm_transmitter/radio.c,282,"FuriStatus status = furi_message_queue_get(app->event_queue, &event, FuriWaitForever);"
unbounded_wait,applications/external/fm_transmitter/radio.c,287,"if(furi_mutex_acquire(app->state_mutex, FuriWaitForever) == FuriStatusOk) {"
unbounded_wait,applications/external/fm_transmitter/radio.c,304,"if(furi_mutex_acquire(app->state_mutex, FuriWaitForever) != FuriStatusOk) {"
unbounded_wait,applications/external/fm_transmitter/radio.c,369,"if(furi_mutex_acquire(app->state_mutex, FuriWaitForever) == FuriStatusOk) {"
explicit_delay,applications/external/fm_transmitter/radio.c,381,furi_delay_ms(5);  // let it settle after wakeup
unbounded_wait,applications/external/fm_transmitter/radio.c,385,"if(furi_mutex_acquire(app->state_mutex, FuriWaitForever) == FuriStatusOk) {"
timer_or_ui_cadence,applications/external/fmatrix/fmatrix.c,465,"furi_timer_start(app->timer, 50);"
explicit_delay,applications/external/fmatrix/fmatrix.c,468,furi_delay_ms(10);
timer_or_ui_cadence,applications/external/free_roam/app.cpp,151,"furi_timer_start(timer, 100); // Update every 100ms"
explicit_delay,applications/external/free_roam/app.cpp,213,furi_delay_ms(100);
explicit_delay,applications/external/free_roam/app.cpp,219,furi_delay_ms(100);
unbounded_wait,applications/external/free_roam/flipper_http/flipper_http.c,31,"WorkerEvtStop | WorkerEvtRxDone, FuriFlagWaitAny, FuriWaitForever);"
thread_join,applications/external/free_roam/flipper_http/flipper_http.c,207,furi_thread_join(fhttp->rx_thread);
thread_join,applications/external/free_roam/flipper_http/flipper_http.c,220,furi_thread_join(fhttp->rx_thread);
thread_join,applications/external/free_roam/flipper_http/flipper_http.c,255,furi_thread_join(fhttp->rx_thread);
thread_join,applications/external/free_roam/flipper_http/flipper_http.c,276,furi_thread_join(fhttp->rx_thread);
thread_join,applications/external/free_roam/flipper_http/flipper_http.c,320,furi_thread_join(fhttp->rx_thread);
timer_or_ui_cadence,applications/external/free_roam/flipper_http/flipper_http.c,753,"furi_timer_start(fhttp->get_timeout_timer, TIMEOUT_DURATION_TICKS);"
explicit_delay,applications/external/free_roam/flipper_http/flipper_http.c,764,furi_delay_ms(100);
timer_or_ui_cadence,applications/external/free_roam/flipper_http/flipper_http.c,1397,"furi_timer_start(fhttp->get_timeout_timer, TIMEOUT_DURATION_TICKS);"
timer_or_ui_cadence,applications/external/free_roam/flipper_http/flipper_http.c,1414,"furi_timer_start(fhttp->get_timeout_timer, TIMEOUT_DURATION_TICKS);"
timer_or_ui_cadence,applications/external/free_roam/flipper_http/flipper_http.c,1431,"furi_timer_start(fhttp->get_timeout_timer, TIMEOUT_DURATION_TICKS);"
timer_or_ui_cadence,applications/external/free_roam/flipper_http/flipper_http.c,1443,"furi_timer_start(fhttp->get_timeout_timer, TIMEOUT_DURATION_TICKS);"
timer_or_ui_cadence,applications/external/free_roam/text_input/uart_text_input.c,504,"furi_timer_start(uart_text_input->timer, furi_kernel_get_tick_frequency() * 4);"
blocking_notification,applications/external/game15/game15.c,443,"notification_message_block(notification, &sequence_display_backlight_enforce_on);"
blocking_notification,applications/external/game15/game15.c,447,"notification_message_block(notification, &sequence_display_backlight_enforce_auto);"
unbounded_wait,applications/external/game15/sandbox.c,26,"furi_message_queue_put(sandbox_event_queue, &event, FuriWaitForever);"
unbounded_wait,applications/external/game15/sandbox.c,45,"furi_mutex_acquire(sandbox_mutex, FuriWaitForever);"
timer_or_ui_cadence,applications/external/game15/sandbox.c,77,"furi_timer_start(sandbox_timer, furi_kernel_get_tick_frequency() / fps);"
unbounded_wait,applications/external/game15/sandbox.c,89,"if(furi_mutex_acquire(sandbox_mutex, FuriWaitForever) == FuriStatusOk) {"
unbounded_wait,applications/external/game_of_life/game_of_life.c,99,"furi_mutex_acquire(state->mutex, FuriWaitForever);"
unbounded_wait,applications/external/game_of_life/game_of_life.c,138,"furi_mutex_acquire(_state->mutex, FuriWaitForever);"
unbounded_wait,applications/external/geiger/flipper_geiger.c,54,"furi_mutex_acquire(mutexVal->mutex, FuriWaitForever);"
unbounded_wait,applications/external/geiger/flipper_geiger.c,159,"furi_message_queue_put(event_queue, &event, FuriWaitForever);"
timer_or_ui_cadence,applications/external/geiger/flipper_geiger.c,225,"furi_timer_start(timer, 1000);"
explicit_delay,applications/external/geiger/flipper_geiger.c,233,furi_delay_ms(10);
unbounded_wait,applications/external/geiger/flipper_geiger.c,245,"FuriStatus event_status = furi_message_queue_get(event_queue, &event, FuriWaitForever);"
unbounded_wait,applications/external/geiger/flipper_geiger.c,256,"furi_mutex_acquire(mutexVal.mutex, FuriWaitForever);"
unbounded_wait,applications/external/geiger/flipper_geiger.c,298,"furi_mutex_acquire(mutexVal.mutex, FuriWaitForever);"
unbounded_wait,applications/external/geiger/flipper_geiger.c,309,"furi_mutex_acquire(mutexVal.mutex, FuriWaitForever);"
unbounded_wait,applications/external/geiger/flipper_geiger.c,319,"furi_mutex_acquire(mutexVal.mutex, FuriWaitForever);"
unbounded_wait,applications/external/geiger/flipper_geiger.c,327,"furi_mutex_acquire(mutexVal.mutex, FuriWaitForever);"
unbounded_wait,applications/external/geiger/flipper_geiger.c,333,"furi_mutex_acquire(mutexVal.mutex, FuriWaitForever);"
unbounded_wait,applications/external/geiger/flipper_geiger.c,348,"furi_mutex_acquire(mutexVal.mutex, FuriWaitForever);"
unbounded_wait,applications/external/geometry_flip/main.c,23,"furi_message_queue_put(event_queue, input_event, FuriWaitForever);"
timer_or_ui_cadence,applications/external/ghost_esp/gui_modules/mainmenu.c,613,"furi_timer_start(main_menu->locked_timer, furi_kernel_get_tick_frequency() * 3);"
explicit_delay,applications/external/ghost_esp/src/main.c,47,furi_delay_ms(20);
explicit_delay,applications/external/ghost_esp/src/main.c,49,furi_delay_ms(50); // Reduced stabilization time
explicit_delay,applications/external/ghost_esp/src/main.c,294,furi_delay_ms(5); // Short delay to let events clear
explicit_delay,applications/external/ghost_esp/src/main.c,314,furi_delay_ms(50); // Add delay between commands
explicit_delay,applications/external/ghost_esp/src/main.c,320,furi_delay_ms(100); // Extra delay after sending all stop commands
explicit_delay,applications/external/ghost_esp/src/menu.c,1498,furi_delay_ms(100);
explicit_delay,applications/external/ghost_esp/src/menu.c,1557,furi_delay_ms(100);
explicit_delay,applications/external/ghost_esp/src/menu.c,1751,furi_delay_ms(100);
explicit_delay,applications/external/ghost_esp/src/menu.c,1833,furi_delay_ms(100);
explicit_delay,applications/external/ghost_esp/src/menu.c,2250,furi_delay_ms(100);
explicit_delay,applications/external/ghost_esp/src/menu.c,2833,furi_delay_ms(10);
explicit_delay,applications/external/ghost_esp/src/menu.c,2844,furi_delay_ms(5);
explicit_delay,applications/external/ghost_esp/src/menu.c,2879,furi_delay_ms(5);
explicit_delay,applications/external/ghost_esp/src/menu.c,2891,furi_delay_ms(5);
explicit_delay,applications/external/ghost_esp/src/menu.c,2903,furi_delay_ms(5);
explicit_delay,applications/external/ghost_esp/src/menu.c,2915,furi_delay_ms(5);
explicit_delay,applications/external/ghost_esp/src/menu.c,2937,furi_delay_ms(10);
explicit_delay,applications/external/ghost_esp/src/menu.c,2947,furi_delay_ms(5);
unbounded_wait,applications/external/ghost_esp/src/uart_utils.c,176,"furi_mutex_acquire(manager->mutex, FuriWaitForever);"
unbounded_wait,applications/external/ghost_esp/src/uart_utils.c,252,"furi_mutex_acquire(uart->text_manager->mutex, FuriWaitForever);"
unbounded_wait,applications/external/ghost_esp/src/uart_utils.c,278,"furi_mutex_acquire(uart->text_manager->mutex, FuriWaitForever);"
unbounded_wait,applications/external/ghost_esp/src/uart_utils.c,331,"furi_mutex_acquire(uart->text_manager->mutex, FuriWaitForever);"
unbounded_wait,applications/external/ghost_esp/src/uart_utils.c,399,"furi_mutex_acquire(mgr->mutex, FuriWaitForever);"
unbounded_wait,applications/external/ghost_esp/src/uart_utils.c,418,"furi_thread_flags_wait(WORKER_ALL_RX_EVENTS, FuriFlagWaitAny, FuriWaitForever);"
unbounded_wait,applications/external/ghost_esp/src/uart_utils.c,489,"furi_mutex_acquire(mgr->mutex, FuriWaitForever);"
thread_join,applications/external/ghost_esp/src/uart_utils.c,611,FuriStatus status = furi_thread_join(uart->rx_thread);
explicit_delay,applications/external/ghost_esp/src/uart_utils.c,674,furi_delay_ms(5);
unbounded_wait,applications/external/ghost_esp/src/uart_utils.c,695,"furi_mutex_acquire(uart->text_manager->mutex, FuriWaitForever);"
explicit_delay,applications/external/ghost_esp/src/uart_utils.c,707,furi_delay_ms(50);
unbounded_wait,applications/external/ghost_esp/src/uart_utils.c,725,"furi_mutex_acquire(uart->text_manager->mutex, FuriWaitForever);"
explicit_delay,applications/external/ghost_esp/src/uart_utils.c,737,furi_delay_ms(5); // Shorter sleep interval
explicit_delay,applications/external/ghost_esp/src/uart_utils.c,895,furi_delay_ms(5);
explicit_delay,applications/external/gpio_badge/gpio_badge.c,82,furi_delay_ms(speed);
explicit_delay,applications/external/gpio_badge/gpio_badge.c,106,furi_delay_ms(speed);
explicit_delay,applications/external/gpio_badge/gpio_badge.c,127,furi_delay_ms(speed);
explicit_delay,applications/external/gpio_badge/gpio_badge.c,150,furi_delay_ms(speed);
explicit_delay,applications/external/gpio_controller/gpio_controller.c,241,furi_delay_ms(FRAME_TIME - delta_time_ms);
unbounded_wait,applications/external/gpio_controller/gpio_controller.c,350,"furi_message_queue_put(event_queue, event, FuriWaitForever);"
timer_or_ui_cadence,applications/external/gpio_explorer/app.c,595,"furi_timer_start(app->timer, period);"
unbounded_wait,applications/external/gpio_reader_a/GPIO_reader.c,26,"furi_mutex_acquire(plugin_state->mutex, FuriWaitForever);"
unbounded_wait,applications/external/gpio_reader_a/GPIO_reader.c,71,"furi_message_queue_put(event_queue, &event, FuriWaitForever);"
unbounded_wait,applications/external/gpio_reader_a/GPIO_reader.c,105,"furi_mutex_acquire(plugin_state->mutex, FuriWaitForever);"
timer_or_ui_cadence,applications/external/gpio_reader_b/gpio_app.c,39,view_dispatcher_set_tick_event_callback(
unbounded_wait,applications/external/gpio_reader_b/usb_uart_bridge.c,185,"furi_thread_flags_wait(WORKER_ALL_RX_EVENTS, FuriFlagWaitAny, FuriWaitForever);"
unbounded_wait,applications/external/gpio_reader_b/usb_uart_bridge.c,195,"furi_mutex_acquire(usb_uart->usb_mutex, FuriWaitForever) == FuriStatusOk);"
thread_join,applications/external/gpio_reader_b/usb_uart_bridge.c,206,furi_thread_join(usb_uart->tx_thread);
thread_join,applications/external/gpio_reader_b/usb_uart_bridge.c,218,furi_thread_join(usb_uart->tx_thread);
thread_join,applications/external/gpio_reader_b/usb_uart_bridge.c,268,furi_thread_join(usb_uart->tx_thread);
unbounded_wait,applications/external/gpio_reader_b/usb_uart_bridge.c,290,"furi_thread_flags_wait(WORKER_ALL_TX_EVENTS, FuriFlagWaitAny, FuriWaitForever);"
unbounded_wait,applications/external/gpio_reader_b/usb_uart_bridge.c,294,"furi_check(furi_mutex_acquire(usb_uart->usb_mutex, FuriWaitForever) == FuriStatusOk);"
thread_join,applications/external/gpio_reader_b/usb_uart_bridge.c,350,furi_thread_join(usb_uart->thread);
unbounded_wait,applications/external/gps_nmea/gps.c,23,"furi_mutex_acquire(gps_uart->mutex, FuriWaitForever);"
unbounded_wait,applications/external/gps_nmea/gps.c,131,"furi_message_queue_put(event_queue, &event, FuriWaitForever);"
explicit_delay,applications/external/gps_nmea/gps.c,159,furi_delay_ms(10);
explicit_delay,applications/external/gps_nmea/gps.c,161,furi_delay_ms(200);
unbounded_wait,applications/external/gps_nmea/gps.c,176,"furi_mutex_acquire(gps_uart->mutex, FuriWaitForever);"
blocking_notification,applications/external/gps_nmea/gps.c,188,notification_message_block(
blocking_notification,applications/external/gps_nmea/gps.c,192,notification_message_block(
explicit_delay,applications/external/gps_nmea/gps.c,202,furi_delay_ms(1000);
explicit_delay,applications/external/gps_nmea/gps.c,224,furi_delay_ms(1000);
explicit_delay,applications/external/gps_nmea/gps.c,236,furi_delay_ms(1000);
explicit_delay,applications/external/gps_nmea/gps.c,251,furi_delay_ms(1000);
blocking_notification,applications/external/gps_nmea/gps.c,269,"notification_message_block(gps_uart->notifications, &sequence_display_backlight_enforce_auto);"
blocking_notification,applications/external/gps_nmea/gps_uart.c,58,"notification_message_block(gps_uart->notifications, &sequence_blink_green_10);"
blocking_notification,applications/external/gps_nmea/gps_uart.c,75,"notification_message_block(gps_uart->notifications, &sequence_blink_magenta_10);"
blocking_notification,applications/external/gps_nmea/gps_uart.c,88,"notification_message_block(gps_uart->notifications, &sequence_blink_red_10);"
unbounded_wait,applications/external/gps_nmea/gps_uart.c,104,"furi_thread_flags_wait(WORKER_ALL_RX_EVENTS, FuriFlagWaitAny, FuriWaitForever);"
thread_join,applications/external/gps_nmea/gps_uart.c,205,furi_thread_join(gps_uart->thread);
explicit_delay,applications/external/hc11_modem/config_save_restore.c,180,furi_delay_ms(500);
unbounded_wait,applications/external/hc11_modem/hc11_radio_comm.c,352,"FuriFlagWaitAny, FuriWaitForever);"
unbounded_wait,applications/external/hc11_modem/hc11_radio_comm.c,554,"l, FuriWaitForever);"
unbounded_wait,applications/external/hc11_modem/hc11_radio_comm.c,570,FuriWaitForever);
unbounded_wait,applications/external/hc11_modem/hc11_radio_comm.c,813,"furi_semaphore_acquire(app->cc1101_sent_sem, FuriWaitForever);"
priority_change,applications/external/hc11_modem/hc11_radio_comm.c,855,"furi_thread_set_priority(app->hc11_rx_tx_thread, FuriThreadPriorityIsr);"
thread_join,applications/external/hc11_modem/hc11_radio_comm.c,911,furi_thread_join(app->hc11_rx_tx_thread);
thread_join,applications/external/hc11_modem/hc11_radio_comm.c,916,furi_thread_join(app->main_rx_thread);
timer_or_ui_cadence,applications/external/hc11_modem/led_control.c,82,"furi_timer_start(ldc->led_off_timer, ldc->min_led_flash_duration);"
unbounded_wait,applications/external/hc11_modem/passthru_view.c,181,FuriWaitForever) == FuriStatusOk);
explicit_delay,applications/external/hc11_modem/passthru_view.c,424,furi_delay_ms(100);
thread_join,applications/external/hc11_modem/passthru_view.c,562,furi_thread_join(passthru_model->vcp_rx_tx_thread);
explicit_delay,applications/external/hc11_modem/passthru_view.c,590,furi_delay_ms(100);
unbounded_wait,applications/external/hc11_modem/passthru_view.c,661,FuriWaitForever) == FuriStatusOk);
unbounded_wait,applications/external/hc_sr04/hc_sr04.c,60,"furi_mutex_acquire(plugin_state->mutex, FuriWaitForever);"
unbounded_wait,applications/external/hc_sr04/hc_sr04.c,120,"furi_message_queue_put(event_queue, &event, FuriWaitForever);"
critical_or_scheduler_lock,applications/external/hc_sr04/hc_sr04.c,172,//FURI_CRITICAL_ENTER();
explicit_delay,applications/external/hc_sr04/hc_sr04.c,175,furi_delay_ms(10);
unbounded_wait,applications/external/hc_sr04/hc_sr04.c,249,"furi_mutex_acquire(plugin_state->mutex, FuriWaitForever);"
unbounded_wait,applications/external/heap_defence/heap_defence.c,444,"furi_mutex_acquire(game->mutex, FuriWaitForever);"
unbounded_wait,applications/external/heap_defence/heap_defence.c,500,"furi_message_queue_put(event_queue, &event, FuriWaitForever);"
timer_or_ui_cadence,applications/external/heap_defence/heap_defence.c,533,"furi_timer_start(timer, furi_kernel_get_tick_frequency() / TIMER_UPDATE_FREQ);"
unbounded_wait,applications/external/heap_defence/heap_defence.c,554,"furi_mutex_acquire(game->mutex, FuriWaitForever);"
unbounded_wait,applications/external/hex_editor/hex_editor.c,204,"furi_message_queue_get(hex_editor->input_queue, &event, FuriWaitForever) =="
timer_or_ui_cadence,applications/external/hex_viewer/hex_viewer.c,42,view_dispatcher_set_tick_event_callback(
timer_or_ui_cadence,applications/external/hitachi_ac_remote/ac_remote_app.c,139,view_dispatcher_set_tick_event_callback(
unbounded_wait,applications/external/i2ctools/i2ctools.c,7,"furi_mutex_acquire(i2ctools->mutex, FuriWaitForever);"
unbounded_wait,applications/external/i2ctools/i2ctools.c,39,"furi_message_queue_put(event_queue, input_event, FuriWaitForever);"
timer_or_ui_cadence,applications/external/ibutton_converter/ibutton_converter.c,50,view_dispatcher_set_tick_event_callback(
timer_or_ui_cadence,applications/external/ibutton_converter/scenes/ibutton_converter_scene_error.c,37,"popup_set_timeout(popup, 1500);"
timer_or_ui_cadence,applications/external/ibutton_converter/scenes/ibutton_converter_scene_save_success.c,20,"popup_set_timeout(popup, 1500);"
timer_or_ui_cadence,applications/external/iconedit/icon.c,176,furi_timer_start(
unbounded_wait,applications/external/iconedit/iconedit.c,167,"furi_message_queue_put(event_queue, input_event, FuriWaitForever);"
unbounded_wait,applications/external/iconedit/iconedit.c,319,"furi_mutex_acquire(app->mutex, FuriWaitForever);"
timer_or_ui_cadence,applications/external/ifttt/ifttt_virtual_button.c,177,view_dispatcher_set_tick_event_callback(
unbounded_wait,applications/external/image_viewer/src/main.cpp,50,"furi_message_queue_put(event_queue, input_event, FuriWaitForever);"
timer_or_ui_cadence,applications/external/ina_meter/app.c,198,view_dispatcher_set_tick_event_callback(
thread_join,applications/external/ina_meter/datalog.c,113,furi_thread_join(log->thread);
timer_or_ui_cadence,applications/external/ina_meter/scenes/scene_shunt_switch.c,46,"popup_set_timeout(app->popup, 1000);"
unbounded_wait,applications/external/ir_intervalometer/intervalometer.c,508,"furi_message_queue_put(event_queue, &event, FuriWaitForever);"
unbounded_wait,applications/external/ir_intervalometer/intervalometer.c,556,"furi_mutex_acquire(fv_priv->mutex, FuriWaitForever);"
unbounded_wait,applications/external/ir_intervalometer/intervalometer.c,567,"furi_mutex_acquire(fv_priv->mutex, FuriWaitForever);"
timer_or_ui_cadence,applications/external/ir_intervalometer/intervalometer.c,689,furi_timer_start(
unbounded_wait,applications/external/ir_intervalometer/intervalometer.c,697,"furi_mutex_acquire(fv_priv->mutex, FuriWaitForever);"
unbounded_wait,applications/external/ir_remote/infrared_remote_app.c,112,"furi_message_queue_put(event_queue, input_event, FuriWaitForever);"
unbounded_wait,applications/external/ir_scope/ir_scope.c,40,"furi_mutex_acquire(state->mutex, FuriWaitForever);"
unbounded_wait,applications/external/ir_scope/ir_scope.c,81,"furi_message_queue_put(event_queue, input_event, FuriWaitForever);"
unbounded_wait,applications/external/ir_scope/ir_scope.c,88,"furi_mutex_acquire(state->mutex, FuriWaitForever);"
unbounded_wait,applications/external/ir_scope/ir_scope.c,148,"furi_mutex_acquire(state.mutex, FuriWaitForever);"
explicit_delay,applications/external/iso15693_nfc_writer/iso15693_writer_worker.c,198,furi_delay_ms(5);
explicit_delay,applications/external/iso15693_nfc_writer/iso15693_writer_worker.c,208,furi_delay_ms(5);
explicit_delay,applications/external/iso15693_nfc_writer/iso15693_writer_worker.c,230,furi_delay_ms(5);
explicit_delay,applications/external/iso15693_nfc_writer/iso15693_writer_worker.c,255,furi_delay_ms(10);
unbounded_wait,applications/external/jetpack_joyride/jetpack.c,170,"furi_mutex_acquire(game_state->mutex, FuriWaitForever);"
timer_or_ui_cadence,applications/external/jetpack_joyride/jetpack.c,246,"//     furi_timer_start(game_state->timer, 0);"
unbounded_wait,applications/external/jetpack_joyride/jetpack.c,260,"furi_message_queue_put(event_queue, &event, FuriWaitForever);"
timer_or_ui_cadence,applications/external/jetpack_joyride/jetpack.c,300,"furi_timer_start(timer, furi_kernel_get_tick_frequency() / 25);"
unbounded_wait,applications/external/jetpack_joyride/jetpack.c,311,"furi_mutex_acquire(game_state->mutex, FuriWaitForever);"
blocking_notification,applications/external/laser_tag/infrared_controller.c,105,"notification_message_block(controller->notification, &sequence_hit);"
explicit_delay,applications/external/laser_tag/infrared_controller.c,223,furi_delay_ms(250);
timer_or_ui_cadence,applications/external/laser_tag/laser_tag_app.c,243,"furi_timer_start(app->timer, furi_kernel_get_tick_frequency());"
explicit_delay,applications/external/laser_tag/laser_tag_app.c,429,furi_delay_ms(100);
explicit_delay,applications/external/laser_tag/laser_tag_app.c,484,furi_delay_ms(10);
thread_join,applications/external/laser_tag/lfrfid_reader.c,107,furi_thread_join(reader->thread);
explicit_delay,applications/external/ldtoypad/ToyPadEmu.c,86,furi_delay_ms(TOKEN_DELAY_TIME);
explicit_delay,applications/external/ldtoypad/ToyPadEmu.c,189,furi_delay_ms(TOKEN_DELAY_TIME); // wait for the token to be removed
explicit_delay,applications/external/ldtoypad/ToyPadEmu.c,220,furi_delay_ms(TOKEN_DELAY_TIME);
explicit_delay,applications/external/ldtoypad/usb/save_toypad.c,236,furi_delay_ms(100); // Ensure the save is complete
timer_or_ui_cadence,applications/external/ldtoypad/views/EmulateToyPad_scene.c,315,"furi_timer_start(toypadscene_instance->timer, furi_ms_to_ticks(5000));"
timer_or_ui_cadence,applications/external/ldtoypad/views/EmulateToyPad_scene.c,530,"furi_timer_start(app->timer, period);"
timer_or_ui_cadence,applications/external/lidar_emulator/lidaremulator.c,40,"view_dispatcher_set_tick_event_callback(lidaremulator->view_dispatcher, lidaremulator_tick_event_callback, 100);"
explicit_delay,applications/external/lidar_emulator/scenes/lidaremulator_scene_predefined_guns.c,36,furi_delay_us(1);
explicit_delay,applications/external/lidar_emulator/scenes/lidaremulator_scene_predefined_guns.c,38,furi_delay_us(timing);
explicit_delay,applications/external/lidar_emulator/scenes/lidaremulator_scene_predefined_guns.c,40,furi_delay_us(1);
explicit_delay,applications/external/lidar_emulator/scenes/lidaremulator_scene_predefined_guns.c,42,furi_delay_us(timing2);
explicit_delay,applications/external/lidar_emulator/scenes/lidaremulator_scene_predefined_guns.c,47,furi_delay_us(1);
explicit_delay,applications/external/lidar_emulator/scenes/lidaremulator_scene_predefined_guns.c,49,furi_delay_us(timing);
thread_join,applications/external/lidar_emulator/scenes/lidaremulator_scene_predefined_guns.c,131,furi_thread_join(lidaremulator->transmit_thread);
thread_join,applications/external/lidar_emulator/scenes/lidaremulator_scene_predefined_guns.c,166,furi_thread_join(lidaremulator->transmit_thread);
thread_join,applications/external/lidar_emulator/scenes/lidaremulator_scene_predefined_guns.c,238,furi_thread_join(lidaremulator->transmit_thread);
timer_or_ui_cadence,applications/external/lightmeter/lightmeter.c,74,view_dispatcher_set_tick_event_callback(
timer_or_ui_cadence,applications/external/longwave_clock/src/app_state.c,13,view_dispatcher_set_tick_event_callback(
blocking_notification,applications/external/longwave_clock/src/module_lights.c,5,"notification_message_block(app->notifications, &sequence_display_backlight_on);"
blocking_notification,applications/external/longwave_clock/src/module_lights.c,12,"notification_message_block(app->notifications, &sequence_display_backlight_enforce_on);"
blocking_notification,applications/external/longwave_clock/src/module_lights.c,19,"notification_message_block(app->notifications, &sequence_display_backlight_enforce_auto);"
blocking_notification,applications/external/longwave_clock/src/module_lights.c,24,"notification_message_block(app->notifications, &sequence_blink_blue_10);"
blocking_notification,applications/external/longwave_clock/src/module_lights.c,28,"notification_message_block(app->notifications, &sequence_blink_yellow_100);"
blocking_notification,applications/external/longwave_clock/src/module_lights.c,32,"notification_message_block(app->notifications, &sequence_blink_green_100);"
blocking_notification,applications/external/longwave_clock/src/module_lights.c,36,"notification_message_block(app->notifications, &sequence_blink_red_100);"
timer_or_ui_cadence,applications/external/longwave_clock/src/scene_dcf77.c,515,"furi_timer_start(app->state->seconds_timer, furi_kernel_get_tick_frequency() / 2);"
blocking_notification,applications/external/longwave_clock/src/scene_dcf77.c,523,"notification_message_block(app->notifications, &sequence_display_backlight_enforce_auto);"
timer_or_ui_cadence,applications/external/longwave_clock/src/scene_msf.c,572,"furi_timer_start(app->state->seconds_timer, furi_kernel_get_tick_frequency() / 2);"
blocking_notification,applications/external/longwave_clock/src/scene_msf.c,580,"notification_message_block(app->notifications, &sequence_display_backlight_enforce_auto);"
explicit_delay,applications/external/magspoof/helpers/mag_helpers.c,46,furi_delay_us(10);
explicit_delay,applications/external/magspoof/helpers/mag_helpers.c,50,furi_delay_us(10);
explicit_delay,applications/external/magspoof/helpers/mag_helpers.c,67,furi_delay_us(64);
explicit_delay,applications/external/magspoof/helpers/mag_helpers.c,75,furi_delay_us(64);
explicit_delay,applications/external/magspoof/helpers/mag_helpers.c,116,furi_delay_us(state->us_clock);
explicit_delay,applications/external/magspoof/helpers/mag_helpers.c,117,// if (i % 2 == 1) furi_delay_us(state->us_interpacket);
explicit_delay,applications/external/magspoof/helpers/mag_helpers.c,143,furi_delay_ms(300);
explicit_delay,applications/external/magspoof/helpers/mag_helpers.c,204,furi_delay_ms(500);
critical_or_scheduler_lock,applications/external/magspoof/helpers/mag_helpers.c,343,FURI_CRITICAL_ENTER();
explicit_delay,applications/external/magspoof/helpers/mag_helpers.c,348,furi_delay_us(state->us_clock);
explicit_delay,applications/external/magspoof/helpers/mag_helpers.c,358,furi_delay_us(state->us_clock);
explicit_delay,applications/external/magspoof/helpers/mag_helpers.c,374,furi_delay_us(state->us_clock);
explicit_delay,applications/external/magspoof/helpers/mag_helpers.c,381,furi_delay_ms(REPEAT_DELAY_MS);
explicit_delay,applications/external/magspoof/mag.c,158,furi_delay_ms(10);
timer_or_ui_cadence,applications/external/magspoof/scenes/mag_scene_delete_success.c,12,"popup_set_timeout(popup, 1500);"
unbounded_wait,applications/external/magspoof/scenes/mag_scene_read.c,26,"furi_thread_flags_wait(WORKER_ALL_RX_EVENTS, FuriFlagWaitAny, FuriWaitForever);"
thread_join,applications/external/magspoof/scenes/mag_scene_read.c,179,furi_thread_join(mag->uart_rx_thread);
timer_or_ui_cadence,applications/external/magspoof/scenes/mag_scene_save_success.c,15,"popup_set_timeout(popup, 1500);"
timer_or_ui_cadence,applications/external/malveke_gb_cartridge/gb_cartridge_app.c,55,view_dispatcher_set_tick_event_callback(
explicit_delay,applications/external/malveke_gb_cartridge/gb_cartridge_app.c,129,furi_delay_ms(1);
explicit_delay,applications/external/malveke_gb_cartridge/gb_cartridge_app.c,178,//     furi_delay_ms(10);
explicit_delay,applications/external/malveke_gb_cartridge/gb_cartridge_app.c,180,// furi_delay_ms(200);
explicit_delay,applications/external/malveke_gb_cartridge/gb_cartridge_app.c,182,// furi_delay_ms(100);
explicit_delay,applications/external/malveke_gb_cartridge/gb_cartridge_app.c,184,// furi_delay_ms(200);
unbounded_wait,applications/external/malveke_gb_cartridge/uart.c,112,"furi_thread_flags_wait(WORKER_ALL_RX_EVENTS, FuriFlagWaitAny, FuriWaitForever);"
explicit_delay,applications/external/malveke_gb_cartridge/uart.c,162,furi_delay_ms(5000);
thread_join,applications/external/malveke_gb_cartridge/uart.c,191,furi_thread_join(uart->rx_thread);
explicit_delay,applications/external/malveke_gb_cartridge/views/gb_cartridge_scene_4.c,217,//     furi_delay_ms(500);
explicit_delay,applications/external/malveke_gb_cartridge/views/gb_cartridge_scene_5.c,101,furi_delay_ms(500); // wait
unbounded_wait,applications/external/malveke_gb_emulator/malveke_gb_emulator.c,156,"furi_thread_flags_wait(WORKER_EVENTS_MASK, FuriFlagWaitAny, FuriWaitForever);"
explicit_delay,applications/external/malveke_gb_emulator/malveke_gb_emulator.c,230,furi_delay_ms(5000);
explicit_delay,applications/external/malveke_gb_emulator/malveke_gb_emulator.c,237,furi_delay_ms(5000);
explicit_delay,applications/external/malveke_gb_emulator/malveke_gb_emulator.c,245,furi_delay_ms(1);
thread_join,applications/external/malveke_gb_emulator/malveke_gb_emulator.c,253,furi_thread_join(app->worker_thread);
explicit_delay,applications/external/malveke_gb_link_camera/link_camera.c,54,furi_delay_ms(100);
explicit_delay,applications/external/malveke_gb_link_camera/link_camera.c,56,furi_delay_ms(200);
explicit_delay,applications/external/malveke_gb_link_camera/link_camera.c,59,furi_delay_ms(100);
explicit_delay,applications/external/malveke_gb_link_camera/link_camera.c,61,furi_delay_ms(200);
unbounded_wait,applications/external/malveke_gb_link_camera/uart.c,112,"furi_thread_flags_wait(WORKER_ALL_RX_EVENTS, FuriFlagWaitAny, FuriWaitForever);"
explicit_delay,applications/external/malveke_gb_link_camera/uart.c,162,furi_delay_ms(5000);
thread_join,applications/external/malveke_gb_link_camera/uart.c,187,furi_thread_join(uart->rx_thread);
unbounded_wait,applications/external/malveke_gb_live_camera/gb_live_camera.c,227,"furi_thread_flags_wait(WORKER_EVENTS_MASK, FuriFlagWaitAny, FuriWaitForever);"
explicit_delay,applications/external/malveke_gb_live_camera/gb_live_camera.c,303,furi_delay_ms(5000);
explicit_delay,applications/external/malveke_gb_live_camera/gb_live_camera.c,310,furi_delay_ms(5000);
explicit_delay,applications/external/malveke_gb_live_camera/gb_live_camera.c,324,furi_delay_ms(1);
thread_join,applications/external/malveke_gb_live_camera/gb_live_camera.c,332,furi_thread_join(app->worker_thread);
timer_or_ui_cadence,applications/external/malveke_gb_photo/malveke_gb_photo.c,39,view_dispatcher_set_tick_event_callback(
explicit_delay,applications/external/malveke_gb_photo/views/boilerplate_scene_2.c,167,furi_delay_ms(120);
timer_or_ui_cadence,applications/external/malveke_gba_cartridge/gba_cartridge_app.c,38,view_dispatcher_set_tick_event_callback(
explicit_delay,applications/external/malveke_gba_cartridge/gba_cartridge_app.c,66,// furi_delay_ms(1);
unbounded_wait,applications/external/malveke_gba_cartridge/uart.c,112,"furi_thread_flags_wait(WORKER_ALL_RX_EVENTS, FuriFlagWaitAny, FuriWaitForever);"
explicit_delay,applications/external/malveke_gba_cartridge/uart.c,162,furi_delay_ms(5000);
thread_join,applications/external/malveke_gba_cartridge/uart.c,191,furi_thread_join(uart->rx_thread);
thread_join,applications/external/malveke_pin_test/malveke_pin_test.c,27,// furi_thread_join(app->worker_thread);
explicit_delay,applications/external/malveke_pin_test/malveke_pin_test.c,116,furi_delay_ms(600);
explicit_delay,applications/external/malveke_pin_test/malveke_pin_test.c,151,furi_delay_ms(5000);
explicit_delay,applications/external/malveke_pin_test/malveke_pin_test.c,159,furi_delay_ms(1);
unbounded_wait,applications/external/mass_storage/helpers/mass_storage_usb.c,90,"uint32_t flags = furi_thread_flags_wait(EventAll, FuriFlagWaitAny, FuriWaitForever);"
thread_join,applications/external/mass_storage/helpers/mass_storage_usb.c,305,furi_thread_join(mass->thread);
timer_or_ui_cadence,applications/external/mass_storage/mass_storage_app.c,73,view_dispatcher_set_tick_event_callback(
timer_or_ui_cadence,applications/external/mass_storage/scenes/mass_storage_scene_create_image.c,177,"popup_set_timeout(app->popup, 0);"
unbounded_wait,applications/external/mayhem_camera/camera.c,189,"furi_thread_flags_wait(WORKER_EVENTS_MASK, FuriFlagWaitAny, FuriWaitForever);"
explicit_delay,applications/external/mayhem_camera/camera.c,268,furi_delay_ms(200);
explicit_delay,applications/external/mayhem_camera/camera.c,272,furi_delay_ms(500);
explicit_delay,applications/external/mayhem_camera/camera.c,275,furi_delay_ms(1);
thread_join,applications/external/mayhem_camera/camera.c,287,furi_thread_join(app->worker_thread);
explicit_delay,applications/external/mayhem_marauder/scenes/wifi_marauder_scene_console_output.c,234,furi_delay_ms(50);
explicit_delay,applications/external/mayhem_marauder/script/wifi_marauder_script_executor.c,6,furi_delay_ms(1000);
thread_join,applications/external/mayhem_marauder/script/wifi_marauder_script_worker.c,71,furi_thread_join(worker->worker_thread);
timer_or_ui_cadence,applications/external/mayhem_marauder/wifi_marauder_app.c,45,view_dispatcher_set_tick_event_callback(
explicit_delay,applications/external/mayhem_marauder/wifi_marauder_app.c,190,furi_delay_ms(10);
explicit_delay,applications/external/mayhem_marauder/wifi_marauder_app.c,192,furi_delay_ms(200);
explicit_delay,applications/external/mayhem_marauder/wifi_marauder_app.c,202,furi_delay_ms(500);
explicit_delay,applications/external/mayhem_marauder/wifi_marauder_app.c,205,furi_delay_ms(1);
unbounded_wait,applications/external/mayhem_marauder/wifi_marauder_uart.c,113,"furi_thread_flags_wait(WORKER_ALL_RX_EVENTS, FuriFlagWaitAny, FuriWaitForever);"
thread_join,applications/external/mayhem_marauder/wifi_marauder_uart.c,176,furi_thread_join(uart->rx_thread);
timer_or_ui_cadence,applications/external/mayhem_morseflash/uart_terminal_app.c,39,view_dispatcher_set_tick_event_callback(
explicit_delay,applications/external/mayhem_morseflash/uart_terminal_app.c,101,furi_delay_ms(200);
explicit_delay,applications/external/mayhem_morseflash/uart_terminal_app.c,109,furi_delay_ms(500);
explicit_delay,applications/external/mayhem_morseflash/uart_terminal_app.c,112,furi_delay_ms(1);
unbounded_wait,applications/external/mayhem_morseflash/uart_terminal_uart.c,45,"furi_thread_flags_wait(WORKER_ALL_RX_EVENTS, FuriFlagWaitAny, FuriWaitForever);"
thread_join,applications/external/mayhem_morseflash/uart_terminal_uart.c,94,furi_thread_join(uart->rx_thread);
unbounded_wait,applications/external/mayhem_motion/uart_echo.c,111,"furi_thread_flags_wait(WORKER_EVENTS_MASK, FuriFlagWaitAny, FuriWaitForever);"
explicit_delay,applications/external/mayhem_motion/uart_echo.c,189,furi_delay_ms(200);
explicit_delay,applications/external/mayhem_motion/uart_echo.c,193,furi_delay_ms(500);
explicit_delay,applications/external/mayhem_motion/uart_echo.c,196,furi_delay_ms(1);
thread_join,applications/external/mayhem_motion/uart_echo.c,209,furi_thread_join(app->worker_thread);
unbounded_wait,applications/external/mayhem_nannycam/uart_echo.c,105,"furi_thread_flags_wait(WORKER_EVENTS_MASK, FuriFlagWaitAny, FuriWaitForever);"
explicit_delay,applications/external/mayhem_nannycam/uart_echo.c,183,furi_delay_ms(200);
explicit_delay,applications/external/mayhem_nannycam/uart_echo.c,187,furi_delay_ms(500);
explicit_delay,applications/external/mayhem_nannycam/uart_echo.c,190,furi_delay_ms(1);
thread_join,applications/external/mayhem_nannycam/uart_echo.c,203,furi_thread_join(app->worker_thread);
unbounded_wait,applications/external/mayhem_qrcode/uart_echo.c,105,"furi_thread_flags_wait(WORKER_EVENTS_MASK, FuriFlagWaitAny, FuriWaitForever);"
explicit_delay,applications/external/mayhem_qrcode/uart_echo.c,183,furi_delay_ms(200);
explicit_delay,applications/external/mayhem_qrcode/uart_echo.c,187,furi_delay_ms(500);
explicit_delay,applications/external/mayhem_qrcode/uart_echo.c,190,furi_delay_ms(1);
thread_join,applications/external/mayhem_qrcode/uart_echo.c,203,furi_thread_join(app->worker_thread);
timer_or_ui_cadence,applications/external/meal_pager/meal_pager.c,37,view_dispatcher_set_tick_event_callback(
timer_or_ui_cadence,applications/external/metroflip/api/suica/suica_drawings.h,1307,"furi_timer_start(app->suica_context->timer, period);"
timer_or_ui_cadence,applications/external/metroflip/scenes/metroflip_scene_delete.c,31,"popup_set_timeout(popup, 1500);"
timer_or_ui_cadence,applications/external/metroflip/scenes/metroflip_scene_save_result.c,54,"popup_set_timeout(popup, 1500);"
unbounded_wait,applications/external/metroflip/scenes/plugins/calypso.c,374,"furi_mutex_acquire(ctx->mutex, FuriWaitForever);"
unbounded_wait,applications/external/metroflip/scenes/plugins/calypso.c,382,"furi_mutex_acquire(ctx->mutex, FuriWaitForever);"
unbounded_wait,applications/external/metroflip/scenes/plugins/calypso.c,474,"furi_mutex_acquire(ctx->mutex, FuriWaitForever);"
unbounded_wait,applications/external/metroflip/scenes/plugins/calypso.c,481,"furi_mutex_acquire(ctx->mutex, FuriWaitForever);"
unbounded_wait,applications/external/metroflip/scenes/plugins/calypso.c,2651,"furi_mutex_acquire(context->mutex, FuriWaitForever);"
unbounded_wait,applications/external/metroflip/scenes/plugins/calypso.c,2659,"furi_mutex_acquire(context->mutex, FuriWaitForever);"
unbounded_wait,applications/external/metronome/metronome.c,63,"furi_mutex_acquire(metronome_state->mutex, FuriWaitForever);"
unbounded_wait,applications/external/metronome/metronome.c,148,"furi_message_queue_put(event_queue, &event, FuriWaitForever);"
unbounded_wait,applications/external/metronome/metronome.c,155,"furi_mutex_acquire(metronome_state->mutex, FuriWaitForever);"
explicit_delay,applications/external/metronome/metronome.c,196,furi_delay_ms(BEEP_DELAY_MS);
explicit_delay,applications/external/metronome/metronome.c,204,furi_delay_ms(BEEP_DELAY_MS);
explicit_delay,applications/external/metronome/metronome.c,207,furi_delay_ms((int)BEEP_DELAY_MS / 2);
explicit_delay,applications/external/metronome/metronome.c,209,furi_delay_ms((int)BEEP_DELAY_MS / 2);
timer_or_ui_cadence,applications/external/metronome/metronome.c,231,"furi_timer_start(metronome_state->timer, state_to_sleep_ticks(metronome_state));"
unbounded_wait,applications/external/metronome/metronome.c,312,"furi_mutex_acquire(metronome_state->mutex, FuriWaitForever);"
timer_or_ui_cadence,applications/external/metronome/metronome.c,333,furi_timer_start(
timer_or_ui_cadence,applications/external/mfc_editor/mfc_editor_app.c,55,view_dispatcher_set_tick_event_callback(
timer_or_ui_cadence,applications/external/mfc_editor/scenes/mfc_editor_scene_save_success.c,14,"popup_set_timeout(popup, 1500);"
unbounded_wait,applications/external/mfkey/mfkey.c,604,"furi_mutex_acquire(program_state->mutex, FuriWaitForever);"
unbounded_wait,applications/external/mfkey/mfkey.c,724,"furi_message_queue_put((FuriMessageQueue *)event_queue, input_event, FuriWaitForever);"
unbounded_wait,applications/external/mfkey/mfkey.c,774,"furi_mutex_acquire(program_state->mutex, FuriWaitForever);"
thread_join,applications/external/mfkey/mfkey.c,803,furi_thread_join(program_state->mfkeythread);
timer_or_ui_cadence,applications/external/midea_ac_remote/ac_remote_app.c,37,view_dispatcher_set_tick_event_callback(
timer_or_ui_cadence,applications/external/mifare_fuzzer/mifare_fuzzer.c,44,view_dispatcher_set_tick_event_callback(
thread_join,applications/external/mifare_fuzzer/mifare_fuzzer_worker.c,37,furi_thread_join(mifare_fuzzer_worker->thread);
explicit_delay,applications/external/mifare_fuzzer/mifare_fuzzer_worker.c,70,furi_delay_ms(50);
timer_or_ui_cadence,applications/external/minesweeper/minesweeper.c,43,view_dispatcher_set_tick_event_callback(
timer_or_ui_cadence,applications/external/mitsubishi_ac_remote/ac_remote_app.c,38,view_dispatcher_set_tick_event_callback(
unbounded_wait,applications/external/morse_code/morse_code.c,32,"furi_check(furi_mutex_acquire(morse_code->model_mutex, FuriWaitForever) == FuriStatusOk);"
unbounded_wait,applications/external/morse_code/morse_code.c,59,"furi_message_queue_put(morse_code->input_queue, input_event, FuriWaitForever);"
unbounded_wait,applications/external/morse_code/morse_code.c,64,"furi_check(furi_mutex_acquire(morse_code->model_mutex, FuriWaitForever) == FuriStatusOk);"
unbounded_wait,applications/external/morse_code/morse_code.c,121,"while(furi_message_queue_get(morse_code->input_queue, &input, FuriWaitForever) =="
unbounded_wait,applications/external/morse_code/morse_code.c,123,"furi_check(furi_mutex_acquire(morse_code->model_mutex, FuriWaitForever) == FuriStatusOk);"
explicit_delay,applications/external/morse_code/morse_code_worker.c,65,furi_delay_ms(SLEEP);
thread_join,applications/external/morse_code/morse_code_worker.c,181,furi_thread_join(instance->thread);
explicit_delay,applications/external/mp_flipper/lib/micropython-port/mp_flipper_modflipperzero_infrared.c,67,furi_delay_tick(10);
explicit_delay,applications/external/mp_flipper/lib/micropython-port/mp_flipper_modtime.c,19,furi_delay_ms(ms);
explicit_delay,applications/external/mp_flipper/lib/micropython-port/mp_flipper_modtime.c,23,furi_delay_us(us);
explicit_delay,applications/external/mp_flipper/upython.c,64,furi_delay_ms(1);
explicit_delay,applications/external/mp_flipper/upython_splash.c,103,furi_delay_ms(1);
unbounded_wait,applications/external/mtp/src/scenes/mtp/usb.c,31,"MTPEvent flags = furi_thread_flags_wait(EventAll, FuriFlagWaitAny, FuriWaitForever);"
thread_join,applications/external/mtp/src/scenes/mtp/usb.c,238,furi_thread_join(mtp->worker_thread);
unbounded_wait,applications/external/multi_converter/multi_converter.c,13,"furi_mutex_acquire(multi_converter_state->mutex, FuriWaitForever);"
unbounded_wait,applications/external/multi_converter/multi_converter.c,29,"furi_message_queue_put(event_queue, &event, FuriWaitForever);"
unbounded_wait,applications/external/multi_converter/multi_converter.c,87,"furi_mutex_acquire(multi_converter_state->mutex, FuriWaitForever);"
unbounded_wait,applications/external/multi_dice/dice.c,40,"furi_message_queue_put(event_queue, &event, FuriWaitForever);"
timer_or_ui_cadence,applications/external/multi_dice/dice.c,429,"furi_timer_start(timer, furi_kernel_get_tick_frequency());"
timer_or_ui_cadence,applications/external/multi_fuzzer/fuzzer.c,78,view_dispatcher_set_tick_event_callback(
timer_or_ui_cadence,applications/external/multi_fuzzer/lib/worker/fake_worker.c,266,"furi_timer_start(instance->timer, furi_ms_to_ticks(instance->timer_idle_time_ms));"
timer_or_ui_cadence,applications/external/multi_fuzzer/lib/worker/fake_worker.c,276,"furi_timer_start(instance->timer, furi_ms_to_ticks(instance->timer_emu_time_ms));"
timer_or_ui_cadence,applications/external/multi_fuzzer/lib/worker/fake_worker.c,470,"furi_timer_start(instance->timer, furi_ms_to_ticks(instance->timer_emu_time_ms));"
timer_or_ui_cadence,applications/external/multi_fuzzer/scenes/fuzzer_scene_main.c,79,"popup_set_timeout(popup, 2500);"
timer_or_ui_cadence,applications/external/multi_fuzzer/scenes/fuzzer_scene_save_success.c,16,"popup_set_timeout(popup, 1500);"
unbounded_wait,applications/external/music_player/music_player.c,132,"furi_check(furi_mutex_acquire(music_player->model_mutex, FuriWaitForever) == FuriStatusOk);"
unbounded_wait,applications/external/music_player/music_player.c,231,"furi_check(furi_mutex_acquire(music_player->model_mutex, FuriWaitForever) == FuriStatusOk);"
unbounded_wait,applications/external/music_player/music_player.c,350,"while(furi_message_queue_get(music_player->input_queue, &input, FuriWaitForever) =="
unbounded_wait,applications/external/music_player/music_player.c,353,"furi_mutex_acquire(music_player->model_mutex, FuriWaitForever) == FuriStatusOk);"
unbounded_wait,applications/external/nearby_files/gps_reader.c,44,"furi_mutex_acquire(gps_reader->mutex, FuriWaitForever);"
unbounded_wait,applications/external/nearby_files/gps_reader.c,96,"furi_mutex_acquire(gps_reader->mutex, FuriWaitForever);"
unbounded_wait,applications/external/nearby_files/gps_reader.c,105,"furi_mutex_acquire(gps_reader->mutex, FuriWaitForever);"
unbounded_wait,applications/external/nearby_files/gps_reader.c,118,"furi_mutex_acquire(gps_reader->mutex, FuriWaitForever);"
unbounded_wait,applications/external/nearby_files/gps_reader.c,143,"furi_mutex_acquire(gps_reader->mutex, FuriWaitForever);"
unbounded_wait,applications/external/nearby_files/gps_reader.c,173,"furi_thread_flags_wait(WORKER_ALL_RX_EVENTS, FuriFlagWaitAny, FuriWaitForever);"
thread_join,applications/external/nearby_files/gps_reader.c,241,furi_thread_join(gps_reader->thread);
unbounded_wait,applications/external/nearby_files/gps_reader.c,285,"furi_mutex_acquire(gps_reader->mutex, FuriWaitForever);"
unbounded_wait,applications/external/nearby_files/gps_reader.c,295,"furi_mutex_acquire(gps_reader->mutex, FuriWaitForever);"
unbounded_wait,applications/external/nearby_files/gps_reader.c,310,"furi_mutex_acquire(gps_reader->mutex, FuriWaitForever);"
timer_or_ui_cadence,applications/external/nearby_files/nearby_files.c,832,"furi_timer_start(app->gps_timer, 1000); // Check every 1 second"
timer_or_ui_cadence,applications/external/nfc_apdu_runner/nfc_apdu_runner.c,700,view_dispatcher_set_tick_event_callback(
explicit_delay,applications/external/nfc_apdu_runner/nfc_worker.c,183,furi_delay_ms(10);
explicit_delay,applications/external/nfc_apdu_runner/nfc_worker.c,272,furi_delay_ms(100);
explicit_delay,applications/external/nfc_apdu_runner/nfc_worker.c,413,furi_delay_ms(50);
explicit_delay,applications/external/nfc_apdu_runner/nfc_worker.c,525,furi_delay_ms(500);
explicit_delay,applications/external/nfc_apdu_runner/nfc_worker.c,578,furi_delay_ms(500);
thread_join,applications/external/nfc_apdu_runner/nfc_worker.c,586,furi_thread_join(apdu_thread);
thread_join,applications/external/nfc_apdu_runner/nfc_worker.c,706,furi_thread_join(worker->thread);
explicit_delay,applications/external/nfc_apdu_runner/nfc_worker.c,716,furi_delay_ms(10);
timer_or_ui_cadence,applications/external/nfc_apdu_runner/scenes/nfc_apdu_runner_scene_running.c,25,"popup_set_timeout(popup, 2000);"
timer_or_ui_cadence,applications/external/nfc_apdu_runner/scenes/nfc_apdu_runner_scene_running.c,43,"popup_set_timeout(popup, 0);"
timer_or_ui_cadence,applications/external/nfc_apdu_runner/scenes/nfc_apdu_runner_scene_running.c,55,"popup_set_timeout(popup, 0);"
timer_or_ui_cadence,applications/external/nfc_apdu_runner/scenes/nfc_apdu_runner_scene_running.c,78,"popup_set_timeout(popup, 0);"
timer_or_ui_cadence,applications/external/nfc_eink/nfc_eink_app.c,65,view_dispatcher_set_tick_event_callback(
explicit_delay,applications/external/nfc_eink/nfc_eink_screen/goodisplay/eink_goodispaly_poller.c,348,furi_delay_us(EINK_GOODISPLAY_SCREEN_UPDATE_COMMAND_DELAY_US);
explicit_delay,applications/external/nfc_eink/nfc_eink_screen/waveshare/eink_waveshare_poller.c,159,furi_delay_ms(100);
explicit_delay,applications/external/nfc_eink/nfc_eink_screen/waveshare/eink_waveshare_poller.c,205,furi_delay_ms(100);
explicit_delay,applications/external/nfc_eink/nfc_eink_screen/waveshare/eink_waveshare_poller.c,216,furi_delay_ms(100);
explicit_delay,applications/external/nfc_eink/nfc_eink_screen/waveshare/eink_waveshare_poller.c,296,furi_delay_ms(500);
explicit_delay,applications/external/nfc_eink/nfc_eink_screen/waveshare/eink_waveshare_poller.c,318,furi_delay_ms(100);
explicit_delay,applications/external/nfc_eink/nfc_eink_screen/waveshare/eink_waveshare_poller.c,337,furi_delay_ms(1000);
timer_or_ui_cadence,applications/external/nfc_eink/scenes/scene_delete_success.c,15,"popup_set_timeout(popup, 1500);"
explicit_delay,applications/external/nfc_eink/scenes/scene_emulate.c,10,furi_delay_ms(5);
timer_or_ui_cadence,applications/external/nfc_eink/scenes/scene_error.c,36,"popup_set_timeout(popup, 5000);"
timer_or_ui_cadence,applications/external/nfc_eink/scenes/scene_save_success.c,15,"popup_set_timeout(popup, 1500);"
timer_or_ui_cadence,applications/external/nfc_eink/scenes/scene_write_done.c,16,"popup_set_timeout(popup, 1500);"
explicit_delay,applications/external/nfc_login/crypto/nfc_login_passcode.c,161,furi_delay_ms(PASSCODE_DELAY_MS);
explicit_delay,applications/external/nfc_login/crypto/nfc_login_passcode.c,275,furi_delay_ms(PASSCODE_DELAY_MS);
explicit_delay,applications/external/nfc_login/hid/nfc_login_hid.c,41,furi_delay_ms(HID_INIT_DELAY_MS);
explicit_delay,applications/external/nfc_login/hid/nfc_login_hid_ble.c,41,furi_delay_ms(BLE_DISCONNECT_DELAY_MS);
explicit_delay,applications/external/nfc_login/hid/nfc_login_hid_ble.c,57,furi_delay_ms(BLE_ADVERTISE_DELAY_MS);
explicit_delay,applications/external/nfc_login/hid/nfc_login_hid_ble.c,59,furi_delay_ms(BLE_ADVERTISE_DELAY_MS);
explicit_delay,applications/external/nfc_login/hid/nfc_login_hid_ble.c,69,furi_delay_ms(BLE_DEINIT_DELAY_MS);
explicit_delay,applications/external/nfc_login/hid/nfc_login_hid_ble.c,131,furi_delay_ms(KEY_PRESS_DELAY_MS);
explicit_delay,applications/external/nfc_login/hid/nfc_login_hid_ble.c,133,furi_delay_ms(KEY_RELEASE_DELAY_MS);
explicit_delay,applications/external/nfc_login/hid/nfc_login_hid_ble.c,136,furi_delay_ms(app->input_delay_ms);
explicit_delay,applications/external/nfc_login/hid/nfc_login_hid_ble.c,143,furi_delay_ms(ENTER_PRESS_DELAY_MS);
explicit_delay,applications/external/nfc_login/hid/nfc_login_hid_ble.c,145,furi_delay_ms(ENTER_RELEASE_DELAY_MS);
explicit_delay,applications/external/nfc_login/hid/nfc_login_hid_usb.c,25,furi_delay_ms(HID_CONNECT_RETRY_MS);
explicit_delay,applications/external/nfc_login/hid/nfc_login_hid_usb.c,33,furi_delay_ms(HID_INIT_DELAY_MS);
explicit_delay,applications/external/nfc_login/hid/nfc_login_hid_usb.c,41,furi_delay_ms(HID_SETTLE_DELAY_MS);
explicit_delay,applications/external/nfc_login/hid/nfc_login_hid_usb.c,83,furi_delay_ms(KEY_PRESS_DELAY_MS);
explicit_delay,applications/external/nfc_login/hid/nfc_login_hid_usb.c,85,furi_delay_ms(KEY_RELEASE_DELAY_MS);
explicit_delay,applications/external/nfc_login/hid/nfc_login_hid_usb.c,88,furi_delay_ms(app->input_delay_ms);
explicit_delay,applications/external/nfc_login/hid/nfc_login_hid_usb.c,96,furi_delay_ms(ENTER_PRESS_DELAY_MS);
explicit_delay,applications/external/nfc_login/hid/nfc_login_hid_usb.c,98,furi_delay_ms(ENTER_RELEASE_DELAY_MS);
thread_join,applications/external/nfc_login/main.c,57,furi_thread_join(app->scan_thread);
thread_join,applications/external/nfc_login/main.c,64,furi_thread_join(app->enroll_scan_thread);
unbounded_wait,applications/external/nfc_login/scan/nfc_login_scan.c,36,"ISO14443_3A_ASYNC_FLAG_COMPLETE, FuriFlagWaitAny, FuriWaitForever);"
explicit_delay,applications/external/nfc_login/scan/nfc_login_scan.c,42,furi_delay_ms(NFC_COOLDOWN_DELAY_MS);
explicit_delay,applications/external/nfc_login/scan/nfc_login_scan.c,101,furi_delay_ms(BLE_CONNECTION_RETRY_DELAY_MS);
explicit_delay,applications/external/nfc_login/scan/nfc_login_scan.c,116,furi_delay_ms(HID_POST_CONNECT_DELAY_MS);
explicit_delay,applications/external/nfc_login/scan/nfc_login_scan.c,130,furi_delay_ms(HID_POST_TYPE_DELAY_MS);
explicit_delay,applications/external/nfc_login/scan/nfc_login_scan.c,137,furi_delay_ms(ERROR_NOTIFICATION_DELAY_MS);
explicit_delay,applications/external/nfc_login/scan/nfc_login_scan.c,143,furi_delay_ms(NFC_SCAN_DELAY_MS);
unbounded_wait,applications/external/nfc_login/scenes/enroll/enroll_scene.c,62,"furi_thread_flags_wait(ISO14443_3A_ASYNC_FLAG_COMPLETE, FuriFlagWaitAny, FuriWaitForever);"
explicit_delay,applications/external/nfc_login/scenes/enroll/enroll_scene.c,68,furi_delay_ms(NFC_COOLDOWN_DELAY_MS);
explicit_delay,applications/external/nfc_login/scenes/enroll/enroll_scene.c,89,furi_delay_ms(NFC_ENROLL_SCAN_DELAY_MS);
thread_join,applications/external/nfc_login/scenes/enroll/enroll_scene.c,276,furi_thread_join(app->enroll_scan_thread);
thread_join,applications/external/nfc_login/scenes/scene_manager.c,96,furi_thread_join(app->enroll_scan_thread);
explicit_delay,applications/external/nfc_login/scenes/scene_manager.c,104,furi_delay_ms(SCENE_DELAY_MS);
thread_join,applications/external/nfc_login/scenes/scene_manager.c,106,furi_thread_join(app->scan_thread);
thread_join,applications/external/nfc_login/scenes/scene_manager.c,155,furi_thread_join(app->enroll_scan_thread);
explicit_delay,applications/external/nfc_login/scenes/scene_manager.c,162,furi_delay_ms(100);
thread_join,applications/external/nfc_login/scenes/scene_manager.c,164,furi_thread_join(app->scan_thread);
explicit_delay,applications/external/nfc_login/scenes/scene_manager.c,301,furi_delay_ms(100);
thread_join,applications/external/nfc_login/scenes/scene_manager.c,303,furi_thread_join(app->scan_thread);
thread_join,applications/external/nfc_login/scenes/scene_manager.c,314,furi_thread_join(app->enroll_scan_thread);
explicit_delay,applications/external/nfc_login/scenes/scene_manager.c,592,furi_delay_ms(100);
explicit_delay,applications/external/nfc_login/storage/nfc_login_card_storage.c,162,furi_delay_ms(CRYPTO_SETTLE_DELAY_MS);
explicit_delay,applications/external/nfc_login/storage/nfc_login_card_storage.c,480,furi_delay_ms(STORAGE_READ_DELAY_MS);
thread_join,applications/external/nfc_magic/magic/nfc_magic_scanner.c,166,furi_thread_join(instance->scan_worker);
unbounded_wait,applications/external/nfc_magic/magic/protocols/gen1a/gen1a_poller.c,116,"GEN1A_POLLER_THREAD_FLAG_DETECTED, FuriFlagWaitAny, FuriWaitForever);"
unbounded_wait,applications/external/nfc_magic/magic/protocols/gen2/gen2_poller.c,206,"furi_thread_flags_wait(GEN2_POLLER_THREAD_FLAG_DETECTED, FuriFlagWaitAny, FuriWaitForever);"
unbounded_wait,applications/external/nfc_magic/magic/protocols/gen4/gen4_poller.c,186,"furi_thread_flags_wait(GEN4_POLLER_THREAD_FLAG_DETECTED, FuriFlagWaitAny, FuriWaitForever);"
explicit_delay,applications/external/nfc_magic/magic/protocols/gen4/gen4_poller.c,754,furi_delay_ms(100);
explicit_delay,applications/external/nfc_magic/magic/protocols/gen4/gen4_poller.c,766,furi_delay_ms(100);
timer_or_ui_cadence,applications/external/nfc_magic/nfc_magic_app.c,48,view_dispatcher_set_tick_event_callback(
timer_or_ui_cadence,applications/external/nfc_magic/scenes/nfc_magic_scene_success.c,16,"popup_set_timeout(popup, 1500);"
timer_or_ui_cadence,applications/external/nfc_maker/dropin/text_input.c,500,"furi_timer_start(text_input->timer, furi_kernel_get_tick_frequency() * 4);"
timer_or_ui_cadence,applications/external/nfc_maker/scenes/nfc_maker_scene_save_result.c,40,"popup_set_timeout(popup, 1500);"
blocking_notification,applications/external/nfc_playlist/lib/led_worker/nfc_playlist_led_worker.c,6,"notification_message_block(notification_app, &sequence_blink_start_cyan);"
blocking_notification,applications/external/nfc_playlist/lib/led_worker/nfc_playlist_led_worker.c,9,"notification_message_block(notification_app, &sequence_blink_start_yellow);"
blocking_notification,applications/external/nfc_playlist/lib/led_worker/nfc_playlist_led_worker.c,12,"notification_message_block(notification_app, &sequence_blink_start_red);"
blocking_notification,applications/external/nfc_playlist/lib/led_worker/nfc_playlist_led_worker.c,20,"notification_message_block(notification_app, &sequence_blink_stop);"
explicit_delay,applications/external/nfc_playlist/lib/playlist_worker/nfc_playlist_worker.c,19,furi_delay_ms(10);
explicit_delay,applications/external/nfc_playlist/lib/playlist_worker/nfc_playlist_worker.c,36,furi_delay_ms(10);
thread_join,applications/external/nfc_playlist/lib/playlist_worker/nfc_playlist_worker.c,238,furi_thread_join(worker->thread);
timer_or_ui_cadence,applications/external/nfc_playlist/nfc_playlist.c,187,view_dispatcher_set_tick_event_callback(
timer_or_ui_cadence,applications/external/nfc_rfid_detector/nfc_rfid_detector_app.c,39,view_dispatcher_set_tick_event_callback(
unbounded_wait,applications/external/nightstand_clock/clock_app.c,92,"furi_message_queue_put(event_queue, &event, FuriWaitForever);"
timer_or_ui_cadence,applications/external/nightstand_clock/clock_app.c,342,"furi_timer_start(timer, furi_kernel_get_tick_frequency());"
unbounded_wait,applications/external/nightstand_clock/clock_app.c,352,"if(furi_mutex_acquire(plugin_state->mutex, FuriWaitForever) != FuriStatusOk) continue;"
explicit_delay,applications/external/nrf24batch/lib/nrf24/nrf24.c,257,furi_delay_us(100);
explicit_delay,applications/external/nrf24batch/lib/nrf24/nrf24.c,278,//furi_delay_ms(1000);
explicit_delay,applications/external/nrf24batch/nrf24batch.c,365,furi_delay_ms(10);
explicit_delay,applications/external/nrf24batch/nrf24batch.c,370,furi_delay_ms(100);
explicit_delay,applications/external/nrf24batch/nrf24batch.c,870,furi_delay_ms(delay_between_pkt);
explicit_delay,applications/external/nrf24batch/nrf24batch.c,888,//furi_delay_ms(delay_between_pkt); // do it fast
unbounded_wait,applications/external/nrf24batch/nrf24batch.c,1118,"furi_message_queue_put(event_queue, &event, FuriWaitForever);"
timer_or_ui_cadence,applications/external/nrf24batch/nrf24batch.c,1552,"furi_timer_start(work_timer, WORK_PERIOD);"
unbounded_wait,applications/external/nrf24batch/nrf24batch.c,1559,"furi_mutex_acquire(APP->plugin_state->mutex, FuriWaitForever);"
explicit_delay,applications/external/nrf24channelscanner/lib/nrf24/nrf24.c,114,if(!nodelay) furi_delay_ms(2000);
unbounded_wait,applications/external/nrf24channelscanner/nrf24channelscanner.c,109,"furi_message_queue_put(event_queue, &event, FuriWaitForever);"
explicit_delay,applications/external/nrf24channelscanner/nrf24channelscanner.c,131,furi_delay_us(delayPerChan);
explicit_delay,applications/external/nrf24channelscanner/nrf24channelscanner.c,141,furi_delay_ms(1);
explicit_delay,applications/external/nrf24channelscanner/nrf24channelscanner.c,178,furi_delay_ms(10);
unbounded_wait,applications/external/nrf24channelscanner/nrf24channelscanner.c,193,"furi_check(furi_message_queue_get(event_queue, &event, FuriWaitForever) == FuriStatusOk);"
thread_join,applications/external/nrf24channelscanner/nrf24channelscanner.c,202,furi_thread_join(thread);
thread_join,applications/external/nrf24channelscanner/nrf24channelscanner.c,213,furi_thread_join(thread);
thread_join,applications/external/nrf24channelscanner/nrf24channelscanner.c,255,furi_thread_join(thread);
explicit_delay,applications/external/nrf24mousejacker/lib/nrf24/nrf24.c,269,furi_delay_ms(5000);
explicit_delay,applications/external/nrf24mousejacker/lib/nrf24/nrf24.c,293,furi_delay_ms(2000);
explicit_delay,applications/external/nrf24mousejacker/lib/nrf24/nrf24.c,308,furi_delay_ms(2);
explicit_delay,applications/external/nrf24mousejacker/lib/nrf24/nrf24.c,356,furi_delay_ms(200);
explicit_delay,applications/external/nrf24mousejacker/lib/nrf24/nrf24.c,381,furi_delay_ms(100);
unbounded_wait,applications/external/nrf24mousejacker/mousejacker.c,46,"furi_mutex_acquire(plugin_state->mutex, FuriWaitForever);"
unbounded_wait,applications/external/nrf24mousejacker/mousejacker.c,101,"furi_message_queue_put(event_queue, &event, FuriWaitForever);"
explicit_delay,applications/external/nrf24mousejacker/mousejacker.c,321,furi_delay_ms(10);
unbounded_wait,applications/external/nrf24mousejacker/mousejacker.c,329,"furi_mutex_acquire(plugin_state->mutex, FuriWaitForever);"
thread_join,applications/external/nrf24mousejacker/mousejacker.c,369,furi_thread_join(
explicit_delay,applications/external/nrf24mousejacker/mousejacker_ducky.c,209,furi_delay_ms(12);
explicit_delay,applications/external/nrf24mousejacker/mousejacker_ducky.c,274,furi_delay_ms(10);
explicit_delay,applications/external/nrf24scan/lib/nrf24/nrf24.c,277,furi_delay_ms(1000);
explicit_delay,applications/external/nrf24scan/lib/nrf24/nrf24.c,301,furi_delay_ms(2);
explicit_delay,applications/external/nrf24scan/lib/nrf24/nrf24.c,316,furi_delay_ms(2);
explicit_delay,applications/external/nrf24scan/lib/nrf24/nrf24.c,364,furi_delay_ms(200);
explicit_delay,applications/external/nrf24scan/lib/nrf24/nrf24.c,389,furi_delay_ms(100);
unbounded_wait,applications/external/nrf24scan/nrf24scan.c,465,"furi_message_queue_put(event_queue, &event, FuriWaitForever);"
explicit_delay,applications/external/nrf24scan/nrf24scan.c,1365,furi_delay_ms(100);
unbounded_wait,applications/external/nrf24scan/nrf24scan.c,1413,"furi_mutex_acquire(plugin_state->mutex, FuriWaitForever);"
explicit_delay,applications/external/nrf24sniff/lib/nrf24/nrf24.c,269,furi_delay_ms(5000);
explicit_delay,applications/external/nrf24sniff/lib/nrf24/nrf24.c,293,furi_delay_ms(2000);
explicit_delay,applications/external/nrf24sniff/lib/nrf24/nrf24.c,308,furi_delay_ms(2);
explicit_delay,applications/external/nrf24sniff/lib/nrf24/nrf24.c,356,furi_delay_ms(200);
explicit_delay,applications/external/nrf24sniff/lib/nrf24/nrf24.c,381,furi_delay_ms(100);
unbounded_wait,applications/external/nrf24sniff/nrfsniff.c,102,"furi_mutex_acquire(plugin_state->mutex, FuriWaitForever);"
unbounded_wait,applications/external/nrf24sniff/nrfsniff.c,138,"furi_message_queue_put(event_queue, &event, FuriWaitForever);"
explicit_delay,applications/external/nrf24sniff/nrfsniff.c,339,furi_delay_ms(10);
explicit_delay,applications/external/nrf24sniff/nrfsniff.c,342,furi_delay_ms(100);
unbounded_wait,applications/external/nrf24sniff/nrfsniff.c,372,"furi_mutex_acquire(plugin_state->mutex, FuriWaitForever);"
unbounded_wait,applications/external/oscilloscope/scenes/scope_scene_run.c,562,"furi_message_queue_put(event_queue, input_event, FuriWaitForever);"
timer_or_ui_cadence,applications/external/oscilloscope/scope.c,53,view_dispatcher_set_tick_event_callback(
unbounded_wait,applications/external/paint/paint.c,24,"furi_mutex_acquire(paint_state->mutex, FuriWaitForever);"
unbounded_wait,applications/external/paint/paint.c,51,"furi_message_queue_put(event_queue, input_event, FuriWaitForever);"
unbounded_wait,applications/external/paint/paint.c,80,"while(furi_message_queue_get(event_queue, &event, FuriWaitForever) == FuriStatusOk) {"
unbounded_wait,applications/external/passgen/passgen.c,100,"furi_check(furi_mutex_acquire(app->mutex, FuriWaitForever) == FuriStatusOk);"
unbounded_wait,applications/external/passgen/passgen.c,214,"while(furi_message_queue_get(app->input_queue, &input, FuriWaitForever) == FuriStatusOk) {"
unbounded_wait,applications/external/passgen/passgen.c,215,"furi_check(furi_mutex_acquire(app->mutex, FuriWaitForever) == FuriStatusOk);"
timer_or_ui_cadence,applications/external/passy/passy.c,138,view_dispatcher_set_tick_event_callback(
timer_or_ui_cadence,applications/external/passy/scenes/passy_scene_delete_success.c,15,"popup_set_timeout(popup, 1500);"
unbounded_wait,applications/external/pc_monitor/pc_monitor.c,25,"furi_message_queue_put(event_queue, input_event, FuriWaitForever);"
explicit_delay,applications/external/pc_monitor/pc_monitor.c,86,furi_delay_ms(200);
explicit_delay,applications/external/pc_monitor/pc_monitor.c,122,furi_delay_ms(200);
timer_or_ui_cadence,applications/external/picopass/picopass.c,33,view_dispatcher_set_tick_event_callback(
explicit_delay,applications/external/picopass/protocol/picopass_poller.c,49,furi_delay_ms(100);
explicit_delay,applications/external/picopass/protocol/picopass_poller.c,727,furi_delay_ms(100);
timer_or_ui_cadence,applications/external/picopass/scenes/picopass_scene_delete_success.c,15,"popup_set_timeout(popup, 1500);"
timer_or_ui_cadence,applications/external/picopass/scenes/picopass_scene_nr_mac_saved.c,17,"popup_set_timeout(popup, 1500);"
timer_or_ui_cadence,applications/external/picopass/scenes/picopass_scene_save_success.c,17,"popup_set_timeout(popup, 1500);"
explicit_delay,applications/external/pocsag_pager/helpers/radio_device_loader.c,11,furi_delay_ms(10);
timer_or_ui_cadence,applications/external/pocsag_pager/pocsag_pager_app.c,42,view_dispatcher_set_tick_event_callback(
timer_or_ui_cadence,applications/external/pocsag_pager/views/pocsag_pager_receiver.c,92,"furi_timer_start(pcsg_receiver->timer, 1000);"
timer_or_ui_cadence,applications/external/pocsag_pager/views/pocsag_pager_receiver.c,310,"furi_timer_start(pcsg_receiver->timer, 1000);"
timer_or_ui_cadence,applications/external/pocsag_pager/views/pocsag_pager_receiver.c,323,"furi_timer_start(pcsg_receiver->timer, 650);"
critical_or_scheduler_lock,applications/external/pokemon_trading/lib/flipper-gblink/gblink/exti_workaround.c,146,FURI_CRITICAL_ENTER();
critical_or_scheduler_lock,applications/external/pokemon_trading/lib/flipper-gblink/gblink/exti_workaround.c,196,FURI_CRITICAL_ENTER();
critical_or_scheduler_lock,applications/external/pokemon_trading/lib/flipper-gblink/gblink/gblink.c,234,FURI_CRITICAL_ENTER();
unbounded_wait,applications/external/pokemon_trading/lib/flipper-gblink/gblink/gblink.c,278,"furi_semaphore_acquire(gblink->transfer_sem, FuriWaitForever);"
unbounded_wait,applications/external/pokemon_trading/lib/flipper-gblink/gblink/gblink.c,352,"furi_mutex_acquire(gblink->start_mutex, FuriWaitForever);"
unbounded_wait,applications/external/pokemon_trading/lib/flipper-gblink/protocols/printer/printer_proto.c,25,"flags = furi_thread_flags_wait(THREAD_FLAGS_ALL, FuriFlagWaitAny, FuriWaitForever);"
priority_change,applications/external/pokemon_trading/lib/flipper-gblink/protocols/printer/printer_proto.c,51,"furi_thread_set_priority(printer->thread, FuriThreadPriorityHighest);"
thread_join,applications/external/pokemon_trading/lib/flipper-gblink/protocols/printer/printer_proto.c,79,furi_thread_join(printer->thread);
timer_or_ui_cadence,applications/external/pokemon_trading/src/views/trade.c,886,"furi_timer_start(trade->draw_timer, furi_ms_to_ticks(250));"
timer_or_ui_cadence,applications/external/pomodoro/flipp_pomodoro_app.c,85,"view_dispatcher_set_tick_event_callback(app->view_dispatcher, flipp_pomodoro_app_tick_event_callback, 1000);"
unbounded_wait,applications/external/pong/flipper_pong.c,43,"furi_mutex_acquire(playersMutex->mutex, FuriWaitForever);"
unbounded_wait,applications/external/pong/flipper_pong.c,71,"furi_message_queue_put(event_queue, &event, FuriWaitForever);"
timer_or_ui_cadence,applications/external/pong/flipper_pong.c,145,"furi_timer_start(timer, 1000 / FPS);"
unbounded_wait,applications/external/pong/flipper_pong.c,148,"FuriStatus event_status = furi_message_queue_get(event_queue, &event, FuriWaitForever);"
unbounded_wait,applications/external/pong/flipper_pong.c,149,"furi_mutex_acquire(players.mutex, FuriWaitForever);"
unbounded_wait,applications/external/portal_of_flipper/helpers/pof_usb.c,43,uint32_t timeout = TIMEOUT_NORMAL; // FuriWaitForever; //ms
thread_join,applications/external/portal_of_flipper/helpers/pof_usb.c,171,furi_thread_join(pof_usb->thread);
unbounded_wait,applications/external/portal_of_flipper/helpers/pof_usb_xbox360.c,54,uint32_t timeout = TIMEOUT_NORMAL;  // FuriWaitForever; //ms
thread_join,applications/external/portal_of_flipper/helpers/pof_usb_xbox360.c,186,furi_thread_join(pof_usb->thread);
timer_or_ui_cadence,applications/external/portal_of_flipper/portal_of_flipper.c,48,view_dispatcher_set_tick_event_callback(
timer_or_ui_cadence,applications/external/portal_of_flipper/virtual_portal.c,212,"furi_timer_start(virtual_portal->led_timer, 10);"
explicit_delay,applications/external/portal_of_flipper/virtual_portal.c,479,// furi_delay_ms(delay); // causes issues
unbounded_wait,applications/external/programmer_calculator/calculator.c,13,"while(furi_message_queue_get(event_queue, &event, FuriWaitForever) == FuriStatusOk) {"
unbounded_wait,applications/external/programmer_calculator/input_handling.c,18,"furi_message_queue_put(event_queue, input_event, FuriWaitForever);"
unbounded_wait,applications/external/programmer_calculator/ui_drawing.c,156,"furi_mutex_acquire(calculator_state->mutex, FuriWaitForever);"
explicit_delay,applications/external/proto_pirate/helpers/radio_device_loader.c,19,furi_delay_ms(10);
timer_or_ui_cadence,applications/external/proto_pirate/protopirate_app.c,186,view_dispatcher_set_tick_event_callback(
explicit_delay,applications/external/proto_pirate/scenes/plugins/protopirate_emulate_plugin.c,292,furi_delay_ms(10);
explicit_delay,applications/external/proto_pirate/scenes/plugins/protopirate_emulate_plugin.c,902,furi_delay_ms(10);
explicit_delay,applications/external/proto_pirate/scenes/plugins/protopirate_emulate_plugin.c,1064,furi_delay_ms(10);
blocking_notification,applications/external/proto_pirate/scenes/plugins/protopirate_emulate_plugin.c,1092,"notification_message_block(app->notifications, &sequence_blink_stop);"
thread_join,applications/external/proto_pirate/scenes/plugins/protopirate_psa_bf_plugin.c,170,furi_thread_join(g_bf_thread);
thread_join,applications/external/proto_pirate/scenes/plugins/protopirate_psa_bf_plugin.c,195,furi_thread_join(g_bf_thread);
unbounded_wait,applications/external/protoview/app.c,19,"furi_mutex_acquire(app->view_updating_mutex, FuriWaitForever);"
unbounded_wait,applications/external/protoview/app.c,59,"furi_message_queue_put(app->event_queue, input_event, FuriWaitForever);"
unbounded_wait,applications/external/protoview/app.c,70,"furi_mutex_acquire(app->view_updating_mutex, FuriWaitForever);"
timer_or_ui_cadence,applications/external/protoview/app.c,265,"furi_timer_start(timer, furi_kernel_get_tick_frequency() / 8);"
explicit_delay,applications/external/protoview/app_subghz.c,147,furi_delay_ms(10);
critical_or_scheduler_lock,applications/external/protoview/app_subghz.c,201,FURI_CRITICAL_ENTER();
explicit_delay,applications/external/protoview/helpers/radio_device_loader.c,11,furi_delay_ms(10);
unbounded_wait,applications/external/protoview/raw_samples.c,28,"furi_mutex_acquire(s->mutex, FuriWaitForever);"
unbounded_wait,applications/external/protoview/raw_samples.c,44,"furi_mutex_acquire(s->mutex, FuriWaitForever);"
unbounded_wait,applications/external/protoview/raw_samples.c,60,"furi_mutex_acquire(s->mutex, FuriWaitForever);"
unbounded_wait,applications/external/protoview/raw_samples.c,77,"furi_mutex_acquire(s->mutex, FuriWaitForever);"
unbounded_wait,applications/external/protoview/raw_samples.c,86,"furi_mutex_acquire(src->mutex, FuriWaitForever);"
unbounded_wait,applications/external/protoview/raw_samples.c,87,"furi_mutex_acquire(dst->mutex, FuriWaitForever);"
critical_or_scheduler_lock,applications/external/protoview/view_direct_sampling.c,167,FURI_CRITICAL_ENTER();
unbounded_wait,applications/external/qrcode/qrcode_app.c,171,"furi_check(furi_mutex_acquire(instance->mutex, FuriWaitForever) == FuriStatusOk);"
unbounded_wait,applications/external/qrcode/qrcode_app.c,479,"furi_check(furi_mutex_acquire(instance->mutex, FuriWaitForever) == FuriStatusOk);"
unbounded_wait,applications/external/qrcode/qrcode_app.c,781,"furi_check(furi_mutex_acquire(instance->mutex, FuriWaitForever) == FuriStatusOk);"
explicit_delay,applications/external/quac/actions/action_ibutton.c,36,furi_delay_ms(interval_ms);
explicit_delay,applications/external/quac/actions/action_nfc.c,31,furi_delay_ms(interval_ms);
explicit_delay,applications/external/quac/actions/action_qpl.c,82,furi_delay_ms(pause_length);
explicit_delay,applications/external/quac/actions/action_qpl.c,185,// furi_delay_ms(25);
explicit_delay,applications/external/quac/actions/action_rfid.c,97,furi_delay_ms(interval_ms);
unbounded_wait,applications/external/quac/actions/action_subghz.c,187,"furi_thread_flags_wait(0, FuriFlagWaitAll, FuriWaitForever);"
explicit_delay,applications/external/quac/actions/action_subghz.c,189,furi_delay_ms(app->settings.subghz_duration);
timer_or_ui_cadence,applications/external/quac/views/action_menu.c,88,"furi_timer_start(menu->scroll_timer, SCROLL_INTERVAL);"
unbounded_wait,applications/external/quadrastic/src/engine/game_engine.c,145,"furi_thread_flags_wait(GameThreadFlagMask, FuriFlagWaitAny, FuriWaitForever);"
explicit_delay,applications/external/quadrastic/src/engine/game_engine.c,182,furi_delay_tick(2);
explicit_delay,applications/external/quadrastic/src/engine/sensors/ICM42688P/ICM42688P.c,251,furi_delay_ms(1);
explicit_delay,applications/external/quadrastic/src/engine/sensors/ICM42688P/ICM42688P.c,282,furi_delay_ms(45);
explicit_delay,applications/external/quadrastic/src/engine/sensors/imu.c,88,furi_delay_ms(10);
explicit_delay,applications/external/quadrastic/src/engine/sensors/imu.c,99,furi_delay_ms(2);
unbounded_wait,applications/external/quadrastic/src/engine/sensors/imu.c,147,"uint32_t events = furi_thread_flags_wait(FLAGS_ALL, FuriFlagWaitAny, FuriWaitForever);"
thread_join,applications/external/quadrastic/src/engine/sensors/imu.c,183,furi_thread_join(imu->thread);
blocking_notification,applications/external/radar_scanner/radar_scanner.c,24,"notification_message_block(notifications, &sequence_set_only_red_255);"
blocking_notification,applications/external/radar_scanner/radar_scanner.c,27,"notification_message_block(notifications, &sequence_double_vibro);"
blocking_notification,applications/external/radar_scanner/radar_scanner.c,39,"notification_message_block(notifications, &sequence_reset_rgb);"
blocking_notification,applications/external/radar_scanner/radar_scanner.c,42,"notification_message_block(notifications, &sequence_reset_vibro);"
unbounded_wait,applications/external/radar_scanner/radar_scanner.c,114,"furi_message_queue_put(event_queue, input_event, FuriWaitForever);"
blocking_notification,applications/external/radar_scanner/radar_scanner.c,131,"notification_message_block(notifications, &sequence_display_backlight_enforce_on);"
explicit_delay,applications/external/radar_scanner/radar_scanner.c,154,furi_delay_ms(10);
blocking_notification,applications/external/radar_scanner/radar_scanner.c,172,"notification_message_block(notifications, &sequence_set_only_green_255);"
blocking_notification,applications/external/radar_scanner/radar_scanner.c,201,"notification_message_block(notifications, &sequence_display_backlight_enforce_auto);"
unbounded_wait,applications/external/radio_scanner/radio_scanner_app.c,60,"furi_message_queue_put(event_queue, input_event, FuriWaitForever);"
explicit_delay,applications/external/radio_scanner/radio_scanner_app.c,418,furi_delay_ms(10);
unbounded_wait,applications/external/rc2014_coleco/coleco.c,52,"furi_mutex_acquire(coleco->mutex, FuriWaitForever);"
unbounded_wait,applications/external/rc2014_coleco/coleco.c,139,"furi_message_queue_put(event_queue, &event, FuriWaitForever);"
unbounded_wait,applications/external/rc2014_coleco/coleco.c,222,"furi_mutex_acquire(coleco->mutex, FuriWaitForever);"
unbounded_wait,applications/external/reversi/game_reversi.c,38,"furi_message_queue_put(event_queue, input_event, FuriWaitForever);"
unbounded_wait,applications/external/reversi/game_reversi.c,44,"furi_mutex_acquire(app_state->mutex, FuriWaitForever);"
unbounded_wait,applications/external/reversi/game_reversi.c,327,"furi_mutex_acquire(app_state.mutex, FuriWaitForever);"
unbounded_wait,applications/external/reversi/game_reversi.c,337,"furi_mutex_acquire(app_state.mutex, FuriWaitForever);"
explicit_delay,applications/external/rolling_flaws/rolling_flaws.c,67,furi_delay_ms(50);
explicit_delay,applications/external/rolling_flaws/rolling_flaws.c,156,furi_delay_ms(200);
explicit_delay,applications/external/rolling_flaws/rolling_flaws.c,158,furi_delay_ms(100);
explicit_delay,applications/external/rolling_flaws/rolling_flaws.c,161,furi_delay_ms(100);
explicit_delay,applications/external/rolling_flaws/rolling_flaws.c,190,furi_delay_ms(200);
explicit_delay,applications/external/rolling_flaws/rolling_flaws.c,202,furi_delay_ms(100);
explicit_delay,applications/external/rolling_flaws/rolling_flaws.c,204,furi_delay_ms(100);
explicit_delay,applications/external/rolling_flaws/rolling_flaws.c,206,furi_delay_ms(200);
explicit_delay,applications/external/rolling_flaws/rolling_flaws_send_keeloq.c,94,furi_delay_ms(100);
thread_join,applications/external/rolling_flaws/rolling_flaws_subghz_receive.c,128,furi_thread_join(context->thread);
unbounded_wait,applications/external/rootoflife/roots_of_life_game.c,579,"furi_mutex_acquire(state->mutex, FuriWaitForever);"
unbounded_wait,applications/external/rootoflife/roots_of_life_game.c,619,"furi_message_queue_put(event_queue, &event, FuriWaitForever);"
timer_or_ui_cadence,applications/external/rootoflife/roots_of_life_game.c,705,"furi_timer_start(timer, furi_kernel_get_tick_frequency() / 22);"
unbounded_wait,applications/external/rootoflife/roots_of_life_game.c,715,"furi_mutex_acquire(state->mutex, FuriWaitForever);"
explicit_delay,applications/external/rubiks_cube_scrambler/rubiks_cube_scrambler.c,20,furi_delay_ms(50);
unbounded_wait,applications/external/rubiks_cube_scrambler/rubiks_cube_scrambler.c,65,"furi_message_queue_put(event_queue, input_event, FuriWaitForever);"
unbounded_wait,applications/external/rubiks_cube_scrambler/rubiks_cube_scrambler.c,84,"furi_check(furi_message_queue_get(event_queue, &event, FuriWaitForever) == FuriStatusOk);"
timer_or_ui_cadence,applications/external/saflip/scenes/saflip_scene_emulate.c,117,"popup_set_timeout(app->popup, 3000);"
timer_or_ui_cadence,applications/external/saflip/scenes/saflip_scene_read_card.c,110,"popup_set_timeout(app->popup, 1000);"
timer_or_ui_cadence,applications/external/saflip/scenes/saflip_scene_read_card.c,121,"popup_set_timeout(app->popup, 1000);"
timer_or_ui_cadence,applications/external/saflip/scenes/saflip_scene_read_card.c,173,"popup_set_timeout(app->popup, 1500);"
timer_or_ui_cadence,applications/external/saflip/scenes/saflip_scene_save.c,73,"popup_set_timeout(popup, 1500);"
timer_or_ui_cadence,applications/external/saflip/scenes/saflip_scene_save.c,100,"popup_set_timeout(popup, 1500);"
timer_or_ui_cadence,applications/external/saflip/scenes/saflip_scene_write_card.c,77,"popup_set_timeout(app->popup, 1000);"
unbounded_wait,applications/external/scorched_tanks/scorched_tanks_game_app.c,256,"furi_mutex_acquire(game_state->mutex, FuriWaitForever);"
unbounded_wait,applications/external/scorched_tanks/scorched_tanks_game_app.c,358,"furi_message_queue_put(event_queue, &event, FuriWaitForever);"
timer_or_ui_cadence,applications/external/scorched_tanks/scorched_tanks_game_app.c,494,"furi_timer_start(timer, 2000);"
unbounded_wait,applications/external/scorched_tanks/scorched_tanks_game_app.c,503,"furi_mutex_acquire(game_state->mutex, FuriWaitForever);"
explicit_delay,applications/external/seader/ccid.c,356,furi_delay_ms(100);
explicit_delay,applications/external/seader/protocol/picopass_poller.c,33,furi_delay_ms(100);
explicit_delay,applications/external/seader/protocol/picopass_poller.c,67,furi_delay_ms(100);
timer_or_ui_cadence,applications/external/seader/scenes/seader_scene_delete_success.c,15,"popup_set_timeout(popup, 1500);"
timer_or_ui_cadence,applications/external/seader/scenes/seader_scene_save_success.c,17,"popup_set_timeout(popup, 1500);"
timer_or_ui_cadence,applications/external/seader/scenes/seader_scene_start.c,19,"popup_set_timeout(seader->popup, 2500);"
explicit_delay,applications/external/seader/seader.c,414,furi_delay_ms(SEADER_BOARD_POWER_SETTLE_MS);
explicit_delay,applications/external/seader/seader.c,440,furi_delay_ms(SEADER_BOARD_ENABLE_SETTLE_MS);
explicit_delay,applications/external/seader/seader.c,471,furi_delay_ms(SEADER_BOARD_RETRY_COOLDOWN_MS);
explicit_delay,applications/external/seader/seader.c,699,furi_delay_ms(10);
timer_or_ui_cadence,applications/external/seader/seader.c,984,view_dispatcher_set_tick_event_callback(
explicit_delay,applications/external/seader/seader_worker.c,147,furi_delay_ms(10);
thread_join,applications/external/seader/seader_worker.c,283,furi_thread_join(seader_worker->thread);
thread_join,applications/external/seader/seader_worker.c,292,furi_thread_join(seader_worker->thread);
unbounded_wait,applications/external/seader/seader_worker.c,380,"if(furi_message_queue_put(seader_worker->messages, &slot_index, FuriWaitForever) !="
unbounded_wait,applications/external/seader/seader_worker.c,461,"if(!seader_worker_dequeue_apdu(seader_worker, &slot_index, FuriWaitForever)) {"
explicit_delay,applications/external/seader/seader_worker.c,482,if(running) furi_delay_ms(10); // Don't tight loop if empty
explicit_delay,applications/external/seader/seader_worker.c,601,furi_delay_ms(10);
explicit_delay,applications/external/seader/seader_worker.c,620,furi_delay_ms(50);
thread_join,applications/external/seader/uart.c,32,furi_thread_join(seader_uart->thread);
unbounded_wait,applications/external/seader/uart.c,109,"furi_thread_flags_wait(WORKER_ALL_RX_EVENTS, FuriFlagWaitAny, FuriWaitForever);"
explicit_delay,applications/external/seader/uart.c,134,furi_delay_ms(5); //WTF
thread_join,applications/external/seader/uart.c,151,furi_thread_join(seader_uart->tx_thread);
unbounded_wait,applications/external/seader/uart.c,182,"furi_thread_flags_wait(WORKER_ALL_TX_EVENTS, FuriFlagWaitAny, FuriWaitForever);"
explicit_delay,applications/external/sentry_safe/sentry_safe.c,120,furi_delay_ms(3.4);
explicit_delay,applications/external/sentry_safe/sentry_safe.c,128,furi_delay_ms(100);
unbounded_wait,applications/external/sentry_safe/sentry_safe.c,136,"furi_mutex_acquire(state->mutex, FuriWaitForever);"
unbounded_wait,applications/external/sentry_safe/sentry_safe.c,217,"furi_message_queue_put(event_queue, &event, FuriWaitForever);"
unbounded_wait,applications/external/sentry_safe/sentry_safe.c,252,"furi_mutex_acquire(state->mutex, FuriWaitForever);"
explicit_delay,applications/external/sentry_safe/sentry_safe.c,310,furi_delay_ms(500);
timer_or_ui_cadence,applications/external/seos/scenes/seos_scene_delete_success.c,15,"popup_set_timeout(popup, 1500);"
timer_or_ui_cadence,applications/external/seos/scenes/seos_scene_keys_menu.c,109,"popup_set_timeout(seos->popup, 2000);"
timer_or_ui_cadence,applications/external/seos/scenes/seos_scene_save_success.c,17,"popup_set_timeout(popup, 1500);"
timer_or_ui_cadence,applications/external/seos/scenes/seos_scene_write_success.c,21,"popup_set_timeout(popup, 1500);"
timer_or_ui_cadence,applications/external/seos/scenes/seos_scene_zero_keys.c,19,"popup_set_timeout(popup, 5 * 1000);"
timer_or_ui_cadence,applications/external/seos/seos.c,34,"view_dispatcher_set_tick_event_callback(seos->view_dispatcher, seos_tick_event_callback, 100);"
timer_or_ui_cadence,applications/external/seos/seos_hci.c,480,"furi_check(furi_timer_start(seos_hci->timer, delay) == FuriStatusOk);"
timer_or_ui_cadence,applications/external/seos/seos_hci.c,509,"furi_check(furi_timer_start(seos_hci->timer, delay) == FuriStatusOk);"
explicit_delay,applications/external/seos/seos_hci_h5.c,60,furi_delay_ms(3);
thread_join,applications/external/seos/seos_hci_h5.c,85,furi_thread_join(seos_hci_h5->thread);
unbounded_wait,applications/external/seos/seos_hci_h5.c,394,"if(furi_mutex_acquire(seos_hci_h5->mq_mutex, FuriWaitForever) == FuriStatusOk) {"
unbounded_wait,applications/external/seos/seos_hci_h5.c,395,"furi_message_queue_put(seos_hci_h5->messages, &message, FuriWaitForever);"
unbounded_wait,applications/external/seos/seos_hci_h5.c,444,"furi_message_queue_get(seos_hci_h5->messages, &message, FuriWaitForever);"
explicit_delay,applications/external/seos/seos_hci_h5.c,464,// furi_delay_ms(1);
unbounded_wait,applications/external/seos/seos_native_peripheral.c,53,"if(furi_mutex_acquire(seos_native_peripheral->mq_mutex, FuriWaitForever) =="
unbounded_wait,applications/external/seos/seos_native_peripheral.c,56,"seos_native_peripheral->messages, &message, FuriWaitForever);"
explicit_delay,applications/external/seos/seos_native_peripheral.c,147,furi_delay_ms(200);
explicit_delay,applications/external/seos/seos_native_peripheral.c,171,furi_delay_ms(200);
thread_join,applications/external/seos/seos_native_peripheral.c,177,furi_thread_join(seos_native_peripheral->thread);
unbounded_wait,applications/external/seos/seos_native_peripheral.c,497,"seos_native_peripheral->messages, &message, FuriWaitForever);"
explicit_delay,applications/external/seos/seos_native_peripheral.c,514,furi_delay_ms(1);
unbounded_wait,applications/external/seos/seos_service.c,108,"furi_mutex_acquire(seos_svc->buff_size_mtx, FuriWaitForever) =="
thread_join,applications/external/seos/uart.c,31,furi_thread_join(seos_uart->thread);
unbounded_wait,applications/external/seos/uart.c,119,"furi_thread_flags_wait(WORKER_ALL_RX_EVENTS, FuriFlagWaitAny, FuriWaitForever);"
explicit_delay,applications/external/seos/uart.c,130,furi_delay_ms(5); //WTF
thread_join,applications/external/seos/uart.c,155,furi_thread_join(seos_uart->tx_thread);
unbounded_wait,applications/external/seos/uart.c,181,"furi_thread_flags_wait(WORKER_ALL_TX_EVENTS, FuriFlagWaitAny, FuriWaitForever);"
timer_or_ui_cadence,applications/external/signal_generator/signal_gen_app.c,38,view_dispatcher_set_tick_event_callback(
unbounded_wait,applications/external/simonsays/simon_says.c,231,"furi_mutex_acquire(simon_state->mutex, FuriWaitForever);"
unbounded_wait,applications/external/simonsays/simon_says.c,370,"furi_message_queue_put(event_queue, input_event, FuriWaitForever);"
unbounded_wait,applications/external/simonsays/simon_says.c,587,"furi_mutex_acquire(simon_state->mutex, FuriWaitForever);"
unbounded_wait,applications/external/simultaneous_rfid_reader/helpers/uart_helper.c,88,"WorkerEventDataWaiting | WorkerEventExiting, FuriFlagWaitAny, FuriWaitForever);"
thread_join,applications/external/simultaneous_rfid_reader/helpers/uart_helper.c,254,furi_thread_join(helper->worker_thread);
explicit_delay,applications/external/simultaneous_rfid_reader/helpers/yrm100x_module.c,213,// furi_delay_ms(DELAY_MS);
thread_join,applications/external/simultaneous_rfid_reader/helpers/yrm100x_uart.c,55,// furi_thread_join(uart->thread);
thread_join,applications/external/simultaneous_rfid_reader/helpers/yrm100x_worker.c,229,furi_thread_join(uhf_worker->thread);
timer_or_ui_cadence,applications/external/simultaneous_rfid_reader/views/view_config.c,29,"popup_set_timeout(popup, 2000);"
timer_or_ui_cadence,applications/external/simultaneous_rfid_reader/views/view_delete.c,182,"furi_timer_start(App->Timer, Period);"
timer_or_ui_cadence,applications/external/simultaneous_rfid_reader/views/view_delete_success.c,103,"furi_timer_start(App->Timer, Period);"
timer_or_ui_cadence,applications/external/simultaneous_rfid_reader/views/view_epc.c,218,"furi_timer_start(App->Timer, Period);"
timer_or_ui_cadence,applications/external/simultaneous_rfid_reader/views/view_epc_info.c,207,"furi_timer_start(App->Timer, Period);"
timer_or_ui_cadence,applications/external/simultaneous_rfid_reader/views/view_read.c,477,"furi_timer_start(App->Timer, Period);"
timer_or_ui_cadence,applications/external/simultaneous_rfid_reader/views/view_write.c,97,"furi_timer_start(App->Timer, Period);"
unbounded_wait,applications/external/slots/slotmachine.c,151,"furi_check(furi_mutex_acquire(slotmachine->model_mutex, FuriWaitForever) == FuriStatusOk);"
unbounded_wait,applications/external/slots/slotmachine.c,233,"furi_message_queue_put(slotmachine->input_queue, input_event, FuriWaitForever);"
unbounded_wait,applications/external/slots/slotmachine.c,296,"furi_mutex_acquire(slotmachine->model_mutex, FuriWaitForever) == FuriStatusOk);"
unbounded_wait,applications/external/snake_2/snake_20.c,105,"furi_mutex_acquire(snake_state->mutex, FuriWaitForever);"
unbounded_wait,applications/external/snake_2/snake_20.c,297,"furi_message_queue_put(event_queue, &event, FuriWaitForever);"
blocking_notification,applications/external/snake_2/snake_20.c,453,"notification_message_block(notification, &sequence_fail);"
blocking_notification,applications/external/snake_2/snake_20.c,475,"notification_message_block(notification, &sequence_fail);"
blocking_notification,applications/external/snake_2/snake_20.c,500,"notification_message_block(notification, &sequence_fail);"
timer_or_ui_cadence,applications/external/snake_2/snake_20.c,545,"furi_timer_start(timer, furi_kernel_get_tick_frequency() / 4);"
blocking_notification,applications/external/snake_2/snake_20.c,552,"notification_message_block(notification, &sequence_display_backlight_enforce_on);"
unbounded_wait,applications/external/snake_2/snake_20.c,560,"furi_mutex_acquire(snake_state->mutex, FuriWaitForever);"
timer_or_ui_cadence,applications/external/snake_2/snake_20.c,605,"furi_timer_start(timer, furi_kernel_get_tick_frequency() / 4);"
timer_or_ui_cadence,applications/external/snake_2/snake_20.c,635,"furi_timer_start(timer, furi_kernel_get_tick_frequency() / 8);"
timer_or_ui_cadence,applications/external/snake_2/snake_20.c,639,"furi_timer_start(timer, furi_kernel_get_tick_frequency() / 2);"
timer_or_ui_cadence,applications/external/snake_2/snake_20.c,648,"furi_timer_start(timer, furi_kernel_get_tick_frequency() / 8);"
timer_or_ui_cadence,applications/external/snake_2/snake_20.c,652,"furi_timer_start(timer, furi_kernel_get_tick_frequency() / 2);"
timer_or_ui_cadence,applications/external/snake_2/snake_20.c,661,"furi_timer_start(timer, furi_kernel_get_tick_frequency() / 8);"
timer_or_ui_cadence,applications/external/snake_2/snake_20.c,665,"furi_timer_start(timer, furi_kernel_get_tick_frequency() / 2);"
timer_or_ui_cadence,applications/external/snake_2/snake_20.c,674,"furi_timer_start(timer, furi_kernel_get_tick_frequency() / 8);"
timer_or_ui_cadence,applications/external/snake_2/snake_20.c,678,"furi_timer_start(timer, furi_kernel_get_tick_frequency() / 2);"
timer_or_ui_cadence,applications/external/snake_2/snake_20.c,698,"furi_timer_start(timer, furi_kernel_get_tick_frequency() / 4);"
blocking_notification,applications/external/snake_2/snake_20.c,713,"notification_message_block(notification, &sequence_display_backlight_enforce_auto);"
unbounded_wait,applications/external/solitaire/solitaire.c,16,"furi_mutex_acquire(update_mutex, FuriWaitForever);"
blocking_notification,applications/external/solitaire/solitaire.c,66,"notification_message_block(instance->notification_app, &sequence_display_backlight_enforce_on);"
blocking_notification,applications/external/solitaire/solitaire.c,76,notification_message_block(
blocking_notification,applications/external/solitaire/src/scene/main_screen.c,86,notification_message_block(
timer_or_ui_cadence,applications/external/space_playground/fzspground.c,104,"view_dispatcher_set_tick_event_callback(view_dispatcher, tick_cb, 16);"
timer_or_ui_cadence,applications/external/space_playground/fzspground.c,109,"view_dispatcher_set_tick_event_callback(view_dispatcher, NULL, 0);"
explicit_delay,applications/external/spectrum_analyzer/helpers/radio_device_loader.c,11,furi_delay_ms(10);
unbounded_wait,applications/external/spectrum_analyzer/spectrum_analyzer.c,111,"//furi_check(furi_mutex_acquire(spectrum_analyzer->model_mutex, FuriWaitForever) == FuriStatusOk);"
unbounded_wait,applications/external/spectrum_analyzer/spectrum_analyzer.c,219,"furi_message_queue_put(spectrum_analyzer->event_queue, input_event, FuriWaitForever);"
unbounded_wait,applications/external/spectrum_analyzer/spectrum_analyzer.c,231,"furi_mutex_acquire(spectrum_analyzer->model_mutex, FuriWaitForever) == FuriStatusOk);"
explicit_delay,applications/external/spectrum_analyzer/spectrum_analyzer.c,449,furi_delay_ms(50);
explicit_delay,applications/external/spectrum_analyzer/spectrum_analyzer.c,460,furi_delay_ms(50);
unbounded_wait,applications/external/spectrum_analyzer/spectrum_analyzer.c,462,"while(furi_message_queue_get(spectrum_analyzer->event_queue, &input, FuriWaitForever) =="
unbounded_wait,applications/external/spectrum_analyzer/spectrum_analyzer.c,465,"furi_mutex_acquire(spectrum_analyzer->model_mutex, FuriWaitForever) == FuriStatusOk);"
explicit_delay,applications/external/spectrum_analyzer/spectrum_analyzer.c,550,furi_delay_ms(1000);
explicit_delay,applications/external/spectrum_analyzer/spectrum_analyzer.c,585,furi_delay_ms(1000);
explicit_delay,applications/external/spectrum_analyzer/spectrum_analyzer_worker.c,193,furi_delay_ms(50);
explicit_delay,applications/external/spectrum_analyzer/spectrum_analyzer_worker.c,223,furi_delay_ms(3);
thread_join,applications/external/spectrum_analyzer/spectrum_analyzer_worker.c,344,furi_thread_join(instance->thread);
unbounded_wait,applications/external/spi_mem_manager/lib/spi/spi_mem_worker.c,43,"uint32_t flags = furi_thread_flags_wait(SPIMemEventAll, FuriFlagWaitAny, FuriWaitForever);"
thread_join,applications/external/spi_mem_manager/lib/spi/spi_mem_worker.c,66,furi_thread_join(worker->thread);
explicit_delay,applications/external/spi_mem_manager/lib/spi/spi_mem_worker_modes.c,28,furi_delay_tick(10); // to give some time to OS
explicit_delay,applications/external/spi_mem_manager/lib/spi/spi_mem_worker_modes.c,49,furi_delay_tick(10); // to give some time to OS
explicit_delay,applications/external/spi_mem_manager/lib/spi/spi_mem_worker_modes.c,67,furi_delay_tick(10); // to give some time to OS
explicit_delay,applications/external/spi_mem_manager/lib/spi/spi_mem_worker_modes.c,107,furi_delay_tick(10); // to give some time to OS
explicit_delay,applications/external/spi_mem_manager/lib/spi/spi_mem_worker_modes.c,180,furi_delay_tick(10); // to give some time to OS
timer_or_ui_cadence,applications/external/spi_mem_manager/scenes/spi_mem_scene_success.c,14,"popup_set_timeout(app->popup, 1500);"
timer_or_ui_cadence,applications/external/spi_terminal/flipper_spi_terminal.c,50,view_dispatcher_set_tick_event_callback(
unbounded_wait,applications/external/spi_terminal/flipper_spi_terminal_cli.c,143,"app->terminal_screen.rx_buffer_stream, str, length, FuriWaitForever);"
timer_or_ui_cadence,applications/external/spi_terminal/scenes/scene_terminal.c,202,"furi_timer_start(app->terminal_screen.recv_timer, 300);"
timer_or_ui_cadence,applications/external/sub_analyzer/sub_analyzer.c,637,"popup_set_timeout(app->popup, 1500);"
thread_join,applications/external/subghz_bruteforcer/helpers/subbrute_worker.c,246,furi_thread_join(instance->thread);
explicit_delay,applications/external/subghz_bruteforcer/helpers/subbrute_worker.c,348,furi_delay_ms(timeout);
explicit_delay,applications/external/subghz_bruteforcer/helpers/subbrute_worker.c,372,furi_delay_ms(timeout);
explicit_delay,applications/external/subghz_bruteforcer/helpers/subbrute_worker.c,455,//furi_delay_ms(SUBBRUTE_MANUAL_TRANSMIT_INTERVAL / 4);
explicit_delay,applications/external/subghz_bruteforcer/helpers/subbrute_worker.c,470,furi_delay_ms(instance->tx_timeout_ms);
timer_or_ui_cadence,applications/external/subghz_bruteforcer/scenes/subbrute_scene_save_success.c,12,"popup_set_timeout(popup, 1500);"
timer_or_ui_cadence,applications/external/subghz_bruteforcer/scenes/subbrute_scene_save_success.c,50,"popup_set_timeout(popup, 0);"
timer_or_ui_cadence,applications/external/subghz_bruteforcer/subbrute.c,40,view_dispatcher_set_tick_event_callback(
explicit_delay,applications/external/subghz_playlist/playlist.c,374,furi_delay_ms(1);
explicit_delay,applications/external/subghz_playlist/playlist.c,396,furi_delay_ms(1600);
explicit_delay,applications/external/subghz_playlist/playlist.c,399,furi_delay_ms(20);
explicit_delay,applications/external/subghz_playlist/playlist.c,421,furi_delay_ms(50);
unbounded_wait,applications/external/subghz_playlist/playlist.c,432,"furi_check(furi_mutex_acquire(worker->meta->mutex, FuriWaitForever) == FuriStatusOk);"
unbounded_wait,applications/external/subghz_playlist/playlist.c,492,"furi_mutex_acquire(worker->meta->mutex, FuriWaitForever) == FuriStatusOk);"
explicit_delay,applications/external/subghz_playlist/playlist.c,496,furi_delay_ms(1000);
thread_join,applications/external/subghz_playlist/playlist.c,657,furi_thread_join(worker->thread);
unbounded_wait,applications/external/subghz_playlist/playlist.c,683,"furi_check(furi_mutex_acquire(app->mutex, FuriWaitForever) == FuriStatusOk);"
unbounded_wait,applications/external/subghz_playlist/playlist.c,960,"furi_message_queue_get(app->input_queue, &input, FuriWaitForever) == FuriStatusOk);"
unbounded_wait,applications/external/subghz_playlist/playlist.c,961,"furi_check(furi_mutex_acquire(app->mutex, FuriWaitForever) == FuriStatusOk);"
timer_or_ui_cadence,applications/external/subghz_playlist_creator/scenes/scene_popup.c,9,"popup_set_timeout(app->popup, 2000);"
explicit_delay,applications/external/subghz_remote/helpers/txrx/subghz_txrx.c,19,furi_delay_ms(10);
timer_or_ui_cadence,applications/external/subghz_remote/scenes/subrem_scene_edit_preview.c,25,"popup_set_timeout(popup, 1500);"
timer_or_ui_cadence,applications/external/subghz_remote/scenes/subrem_scene_open_sub_file.c,73,"popup_set_timeout(popup, 1500);"
timer_or_ui_cadence,applications/external/subghz_remote/subghz_remote_app.c,58,view_dispatcher_set_tick_event_callback(
timer_or_ui_cadence,applications/external/subghz_scheduler/src/scheduler_app.c,47,view_dispatcher_set_tick_event_callback(
explicit_delay,applications/external/subghz_scheduler/src/scheduler_run.c,300,furi_delay_ms(1);
explicit_delay,applications/external/subghz_scheduler/src/scheduler_run.c,306,furi_delay_ms(120);
explicit_delay,applications/external/subghz_scheduler/src/scheduler_run.c,307,furi_delay_ms(tx_run->tx_delay);
explicit_delay,applications/external/subghz_scheduler/src/scheduler_run.c,310,furi_delay_ms(50);
explicit_delay,applications/external/subghz_scheduler/src/scheduler_run.c,311,furi_delay_ms(tx_run->tx_delay);
thread_join,applications/external/subghz_scheduler/views/scheduler_run_view.c,184,furi_thread_join(app->thread);
unbounded_wait,applications/external/swd_probe/adi.c,887,"furi_mutex_acquire(ctx->swd_mutex, FuriWaitForever);"
unbounded_wait,applications/external/swd_probe/adi.c,913,"furi_mutex_acquire(ctx->swd_mutex, FuriWaitForever);"
unbounded_wait,applications/external/swd_probe/adi.c,968,"furi_mutex_acquire(ctx->swd_mutex, FuriWaitForever);"
unbounded_wait,applications/external/swd_probe/adi.c,993,"furi_mutex_acquire(ctx->swd_mutex, FuriWaitForever);"
explicit_delay,applications/external/swd_probe/swd_probe_app.c,193,furi_delay_us(ctx->swd_clock_delay);
blocking_notification,applications/external/swd_probe/swd_probe_app.c,1032,"notification_message_block(ctx->app->notification, seq_sounds[sound]);"
explicit_delay,applications/external/swd_probe/swd_probe_app.c,1070,furi_delay_ms(wait_time);
blocking_notification,applications/external/swd_probe/swd_probe_app.c,1272,"notification_message_block(ctx->app->notification, &seq_error);"
unbounded_wait,applications/external/swd_probe/swd_probe_app.c,1285,"furi_mutex_acquire(ctx->app->swd_mutex, FuriWaitForever);"
explicit_delay,applications/external/swd_probe/swd_probe_app.c,1324,furi_delay_ms(100);
blocking_notification,applications/external/swd_probe/swd_probe_app.c,1346,"notification_message_block(ctx->app->notification, &seq_error);"
unbounded_wait,applications/external/swd_probe/swd_probe_app.c,1395,"furi_mutex_acquire(ctx->app->swd_mutex, FuriWaitForever);"
blocking_notification,applications/external/swd_probe/swd_probe_app.c,1416,"notification_message_block(ctx->app->notification, &seq_error);"
unbounded_wait,applications/external/swd_probe/swd_probe_app.c,1451,"furi_mutex_acquire(ctx->app->swd_mutex, FuriWaitForever);"
blocking_notification,applications/external/swd_probe/swd_probe_app.c,1470,"notification_message_block(ctx->app->notification, &seq_error);"
unbounded_wait,applications/external/swd_probe/swd_probe_app.c,1517,"furi_mutex_acquire(ctx->app->swd_mutex, FuriWaitForever);"
blocking_notification,applications/external/swd_probe/swd_probe_app.c,1539,"notification_message_block(ctx->app->notification, &seq_error);"
unbounded_wait,applications/external/swd_probe/swd_probe_app.c,1579,"furi_mutex_acquire(ctx->app->swd_mutex, FuriWaitForever);"
unbounded_wait,applications/external/swd_probe/swd_probe_app.c,1618,"furi_mutex_acquire(ctx->app->swd_mutex, FuriWaitForever);"
unbounded_wait,applications/external/swd_probe/swd_probe_app.c,1659,"furi_mutex_acquire(ctx->app->swd_mutex, FuriWaitForever);"
unbounded_wait,applications/external/swd_probe/swd_probe_app.c,1689,"furi_mutex_acquire(ctx->app->swd_mutex, FuriWaitForever);"
unbounded_wait,applications/external/swd_probe/swd_probe_app.c,1709,"furi_mutex_acquire(ctx->app->swd_mutex, FuriWaitForever);"
unbounded_wait,applications/external/swd_probe/swd_probe_app.c,1737,"furi_mutex_acquire(ctx->app->swd_mutex, FuriWaitForever);"
unbounded_wait,applications/external/swd_probe/swd_probe_app.c,1763,"furi_mutex_acquire(ctx->app->swd_mutex, FuriWaitForever);"
unbounded_wait,applications/external/swd_probe/swd_probe_app.c,1809,"furi_mutex_acquire(ctx->app->swd_mutex, FuriWaitForever);"
unbounded_wait,applications/external/swd_probe/swd_probe_app.c,1864,"furi_mutex_acquire(ctx->app->swd_mutex, FuriWaitForever);"
unbounded_wait,applications/external/swd_probe/swd_probe_app.c,1923,"furi_mutex_acquire(ctx->app->swd_mutex, FuriWaitForever);"
unbounded_wait,applications/external/swd_probe/swd_probe_app.c,1960,"furi_mutex_acquire(ctx->app->swd_mutex, FuriWaitForever);"
unbounded_wait,applications/external/swd_probe/swd_probe_app.c,2301,"furi_mutex_acquire(ctx->gui_mutex, FuriWaitForever);"
unbounded_wait,applications/external/swd_probe/swd_probe_app.c,2739,"furi_mutex_acquire(ctx->swd_mutex, FuriWaitForever);"
unbounded_wait,applications/external/swd_probe/swd_probe_app.c,2759,"furi_mutex_acquire(ctx->swd_mutex, FuriWaitForever);"
unbounded_wait,applications/external/swd_probe/swd_probe_app.c,2838,"furi_mutex_acquire(ctx->swd_mutex, FuriWaitForever);"
unbounded_wait,applications/external/swd_probe/swd_probe_app.c,2865,"furi_mutex_acquire(ctx->swd_mutex, FuriWaitForever);"
explicit_delay,applications/external/swd_probe/swd_probe_app.c,2883,furi_delay_ms(50);
blocking_notification,applications/external/swd_probe/swd_probe_app.c,3161,"notification_message_block(app->notification, &seq_c_minor);"
unbounded_wait,applications/external/swd_probe/usb_uart.c,119,"furi_thread_flags_wait(WORKER_ALL_EVENTS, FuriFlagWaitAny, FuriWaitForever);"
thread_join,applications/external/swd_probe/usb_uart.c,206,furi_thread_join(usb_uart->thread);
timer_or_ui_cadence,applications/external/t5577_multiwriter/scenes/t5577_multiwriter_scene_write_success.c,11,"popup_set_timeout(popup, 1500);"
blocking_notification,applications/external/t5577_multiwriter/scenes/t5577_multiwriter_scene_write_success.c,15,"notification_message_block(app->notifications, &sequence_set_green_255);"
blocking_notification,applications/external/t5577_multiwriter/scenes/t5577_multiwriter_scene_write_success.c,36,"notification_message_block(app->notifications, &sequence_reset_green);"
timer_or_ui_cadence,applications/external/t5577_raw_writer/t5577_writer.c,581,"furi_timer_start(app->timer, repeat_writing_period);"
unbounded_wait,applications/external/t_rex_runner/trexrunner.c,68,"furi_mutex_acquire(game_state->mutex, FuriWaitForever);"
unbounded_wait,applications/external/t_rex_runner/trexrunner.c,144,"furi_message_queue_put(event_queue, &event, FuriWaitForever);"
unbounded_wait,applications/external/t_rex_runner/trexrunner.c,149,"furi_mutex_acquire(game_state->mutex, FuriWaitForever);"
timer_or_ui_cadence,applications/external/t_rex_runner/trexrunner.c,235,"furi_timer_start(game_state->timer, (uint32_t)furi_kernel_get_tick_frequency() / FPS);"
explicit_delay,applications/external/tama_p1/hal.c,76,furi_delay_tick(1);
unbounded_wait,applications/external/tama_p1/hal.c,77,"while(furi_mutex_acquire(g_state_mutex, FuriWaitForever) != FuriStatusOk)"
explicit_delay,applications/external/tama_p1/hal.c,78,furi_delay_tick(1);
unbounded_wait,applications/external/tama_p1/tama_p1.c,466,"furi_message_queue_put(event_queue, &event, FuriWaitForever);"
unbounded_wait,applications/external/tama_p1/tama_p1.c,697,"while(furi_mutex_acquire(mutex, FuriWaitForever) != FuriStatusOk)"
explicit_delay,applications/external/tama_p1/tama_p1.c,698,furi_delay_tick(1);
timer_or_ui_cadence,applications/external/tama_p1/tama_p1.c,816,"furi_timer_start(timer, furi_kernel_get_tick_frequency() / 30);"
unbounded_wait,applications/external/tama_p1/tama_p1.c,823,"FuriStatus event_status = furi_message_queue_get(event_queue, &event, FuriWaitForever);"
unbounded_wait,applications/external/tama_p1/tama_p1.c,826,"if(furi_mutex_acquire(g_state_mutex, FuriWaitForever) != FuriStatusOk) continue;"
timer_or_ui_cadence,applications/external/tama_p1/tama_p1.c,1113,furi_timer_start(
timer_or_ui_cadence,applications/external/tama_p1/tama_p1.c,1120,furi_timer_start(
thread_join,applications/external/tama_p1/tama_p1.c,1183,furi_thread_join(ctx->thread);
explicit_delay,applications/external/tanks/helpers/radio_device_loader.c,11,furi_delay_ms(10);
unbounded_wait,applications/external/tanks/tanks_game.c,395,"furi_mutex_acquire(tanks_state->mutex, FuriWaitForever);"
unbounded_wait,applications/external/tanks/tanks_game.c,627,"furi_message_queue_put(event_queue, &event, FuriWaitForever);"
timer_or_ui_cadence,applications/external/tanks/tanks_game.c,1208,"furi_timer_start(timer, furi_kernel_get_tick_frequency() / 4);"
unbounded_wait,applications/external/tanks/tanks_game.c,1235,"furi_mutex_acquire(tanks_state->mutex, FuriWaitForever);"
explicit_delay,applications/external/tanks/tanks_game.c,1443,furi_delay_ms(1);
explicit_delay,applications/external/tanks/tanks_game.c,1446,furi_delay_ms(10);
timer_or_ui_cadence,applications/external/tasks/UFZ/Common.cpp,77,"view_dispatcher_set_tick_event_callback(viewDispatcher.viewDispatcher, [](void* context) -> void"
timer_or_ui_cadence,applications/external/tasks/UFZ/UI.cpp,410,"popup_set_timeout(popup, milliseconds);"
unbounded_wait,applications/external/tetris/tetris_game.c,195,"furi_mutex_acquire(tetris_state->mutex, FuriWaitForever);"
unbounded_wait,applications/external/tetris/tetris_game.c,248,"furi_message_queue_put(event_queue, &event, FuriWaitForever);"
timer_or_ui_cadence,applications/external/tetris/tetris_game.c,289,"furi_timer_start(tetris_state->timer, tetris_state->fallSpeed);"
unbounded_wait,applications/external/tetris/tetris_game.c,403,"furi_message_queue_put(event_queue, &event, FuriWaitForever);"
timer_or_ui_cadence,applications/external/tetris/tetris_game.c,462,"furi_timer_start(tetris_state->timer, tetris_state->fallSpeed);"
unbounded_wait,applications/external/tetris/tetris_game.c,511,"furi_mutex_acquire(tetris_state->mutex, FuriWaitForever);"
explicit_delay,applications/external/text2sam/stm32_sam.cpp,2438,furi_delay_us(f);
unbounded_wait,applications/external/tictactoe/tictactoe_game.c,182,"furi_mutex_acquire(ticst->mutex, FuriWaitForever);"
unbounded_wait,applications/external/tictactoe/tictactoe_game.c,299,"furi_message_queue_put(event_queue, &event, FuriWaitForever);"
timer_or_ui_cadence,applications/external/tictactoe/tictactoe_game.c,332,"furi_timer_start(tictactoe_state->timer, furi_kernel_get_tick_frequency() / 22);"
unbounded_wait,applications/external/tictactoe/tictactoe_game.c,346,"furi_mutex_acquire(tictactoe_state->mutex, FuriWaitForever);"
unbounded_wait,applications/external/timelapse/zeitraffer.c,105,"furi_message_queue_put(event_queue, &event, FuriWaitForever);"
timer_or_ui_cadence,applications/external/timelapse/zeitraffer.c,145,"//furi_timer_start(timer, 1500);"
unbounded_wait,applications/external/timelapse/zeitraffer.c,186,"furi_check(furi_message_queue_get(event_queue, &event, FuriWaitForever) == FuriStatusOk);"
timer_or_ui_cadence,applications/external/timelapse/zeitraffer.c,245,"furi_timer_start(timer, 1000);"
explicit_delay,applications/external/timelapse/zeitraffer.c,344,furi_delay_ms(400); // На короткие нажатия фотик плохо реагирует
explicit_delay,applications/external/totp/cli/cli_shared_methods.c,15,furi_delay_ms(100);
unbounded_wait,applications/external/totp/cli/cli_shared_methods.c,33,"furi_message_queue_put(event_queue, &event, FuriWaitForever);"
unbounded_wait,applications/external/totp/lib/wolfssl/wolfcrypt/src/wc_port.c,1418,"xSemaphoreTake( *m, portMAX_DELAY );"
unbounded_wait,applications/external/totp/lib/wolfssl/wolfcrypt/src/wc_port.c,1482,"xSemaphoreTake(m->mutex, portMAX_DELAY);"
timer_or_ui_cadence,applications/external/totp/services/idle_timeout/idle_timeout.c,54,"furi_timer_start(context->timer, SEC_TO_TICKS(IDLE_TIMER_CHECK_PERIODICITY_SEC));"
unbounded_wait,applications/external/totp/totp_app.c,41,"furi_message_queue_put(event_queue, &event, FuriWaitForever);"
unbounded_wait,applications/external/totp/totp_app.c,261,"if(furi_message_queue_get(plugin_state->event_queue, &event, FuriWaitForever) =="
unbounded_wait,applications/external/totp/totp_app.c,267,"} else if(furi_mutex_acquire(main_loop_mutex, FuriWaitForever) == FuriStatusOk) {"
unbounded_wait,applications/external/totp/ui/scene_director.c,133,"furi_message_queue_put(plugin_state->event_queue, &event, FuriWaitForever);"
explicit_delay,applications/external/totp/workers/bt_type_code/bt_type_code.c,50,furi_delay_ms(500);
unbounded_wait,applications/external/totp/workers/bt_type_code/bt_type_code.c,79,FuriWaitForever);
unbounded_wait,applications/external/totp/workers/bt_type_code/bt_type_code.c,83,"if(furi_mutex_acquire(context_mutex, FuriWaitForever) == FuriStatusOk) {"
thread_join,applications/external/totp/workers/bt_type_code/bt_type_code.c,130,furi_thread_join(context->thread);
explicit_delay,applications/external/totp/workers/bt_type_code/bt_type_code.c,153,furi_delay_ms(200);
explicit_delay,applications/external/totp/workers/bt_type_code/bt_type_code.c,194,furi_delay_ms(200);
unbounded_wait,applications/external/totp/workers/generate_totp_code/generate_totp_code.c,133,"if(furi_mutex_acquire(t_context->code_buffer_sync, FuriWaitForever) == FuriStatusOk) {"
thread_join,applications/external/totp/workers/generate_totp_code/generate_totp_code.c,183,furi_thread_join(context->thread);
explicit_delay,applications/external/totp/workers/type_code_common.c,31,furi_delay_ms(get_keypress_delay(features));
explicit_delay,applications/external/totp/workers/type_code_common.c,49,furi_delay_ms(initial_delay);
explicit_delay,applications/external/totp/workers/type_code_common.c,66,furi_delay_ms(keystroke_delay);
explicit_delay,applications/external/totp/workers/type_code_common.c,71,furi_delay_ms(keystroke_delay);
explicit_delay,applications/external/totp/workers/type_code_common.c,77,furi_delay_ms(keystroke_delay);
explicit_delay,applications/external/totp/workers/usb_type_code/usb_type_code.c,49,furi_delay_ms(500);
explicit_delay,applications/external/totp/workers/usb_type_code/usb_type_code.c,66,furi_delay_ms(100);
unbounded_wait,applications/external/totp/workers/usb_type_code/usb_type_code.c,80,FuriWaitForever);
unbounded_wait,applications/external/totp/workers/usb_type_code/usb_type_code.c,84,"if(furi_mutex_acquire(context_mutex, FuriWaitForever) == FuriStatusOk) {"
thread_join,applications/external/totp/workers/usb_type_code/usb_type_code.c,124,furi_thread_join(context->thread);
explicit_delay,applications/external/tpms_reader/helpers/radio_device_loader.c,11,furi_delay_ms(10);
timer_or_ui_cadence,applications/external/tpms_reader/tpms_app.c,41,view_dispatcher_set_tick_event_callback(
timer_or_ui_cadence,applications/external/tpms_reader/views/tpms_receiver.c,96,"furi_timer_start(tpms_receiver->lock_timer, 1000);"
timer_or_ui_cadence,applications/external/tpms_reader/views/tpms_receiver.c,315,"furi_timer_start(tpms_receiver->relearn_timer, 3000);"
timer_or_ui_cadence,applications/external/tpms_reader/views/tpms_receiver.c,334,"furi_timer_start(tpms_receiver->lock_timer, 1000);"
timer_or_ui_cadence,applications/external/tpms_reader/views/tpms_receiver.c,347,"furi_timer_start(tpms_receiver->lock_timer, 650);"
timer_or_ui_cadence,applications/external/tpms_reader/views/tpms_receiver_info.c,152,"furi_timer_start(tpms_receiver_info->timer, 1000);"
unbounded_wait,applications/external/tuning_fork/tuning_fork.c,241,"furi_mutex_acquire(tuning_fork_state->mutex, FuriWaitForever);"
unbounded_wait,applications/external/tuning_fork/tuning_fork.c,355,"furi_message_queue_put(event_queue, &event, FuriWaitForever);"
unbounded_wait,applications/external/tuning_fork/tuning_fork.c,407,"furi_mutex_acquire(tuning_fork_state->mutex, FuriWaitForever);"
timer_or_ui_cadence,applications/external/uart_terminal/uart_hex_input.c,269,"furi_timer_start(uart_text_input->timer, furi_kernel_get_tick_frequency() * 4);"
timer_or_ui_cadence,applications/external/uart_terminal/uart_terminal_app.c,39,view_dispatcher_set_tick_event_callback(
unbounded_wait,applications/external/uart_terminal/uart_terminal_uart.c,45,"furi_thread_flags_wait(WORKER_ALL_RX_EVENTS, FuriFlagWaitAny, FuriWaitForever);"
thread_join,applications/external/uart_terminal/uart_terminal_uart.c,99,furi_thread_join(uart->rx_thread);
timer_or_ui_cadence,applications/external/uart_terminal/uart_text_input.c,434,"furi_timer_start(uart_text_input->timer, furi_kernel_get_tick_frequency() * 4);"
timer_or_ui_cadence,applications/external/uhf_rfid/scenes/uhf_scene_delete_success.c,15,"popup_set_timeout(popup, 1500);"
explicit_delay,applications/external/uhf_rfid/scenes/uhf_scene_module_info.c,46,// furi_delay_ms(50);
explicit_delay,applications/external/uhf_rfid/scenes/uhf_scene_module_info.c,48,// furi_delay_ms(50);
timer_or_ui_cadence,applications/external/uhf_rfid/scenes/uhf_scene_save_success.c,17,"popup_set_timeout(popup, 1500);"
timer_or_ui_cadence,applications/external/uhf_rfid/uhf_app.c,49,view_dispatcher_set_tick_event_callback(
explicit_delay,applications/external/uhf_rfid/uhf_module.c,206,// furi_delay_ms(DELAY_MS);
unbounded_wait,applications/external/uhf_rfid/uhf_uart.c,12,"//             UHFUartWorkerWaitingDataFlag | UHFUartWorkerExitingFlag, FuriFlagWaitAny, FuriWaitForever"
thread_join,applications/external/uhf_rfid/uhf_uart.c,78,// furi_thread_join(uart->thread);
thread_join,applications/external/uhf_rfid/uhf_worker.c,140,furi_thread_join(uhf_worker->thread);
explicit_delay,applications/external/ulc_brute/nfc_hardware.h,68,furi_delay_us(10000);  // 10ms delay ensures stable field before operations
explicit_delay,applications/external/ulc_brute/nfc_hardware.h,92,furi_delay_ms(1);  // 1ms delay ensures field is fully down
explicit_delay,applications/external/ulc_brute/nfc_protocol.h,100,furi_delay_us(1);
explicit_delay,applications/external/ulc_brute/nfc_protocol.h,170,furi_delay_us(1);
explicit_delay,applications/external/ulc_brute/nfc_protocol.h,285,furi_delay_us(1); // Reduced delay for faster polling
explicit_delay,applications/external/ulc_brute/nfc_protocol.h,300,furi_delay_us(1); // Reduced delay for faster polling
explicit_delay,applications/external/ulc_brute/nfc_protocol.h,359,furi_delay_us(1);
explicit_delay,applications/external/ulc_brute/nfc_protocol.h,385,furi_delay_us(1);
explicit_delay,applications/external/ulc_brute/nfc_protocol.h,507,furi_delay_us(1);
unbounded_wait,applications/external/ulc_brute/ulc_brute.c,149,"furi_message_queue_put(app->event_queue, &event, FuriWaitForever);"
thread_join,applications/external/ulc_brute/ulc_brute.c,275,furi_thread_join(app->bruteforce_thread);
explicit_delay,applications/external/ulc_relay/ulcrelay.c,123,furi_delay_ms(1);
explicit_delay,applications/external/ulc_relay/ulcrelay.c,166,furi_delay_ms(1);
explicit_delay,applications/external/ulc_relay/ulcrelay.c,172,furi_delay_ms(10);
explicit_delay,applications/external/ulc_relay/ulcrelay.c,182,furi_delay_ms(1);
explicit_delay,applications/external/ulc_relay/ulcrelay.c,234,furi_delay_ms(5);
explicit_delay,applications/external/ulc_relay/ulcrelay.c,236,furi_delay_ms(10);
unbounded_wait,applications/external/ulc_relay/ulcrelay.c,313,"furi_message_queue_put(app->event_queue, &event, FuriWaitForever);"
unbounded_wait,applications/external/ulc_relay/ulcrelay.c,321,"furi_mutex_acquire(app->subghz_mutex, FuriWaitForever);"
explicit_delay,applications/external/ulc_relay/ulcrelay.c,458,furi_delay_ms(20);
explicit_delay,applications/external/ulc_relay/ulcrelay.c,501,//furi_delay_ms(20000);
explicit_delay,applications/external/ulc_relay/ulcrelay.c,508,furi_delay_ms(20);
unbounded_wait,applications/external/ulc_relay/ulcrelay.c,704,"furi_message_queue_put(app->event_queue, &event, FuriWaitForever);"
explicit_delay,applications/external/ulc_relay/ulcrelay.c,1000,furi_delay_ms(50);
explicit_delay,applications/external/ulcfkey/ulcfkey.c,135,furi_delay_ms(1);
explicit_delay,applications/external/ulcfkey/ulcfkey.c,178,furi_delay_ms(1);
explicit_delay,applications/external/ulcfkey/ulcfkey.c,184,furi_delay_ms(10);
explicit_delay,applications/external/ulcfkey/ulcfkey.c,194,furi_delay_ms(1);
explicit_delay,applications/external/ulcfkey/ulcfkey.c,252,furi_delay_ms(2);
explicit_delay,applications/external/ulcfkey/ulcfkey.c,295,furi_delay_ms(3);
explicit_delay,applications/external/ulcfkey/ulcfkey.c,334,furi_delay_us(delay_us);
explicit_delay,applications/external/ulcfkey/ulcfkey.c,341,furi_delay_ms(1);
unbounded_wait,applications/external/ulcfkey/ulcfkey.c,833,"furi_message_queue_put(app->event_queue, &event, FuriWaitForever);"
explicit_delay,applications/external/umpire_indicator/umpire_indicator.c,187,furi_delay_ms(100);
explicit_delay,applications/external/unitemp/interfaces/onewire_sensor.c,75,furi_delay_ms(100);
explicit_delay,applications/external/unitemp/interfaces/singlewire_sensor.c,127,furi_delay_ms(19);
critical_or_scheduler_lock,applications/external/unitemp/interfaces/singlewire_sensor.c,129,FURI_CRITICAL_ENTER();
timer_or_ui_cadence,applications/external/unitemp/scenes/unitemp_scene_delete_success.c,16,"popup_set_timeout(popup, 1500);"
thread_join,applications/external/unitemp/scenes/unitemp_scene_monitor.c,89,furi_thread_join(app->reader_thread);
critical_or_scheduler_lock,applications/external/unitemp/scenes/unitemp_scene_sensor_edit.c,37,FURI_CRITICAL_ENTER();
explicit_delay,applications/external/unitemp/sensors/AM2320.c,99,furi_delay_ms(1);
explicit_delay,applications/external/unitemp/sensors/AM2320.c,103,furi_delay_ms(2);
explicit_delay,applications/external/unitemp/sensors/BMP180.c,76,furi_delay_ms(100);
explicit_delay,applications/external/unitemp/sensors/BMP180.c,133,furi_delay_ms(5);
explicit_delay,applications/external/unitemp/sensors/BMP180.c,145,furi_delay_ms(26);
explicit_delay,applications/external/unitemp/sensors/DHTxx.c,116,furi_delay_ms(5);
explicit_delay,applications/external/unitemp/sensors/DHTxx.c,120,furi_delay_ms(10);
explicit_delay,applications/external/unitemp/sensors/DHTxx.c,147,furi_delay_ms(10);
explicit_delay,applications/external/unitemp/sensors/DHTxx.c,151,furi_delay_ms(10);
explicit_delay,applications/external/unitemp/sensors/DHTxx.c,170,furi_delay_ms(10);
explicit_delay,applications/external/unitemp/sensors/DHTxx.c,174,furi_delay_ms(80);
explicit_delay,applications/external/unitemp/sensors/DS18x2x.c,100,furi_delay_ms(1);
critical_or_scheduler_lock,applications/external/unitemp/sensors/DS18x2x.c,104,FURI_CRITICAL_ENTER();
critical_or_scheduler_lock,applications/external/unitemp/sensors/DS18x2x.c,139,FURI_CRITICAL_ENTER();
explicit_delay,applications/external/unitemp/sensors/HDC1080.c,82,furi_delay_ms(10);
explicit_delay,applications/external/unitemp/sensors/HDC1080.c,89,furi_delay_ms(10);
explicit_delay,applications/external/unitemp/sensors/SCD30.c,96,furi_delay_ms(50);
explicit_delay,applications/external/unitemp/sensors/SCD30.c,101,furi_delay_ms(SCD30_I2C_CMD_TIMEOUT);
explicit_delay,applications/external/unitemp/sensors/SCD30.c,103,furi_delay_ms(SCD30_I2C_CMD_TIMEOUT);
explicit_delay,applications/external/unitemp/sensors/SCD30.c,105,furi_delay_ms(SCD30_I2C_CMD_TIMEOUT);
explicit_delay,applications/external/unitemp/sensors/SCD30.c,142,furi_delay_ms(SCD30_I2C_CMD_TIMEOUT);
explicit_delay,applications/external/unitemp/sensors/SCD30.c,204,furi_delay_ms(SCD30_I2C_CMD_TIMEOUT);
explicit_delay,applications/external/unitemp/sensors/SCD30.c,236,furi_delay_ms(SCD30_I2C_CMD_TIMEOUT);
explicit_delay,applications/external/unitemp/sensors/SCD4x.c,145,furi_delay_ms(1); //Mandatory delay during command execution by the sensor
explicit_delay,applications/external/unitemp/sensors/SCD4x.c,166,if(result) furi_delay_ms(500);
explicit_delay,applications/external/unitemp/sensors/SCD4x.c,174,furi_delay_ms(1);
explicit_delay,applications/external/unitemp/sensors/SCD4x.c,190,furi_delay_ms(1);
explicit_delay,applications/external/unitemp/sensors/SHT3x.c,84,furi_delay_ms(1);
explicit_delay,applications/external/unitemp/sensors/SHT3x.c,161,furi_delay_ms(10);
explicit_delay,applications/external/unitemp/sensors/SHT4x.c,59,furi_delay_ms(2);
explicit_delay,applications/external/unitemp/sensors/SHT4x.c,107,furi_delay_ms(1);
explicit_delay,applications/external/unitemp/sensors/SHT4x.c,121,furi_delay_ms(9);
explicit_delay,applications/external/unitemp/sensors/SHTC3.c,87,furi_delay_ms(13); //meauserement timeout
explicit_delay,applications/external/unitemp/sensors/SHTC3.c,111,furi_delay_us(240); //reset time
explicit_delay,applications/external/unitemp/sensors/SHTC3.c,126,furi_delay_us(240); //wakeup time
priority_change,applications/external/unitemp/unitemp.c,167,"furi_thread_set_priority(app->reader_thread, FuriThreadPriorityHigh);"
timer_or_ui_cadence,applications/external/unitemp/unitemp.c,182,view_dispatcher_set_tick_event_callback(
explicit_delay,applications/external/usb_consumer_control/views/usb_ccb_start.c,564,furi_delay_us(autofire_delay * 500);
explicit_delay,applications/external/usb_consumer_control/views/usb_ccb_start.c,566,furi_delay_us(2000); // Hold the key pressed for a short amount of time
explicit_delay,applications/external/usb_consumer_control/views/usb_ccb_start.c,570,furi_delay_us(autofire_delay * 500);
unbounded_wait,applications/external/usb_midi/usb/usb_midi_driver.c,332,"furi_check(furi_semaphore_acquire(midi_usb.semaphore_tx, FuriWaitForever) == FuriStatusOk);"
unbounded_wait,applications/external/usb_midi/usb_midi.c,41,"furi_message_queue_put(app->events, &event, FuriWaitForever);"
unbounded_wait,applications/external/usb_midi/usb_midi.c,65,"furi_message_queue_put(app->events, &event, FuriWaitForever);"
unbounded_wait,applications/external/usb_midi/usb_midi.c,113,"furi_message_queue_put(app->events, &event, FuriWaitForever);"
unbounded_wait,applications/external/usb_midi/usb_midi.c,165,"furi_check(furi_message_queue_get(app->events, &event, FuriWaitForever) == FuriStatusOk);"
thread_join,applications/external/usb_midi/usb_midi.c,176,furi_thread_join(app->reader);
explicit_delay,applications/external/uv_meter_as7331/AS7331.cpp,492,furi_delay_ms(static_cast<uint32_t>(TCONV * 1000) + 1); // Add 1 ms to ensure completion
unbounded_wait,applications/external/uv_meter_as7331/scenes/uv_meter_scene_data.cpp,71,"furi_mutex_acquire(app->app_state->as7331_mutex, FuriWaitForever);"
unbounded_wait,applications/external/uv_meter_as7331/scenes/uv_meter_scene_wiring.cpp,35,"furi_mutex_acquire(app->app_state->as7331_mutex, FuriWaitForever);"
timer_or_ui_cadence,applications/external/uv_meter_as7331/uv_meter_app.cpp,46,view_dispatcher_set_tick_event_callback(
unbounded_wait,applications/external/uv_meter_as7331/views/uv_meter_data.cpp,414,"furi_mutex_acquire(instance->sensor_mutex, FuriWaitForever);"
unbounded_wait,applications/external/uv_meter_as7331/views/uv_meter_data.cpp,586,"furi_mutex_acquire(instance->sensor_mutex, FuriWaitForever);"
explicit_delay,applications/external/vgm_air_mouse/air_mouse_app.c,107,furi_delay_ms(200);
explicit_delay,applications/external/vgm_air_mouse/air_mouse_app.c,115,furi_delay_ms(200);
explicit_delay,applications/external/vgm_air_mouse/air_mouse_app.c,134,furi_delay_ms(200);
explicit_delay,applications/external/vgm_air_mouse/air_mouse_app.c,153,furi_delay_ms(200);
explicit_delay,applications/external/vgm_air_mouse/imu_mouse.c,98,furi_delay_ms(10);
explicit_delay,applications/external/vgm_air_mouse/imu_mouse.c,109,furi_delay_ms(2);
unbounded_wait,applications/external/vgm_air_mouse/imu_mouse.c,170,"uint32_t events = furi_thread_flags_wait(FLAGS_ALL, FuriFlagWaitAny, FuriWaitForever);"
thread_join,applications/external/vgm_air_mouse/imu_mouse.c,291,furi_thread_join(imu->thread);
explicit_delay,applications/external/vgm_air_mouse/sensors/ICM42688P.c,251,furi_delay_ms(1);
explicit_delay,applications/external/vgm_air_mouse/sensors/ICM42688P.c,282,furi_delay_ms(45);
timer_or_ui_cadence,applications/external/video_game_module_tool/app.c,49,"view_dispatcher_set_tick_event_callback(app->view_dispatcher, tick_event_callback, 500);"
explicit_delay,applications/external/video_game_module_tool/flasher/board.c,20,furi_delay_ms(5);
explicit_delay,applications/external/video_game_module_tool/flasher/board.c,22,furi_delay_ms(5);
explicit_delay,applications/external/video_game_module_tool/flasher/flasher.c,112,furi_delay_ms(10);
explicit_delay,applications/external/video_game_module_tool/flasher/rp2040.c,320,furi_delay_us(50);
explicit_delay,applications/external/video_game_module_tool/flasher/target.c,102,furi_delay_us(10000);
unbounded_wait,applications/external/video_player/video_player.c,29,"furi_message_queue_put(player->event_queue, &event, FuriWaitForever);"
unbounded_wait,applications/external/video_player/video_player.c,43,"furi_message_queue_put(player->event_queue, &event, FuriWaitForever);"
unbounded_wait,applications/external/video_player/video_player.c,221,"furi_message_queue_get(player->event_queue, &event, FuriWaitForever) =="
unbounded_wait,applications/external/videopoker/poker.c,570,"furi_check(furi_mutex_acquire(poker_player->model_mutex, FuriWaitForever) == FuriStatusOk);"
unbounded_wait,applications/external/videopoker/poker.c,673,"furi_message_queue_put(poker_player->event_queue, input, FuriWaitForever);"
unbounded_wait,applications/external/videopoker/poker.c,719,"furi_check(furi_mutex_acquire(poker_player->model_mutex, FuriWaitForever) == FuriStatusOk);"
unbounded_wait,applications/external/wardriver/wardriver.c,120,"furi_message_queue_put(queue, &event, FuriWaitForever);"
explicit_delay,applications/external/wardriver/wardriver.c,244,furi_delay_ms(10);
explicit_delay,applications/external/wardriver/wardriver.c,246,furi_delay_ms(200);
timer_or_ui_cadence,applications/external/wardriver/wardriver.c,267,"furi_timer_start(timer, 100);"
unbounded_wait,applications/external/wardriver/wardriver.c,273,"if(furi_message_queue_get(ctx->queue, &event, FuriWaitForever) == FuriStatusOk) {"
unbounded_wait,applications/external/wardriver/wardriver.c,274,"furi_mutex_acquire(ctx->mutex, FuriWaitForever);"
unbounded_wait,applications/external/wardriver/wardriver_uart.c,218,"furi_thread_flags_wait(WORKER_ALL_RX_EVENTS, FuriFlagWaitAny, FuriWaitForever);"
unbounded_wait,applications/external/wardriver/wardriver_uart.c,342,"furi_thread_flags_wait(WORKER_ALL_RX_EVENTS, FuriFlagWaitAny, FuriWaitForever);"
thread_join,applications/external/wardriver/wardriver_uart.c,457,furi_thread_join(ctx->thread_esp);
thread_join,applications/external/wardriver/wardriver_uart.c,463,furi_thread_join(ctx->thread_gps);
unbounded_wait,applications/external/wav_player/wav_player.c,394,"if(furi_message_queue_get(app->queue, &event, FuriWaitForever) == FuriStatusOk) {"
explicit_delay,applications/external/weather_station/helpers/radio_device_loader.c,11,furi_delay_ms(10);
timer_or_ui_cadence,applications/external/weather_station/views/weather_station_receiver.c,92,"furi_timer_start(ws_receiver->timer, 1000);"
timer_or_ui_cadence,applications/external/weather_station/views/weather_station_receiver.c,301,"furi_timer_start(ws_receiver->timer, 1000);"
timer_or_ui_cadence,applications/external/weather_station/views/weather_station_receiver.c,314,"furi_timer_start(ws_receiver->timer, 650);"
timer_or_ui_cadence,applications/external/weather_station/views/weather_station_receiver_info.c,164,"furi_timer_start(ws_receiver_info->timer, 1000);"
timer_or_ui_cadence,applications/external/weather_station/weather_station_app.c,41,view_dispatcher_set_tick_event_callback(
explicit_delay,applications/external/web_crawler/app.c,39,furi_delay_ms(100); // this causes a BusFault
explicit_delay,applications/external/web_crawler/callback/web_crawler_callback.c,1244,furi_delay_ms(100);
explicit_delay,applications/external/web_crawler/callback/web_crawler_callback.c,1286,furi_delay_ms(100);
timer_or_ui_cadence,applications/external/web_crawler/callback/web_crawler_callback.c,1762,"furi_timer_start(model->timer, 250);"
unbounded_wait,applications/external/web_crawler/flipper_http/flipper_http.c,269,"WorkerEvtStop | WorkerEvtRxDone, FuriFlagWaitAny, FuriWaitForever);"
thread_join,applications/external/web_crawler/flipper_http/flipper_http.c,440,furi_thread_join(fhttp->rx_thread);
thread_join,applications/external/web_crawler/flipper_http/flipper_http.c,453,furi_thread_join(fhttp->rx_thread);
thread_join,applications/external/web_crawler/flipper_http/flipper_http.c,488,furi_thread_join(fhttp->rx_thread);
thread_join,applications/external/web_crawler/flipper_http/flipper_http.c,509,furi_thread_join(fhttp->rx_thread);
thread_join,applications/external/web_crawler/flipper_http/flipper_http.c,553,furi_thread_join(fhttp->rx_thread);
timer_or_ui_cadence,applications/external/web_crawler/flipper_http/flipper_http.c,1647,"furi_timer_start(fhttp->get_timeout_timer, TIMEOUT_DURATION_TICKS);"
timer_or_ui_cadence,applications/external/web_crawler/flipper_http/flipper_http.c,1659,"furi_timer_start(fhttp->get_timeout_timer, TIMEOUT_DURATION_TICKS);"
timer_or_ui_cadence,applications/external/web_crawler/flipper_http/flipper_http.c,1671,"furi_timer_start(fhttp->get_timeout_timer, TIMEOUT_DURATION_TICKS);"
timer_or_ui_cadence,applications/external/web_crawler/flipper_http/flipper_http.c,1679,"furi_timer_start(fhttp->get_timeout_timer, TIMEOUT_DURATION_TICKS);"
timer_or_ui_cadence,applications/external/web_crawler/flipper_http/flipper_http.c,1735,"furi_timer_start(fhttp->get_timeout_timer, TIMEOUT_DURATION_TICKS);"
explicit_delay,applications/external/web_crawler/flipper_http/flipper_http.c,1746,furi_delay_ms(100);
timer_or_ui_cadence,applications/external/weebo/scenes/weebo_scene_save_success.c,17,"popup_set_timeout(popup, 1500);"
timer_or_ui_cadence,applications/external/weebo/weebo.c,332,view_dispatcher_set_tick_event_callback(
timer_or_ui_cadence,applications/external/wifi_deauther/wifi_deauther_app.c,40,view_dispatcher_set_tick_event_callback(
explicit_delay,applications/external/wifi_deauther/wifi_deauther_app.c,104,furi_delay_ms(10);
explicit_delay,applications/external/wifi_deauther/wifi_deauther_app.c,106,furi_delay_ms(600);
unbounded_wait,applications/external/wifi_deauther/wifi_deauther_uart.c,50,"furi_thread_flags_wait(WORKER_ALL_RX_EVENTS, FuriFlagWaitAny, FuriWaitForever);"
thread_join,applications/external/wifi_deauther/wifi_deauther_uart.c,99,furi_thread_join(uart->rx_thread);
explicit_delay,applications/external/wifi_marauder_companion/scenes/wifi_marauder_scene_console_output.c,234,furi_delay_ms(50);
explicit_delay,applications/external/wifi_marauder_companion/script/wifi_marauder_script_executor.c,6,furi_delay_ms(1000);
thread_join,applications/external/wifi_marauder_companion/script/wifi_marauder_script_worker.c,71,furi_thread_join(worker->worker_thread);
timer_or_ui_cadence,applications/external/wifi_marauder_companion/wifi_marauder_app.c,45,view_dispatcher_set_tick_event_callback(
explicit_delay,applications/external/wifi_marauder_companion/wifi_marauder_app.c,190,furi_delay_ms(10);
explicit_delay,applications/external/wifi_marauder_companion/wifi_marauder_app.c,192,furi_delay_ms(200);
unbounded_wait,applications/external/wifi_marauder_companion/wifi_marauder_uart.c,113,"furi_thread_flags_wait(WORKER_ALL_RX_EVENTS, FuriFlagWaitAny, FuriWaitForever);"
thread_join,applications/external/wifi_marauder_companion/wifi_marauder_uart.c,176,furi_thread_join(uart->rx_thread);
unbounded_wait,applications/external/wifi_scanner/wifi_scanner.c,399,"furi_mutex_acquire(app->mutex, FuriWaitForever);"
unbounded_wait,applications/external/wifi_scanner/wifi_scanner.c,645,"furi_message_queue_put(event_queue, &event, FuriWaitForever);"
unbounded_wait,applications/external/wifi_scanner/wifi_scanner.c,668,"furi_mutex_acquire(app->mutex, FuriWaitForever);"
unbounded_wait,applications/external/wifi_scanner/wifi_scanner.c,679,"WorkerEventStop | WorkerEventRx, FuriFlagWaitAny, FuriWaitForever);"
unbounded_wait,applications/external/wifi_scanner/wifi_scanner.c,736,"furi_mutex_acquire(app->mutex, FuriWaitForever);"
timer_or_ui_cadence,applications/external/wifi_scanner/wifi_scanner.c,851,"// furi_timer_start(timer, furi_kernel_get_tick_frequency());"
explicit_delay,applications/external/wifi_scanner/wifi_scanner.c,873,furi_delay_ms(10);
explicit_delay,applications/external/wifi_scanner/wifi_scanner.c,875,furi_delay_ms(200);
unbounded_wait,applications/external/wifi_scanner/wifi_scanner.c,927,"furi_mutex_acquire(app->mutex, FuriWaitForever);"
explicit_delay,applications/external/wifi_scanner/wifi_scanner.c,939,furi_delay_ms(10);
thread_join,applications/external/wifi_scanner/wifi_scanner.c,1038,furi_thread_join(app->m_worker_thread);
explicit_delay,applications/external/wiiec/i2c_workaround.h,125,furi_delay_us(us);
unbounded_wait,applications/external/wiiec/wii_anal.c,71,"furi_message_queue_put(queue, &message, FuriWaitForever);"
timer_or_ui_cadence,applications/external/wiiec/wii_anal.c,277,"if(furi_timer_start(state->timer, state->timerHz / state->fps) == FuriStatusOk) {"
unbounded_wait,applications/external/wiiec/wii_anal.c,441,"if(furi_mutex_acquire(state->mutex, FuriWaitForever) != FuriStatusOk) {"
explicit_delay,applications/external/wiiec/wii_ec_udraw.c,43,furi_delay_ms(100);
explicit_delay,applications/external/wiiec/wii_ec_udraw.c,47,furi_delay_ms(100);
explicit_delay,applications/external/wiiec/wii_ec_udraw.c,50,furi_delay_ms(100);
explicit_delay,applications/external/wiiec/wii_ec_udraw.c,53,furi_delay_ms(100);
explicit_delay,applications/external/wiiec/wii_ec_udraw.c,60,furi_delay_ms(100);
explicit_delay,applications/external/wiiec/wii_ec_udraw.c,63,furi_delay_ms(100);
blocking_notification,applications/external/wire_tester/wire_tester.c,21,"notification_message_block(notifications, &sequence_set_only_green_255);"
blocking_notification,applications/external/wire_tester/wire_tester.c,31,"notification_message_block(notifications, &sequence_reset_rgb);"
unbounded_wait,applications/external/wire_tester/wire_tester.c,49,"furi_message_queue_put(event_queue, input_event, FuriWaitForever);"
blocking_notification,applications/external/wire_tester/wire_tester.c,58,"notification_message_block(notifications, &sequence_display_backlight_enforce_on);"
blocking_notification,applications/external/wire_tester/wire_tester.c,98,"notification_message_block(notifications, &sequence_display_backlight_enforce_auto);"
unbounded_wait,applications/external/xinput/app.c,573,"furi_message_queue_put(event_queue, input_event, FuriWaitForever);"
unbounded_wait,applications/external/xinput/app.c,598,"furi_check(furi_message_queue_get(event_queue, &input_event, FuriWaitForever) == FuriStatusOk);"
explicit_delay,applications/external/yappy_invaders/space.c,482,furi_delay_ms(30);
unbounded_wait,applications/external/yatzee/yatzee.c,566,"furi_message_queue_put(event_queue, input_event, FuriWaitForever);"
unbounded_wait,applications/external/zombiez/zombiez.c,75,"furi_mutex_acquire(plugin_state->mutex, FuriWaitForever);"
unbounded_wait,applications/external/zombiez/zombiez.c,195,"furi_message_queue_put(event_queue, &event, FuriWaitForever);"
timer_or_ui_cadence,applications/external/zombiez/zombiez.c,316,"furi_timer_start(timer, furi_kernel_get_tick_frequency() / 22);"
unbounded_wait,applications/external/zombiez/zombiez.c,329,"furi_mutex_acquire(plugin_state->mutex, FuriWaitForever);"
timer_or_ui_cadence,applications/main/archive/archive.c,37,"view_dispatcher_set_tick_event_callback(view_dispatcher, archive_tick_event_callback, 100);"
thread_join,applications/main/archive/archive.c,75,furi_thread_join(archive->info_thread);
thread_join,applications/main/archive/archive.c,80,furi_thread_join(archive->search_thread);
thread_join,applications/main/archive/helpers/archive_browser.c,546,furi_thread_join(archive->search_thread);
timer_or_ui_cadence,applications/main/archive/helpers/favorite_timeout.c,28,"furi_timer_start(timer, timeout * furi_kernel_get_tick_frequency());"
thread_join,applications/main/archive/scenes/archive_scene_browser.c,441,furi_thread_join(archive->search_thread);
thread_join,applications/main/archive/scenes/archive_scene_info.c,245,furi_thread_join(app->info_thread);
timer_or_ui_cadence,applications/main/archive/views/archive_browser_view.c,665,"furi_timer_start(browser->scroll_timer, SCROLL_INTERVAL);"
timer_or_ui_cadence,applications/main/bad_usb/bad_usb_app.c,215,view_dispatcher_set_tick_event_callback(
explicit_delay,applications/main/bad_usb/helpers/bad_usb_hid.c,171,furi_delay_ms(200);
explicit_delay,applications/main/bad_usb/helpers/bad_usb_hid.c,194,furi_delay_ms(200);
explicit_delay,applications/main/bad_usb/helpers/bad_usb_hid.c,308,furi_delay_ms(200);
explicit_delay,applications/main/bad_usb/helpers/bad_usb_hid.c,316,furi_delay_ms(200);
unbounded_wait,applications/main/bad_usb/helpers/ducky_script.c,478,FuriWaitForever);
unbounded_wait,applications/main/bad_usb/helpers/ducky_script.c,494,"WorkerEvtEnd | WorkerEvtStartStop | WorkerEvtDisconnect, FuriWaitForever);"
unbounded_wait,applications/main/bad_usb/helpers/ducky_script.c,522,"WorkerEvtEnd | WorkerEvtConnect | WorkerEvtStartStop, FuriWaitForever);"
unbounded_wait,applications/main/bad_usb/helpers/ducky_script.c,623,FuriWaitForever);
unbounded_wait,applications/main/bad_usb/helpers/ducky_script.c,643,FuriWaitForever);
unbounded_wait,applications/main/bad_usb/helpers/ducky_script.c,715,"bad_usb_flags_get(WorkerEvtEnd, FuriWaitForever); // Waiting for exit command"
thread_join,applications/main/bad_usb/helpers/ducky_script.c,774,furi_thread_join(bad_usb->thread);
timer_or_ui_cadence,applications/main/bad_usb/scenes/bad_usb_scene_done.c,16,"popup_set_timeout(popup, 1500);"
timer_or_ui_cadence,applications/main/gpio/gpio_app.c,43,view_dispatcher_set_tick_event_callback(
unbounded_wait,applications/main/gpio/usb_uart_bridge.c,203,"furi_thread_flags_wait(WORKER_ALL_RX_EVENTS, FuriFlagWaitAny, FuriWaitForever);"
unbounded_wait,applications/main/gpio/usb_uart_bridge.c,213,"furi_mutex_acquire(usb_uart->usb_mutex, FuriWaitForever) == FuriStatusOk);"
thread_join,applications/main/gpio/usb_uart_bridge.c,224,furi_thread_join(usb_uart->tx_thread);
thread_join,applications/main/gpio/usb_uart_bridge.c,236,furi_thread_join(usb_uart->tx_thread);
thread_join,applications/main/gpio/usb_uart_bridge.c,297,furi_thread_join(usb_uart->tx_thread);
unbounded_wait,applications/main/gpio/usb_uart_bridge.c,322,"furi_thread_flags_wait(WORKER_ALL_TX_EVENTS, FuriFlagWaitAny, FuriWaitForever);"
unbounded_wait,applications/main/gpio/usb_uart_bridge.c,326,"furi_check(furi_mutex_acquire(usb_uart->usb_mutex, FuriWaitForever) == FuriStatusOk);"
thread_join,applications/main/gpio/usb_uart_bridge.c,392,furi_thread_join(usb_uart->thread);
timer_or_ui_cadence,applications/main/ibutton/ibutton.c,95,view_dispatcher_set_tick_event_callback(
explicit_delay,applications/main/ibutton/ibutton_cli.c,206,furi_delay_ms(100);
timer_or_ui_cadence,applications/main/ibutton/scenes/ibutton_scene_delete_success.c,16,"popup_set_timeout(popup, 1500);"
timer_or_ui_cadence,applications/main/ibutton/scenes/ibutton_scene_save_success.c,16,"popup_set_timeout(popup, 1500);"
timer_or_ui_cadence,applications/main/ibutton/scenes/ibutton_scene_write_success.c,18,"popup_set_timeout(popup, 1500);"
timer_or_ui_cadence,applications/main/infrared/infrared_app.c,176,"view_dispatcher_set_tick_event_callback(view_dispatcher, infrared_tick_event_callback, 100);"
thread_join,applications/main/infrared/infrared_app.c,241,furi_thread_join(infrared->task_thread);
thread_join,applications/main/infrared/infrared_app.c,452,furi_thread_join(infrared->task_thread);
explicit_delay,applications/main/infrared/infrared_cli.c,147,furi_delay_ms(50);
timer_or_ui_cadence,applications/main/infrared/scenes/infrared_scene_edit_delete_done.c,11,"popup_set_timeout(popup, 1500);"
timer_or_ui_cadence,applications/main/infrared/scenes/infrared_scene_edit_rename_done.c,11,"popup_set_timeout(popup, 1500);"
timer_or_ui_cadence,applications/main/infrared/scenes/infrared_scene_learn_done.c,17,"popup_set_timeout(popup, 1500);"
explicit_delay,applications/main/lfrfid/lfrfid_cli.c,250,furi_delay_ms(100);
explicit_delay,applications/main/lfrfid/scenes/lfrfid_scene_clear_t5577.c,31,furi_delay_ms(8);
explicit_delay,applications/main/lfrfid/scenes/lfrfid_scene_clear_t5577.c,39,furi_delay_ms(8);
timer_or_ui_cadence,applications/main/lfrfid/scenes/lfrfid_scene_clear_t5577.c,57,"popup_set_timeout(popup, 1500);"
blocking_notification,applications/main/lfrfid/scenes/lfrfid_scene_clear_t5577.c,61,"notification_message_block(app->notifications, &sequence_set_green_255);"
blocking_notification,applications/main/lfrfid/scenes/lfrfid_scene_clear_t5577.c,81,"notification_message_block(app->notifications, &sequence_reset_green);"
timer_or_ui_cadence,applications/main/lfrfid/scenes/lfrfid_scene_delete_success.c,11,"popup_set_timeout(popup, 1500);"
timer_or_ui_cadence,applications/main/lfrfid/scenes/lfrfid_scene_emulate.c,37,furi_timer_start(
timer_or_ui_cadence,applications/main/lfrfid/scenes/lfrfid_scene_raw_read.c,61,"furi_timer_start(state->timer, RAW_READ_TIME_MS);"
timer_or_ui_cadence,applications/main/lfrfid/scenes/lfrfid_scene_raw_read.c,116,"furi_timer_start(state->timer, RAW_READ_TIME_MS);"
blocking_notification,applications/main/lfrfid/scenes/lfrfid_scene_read_success.c,50,"notification_message_block(app->notifications, &sequence_set_green_255);"
blocking_notification,applications/main/lfrfid/scenes/lfrfid_scene_read_success.c,78,"notification_message_block(app->notifications, &sequence_reset_green);"
timer_or_ui_cadence,applications/main/lfrfid/scenes/lfrfid_scene_save_success.c,14,"popup_set_timeout(popup, 1500);"
timer_or_ui_cadence,applications/main/lfrfid/scenes/lfrfid_scene_write_success.c,11,"popup_set_timeout(popup, 1500);"
blocking_notification,applications/main/lfrfid/scenes/lfrfid_scene_write_success.c,15,"notification_message_block(app->notifications, &sequence_set_green_255);"
blocking_notification,applications/main/lfrfid/scenes/lfrfid_scene_write_success.c,36,"notification_message_block(app->notifications, &sequence_reset_green);"
timer_or_ui_cadence,applications/main/momentum_app/momentum_app.c,131,"popup_set_timeout(app->popup, 1000);"
timer_or_ui_cadence,applications/main/momentum_app/momentum_app.c,141,"popup_set_timeout(app->popup, 0);"
timer_or_ui_cadence,applications/main/momentum_app/scenes/momentum_app_scene_protocols_freqs_add.c,72,"popup_set_timeout(app->popup, 1000);"
unbounded_wait,applications/main/nfc/cli/commands/apdu/nfc_cli_command_apdu.c,176,"furi_message_queue_get(instance->input_queue, &request_type, FuriWaitForever);"
unbounded_wait,applications/main/nfc/cli/commands/apdu/nfc_cli_command_apdu.c,212,"furi_message_queue_put(instance->input_queue, &request_type, FuriWaitForever);"
unbounded_wait,applications/main/nfc/cli/commands/apdu/nfc_cli_command_apdu.c,213,"furi_semaphore_acquire(instance->sem_done, FuriWaitForever);"
unbounded_wait,applications/main/nfc/cli/commands/apdu/nfc_cli_command_apdu.c,219,"furi_message_queue_put(instance->input_queue, &request_type, FuriWaitForever);"
explicit_delay,applications/main/nfc/cli/commands/nfc_cli_command_emulate.c,84,furi_delay_ms(100);
explicit_delay,applications/main/nfc/cli/commands/nfc_cli_command_field.c,16,furi_delay_ms(50);
unbounded_wait,applications/main/nfc/cli/commands/raw/nfc_cli_command_raw.c,74,"furi_message_queue_put(instance->input_queue, &instance->request_type, FuriWaitForever);"
unbounded_wait,applications/main/nfc/cli/commands/raw/nfc_cli_command_raw.c,75,"furi_semaphore_acquire(instance->sem_done, FuriWaitForever);"
unbounded_wait,applications/main/nfc/cli/commands/raw/nfc_cli_command_raw.c,137,"furi_message_queue_get(instance->input_queue, &request_type, FuriWaitForever);"
unbounded_wait,applications/main/nfc/cli/commands/raw/nfc_cli_command_raw.c,192,"furi_message_queue_put(instance->input_queue, &instance->request_type, FuriWaitForever);"
unbounded_wait,applications/main/nfc/cli/commands/raw/nfc_cli_command_raw.c,193,"furi_semaphore_acquire(instance->sem_done, FuriWaitForever);"
blocking_notification,applications/main/nfc/helpers/protocol_support/nfc_protocol_support.c,506,"notification_message_block(instance->notifications, &sequence_set_green_255);"
blocking_notification,applications/main/nfc/helpers/protocol_support/nfc_protocol_support.c,533,"notification_message_block(instance->notifications, &sequence_reset_green);"
timer_or_ui_cadence,applications/main/nfc/helpers/protocol_support/nfc_protocol_support.c,953,"popup_set_timeout(popup, 1500);"
timer_or_ui_cadence,applications/main/nfc/scenes/nfc_scene_delete_success.c,15,"popup_set_timeout(popup, 1500);"
timer_or_ui_cadence,applications/main/nfc/scenes/nfc_scene_emulate.c,24,furi_timer_start(
timer_or_ui_cadence,applications/main/nfc/scenes/nfc_scene_mf_classic_detect_reader.c,114,"furi_timer_start(instance->timer, NFC_SCENE_DETECT_READER_WAIT_NONCES_TIMEOUT_MS);"
timer_or_ui_cadence,applications/main/nfc/scenes/nfc_scene_mf_classic_keys_warn_duplicate.c,24,"popup_set_timeout(popup, 1500);"
timer_or_ui_cadence,applications/main/nfc/scenes/nfc_scene_mf_classic_update_initial_success.c,17,"popup_set_timeout(popup, 1500);"
timer_or_ui_cadence,applications/main/nfc/scenes/nfc_scene_mf_ultralight_c_keys_warn_duplicate.c,24,"popup_set_timeout(popup, 1500);"
blocking_notification,applications/main/nfc/scenes/nfc_scene_mf_ultralight_unlock_warn.c,99,"notification_message_block(nfc->notifications, &sequence_reset_green);"
timer_or_ui_cadence,applications/main/nfc/scenes/nfc_scene_restore_original.c,15,"popup_set_timeout(popup, 1500);"
timer_or_ui_cadence,applications/main/nfc/scenes/nfc_scene_save_success.c,15,"popup_set_timeout(popup, 1500);"
explicit_delay,applications/main/onewire/onewire_cli.c,40,furi_delay_ms(100);
unbounded_wait,applications/main/subghz/helpers/subghz_chat.c,37,"furi_message_queue_put(instance->event_queue, &event, FuriWaitForever);"
unbounded_wait,applications/main/subghz/helpers/subghz_chat.c,52,"furi_message_queue_put(instance->event_queue, &event, FuriWaitForever);"
unbounded_wait,applications/main/subghz/helpers/subghz_chat.c,56,"furi_message_queue_put(instance->event_queue, &event, FuriWaitForever);"
thread_join,applications/main/subghz/helpers/subghz_chat.c,113,furi_thread_join(instance->thread);
unbounded_wait,applications/main/subghz/helpers/subghz_chat.c,124,"if(furi_message_queue_get(instance->event_queue, &event, FuriWaitForever) == FuriStatusOk) {"
unbounded_wait,applications/main/subghz/helpers/subghz_chat.c,134,"furi_message_queue_put(instance->event_queue, event, FuriWaitForever);"
explicit_delay,applications/main/subghz/helpers/subghz_frequency_analyzer_worker.c,106,furi_delay_ms(10);
explicit_delay,applications/main/subghz/helpers/subghz_frequency_analyzer_worker.c,138,furi_delay_ms(2);
explicit_delay,applications/main/subghz/helpers/subghz_frequency_analyzer_worker.c,183,furi_delay_ms(2);
thread_join,applications/main/subghz/helpers/subghz_frequency_analyzer_worker.c,313,furi_thread_join(instance->thread);
unbounded_wait,applications/main/subghz/helpers/subghz_gps.c,77,"furi_thread_flags_wait(WORKER_ALL_RX_EVENTS, FuriFlagWaitAny, FuriWaitForever);"
thread_join,applications/main/subghz/helpers/subghz_gps.c,131,furi_thread_join(subghz_gps->thread);
explicit_delay,applications/main/subghz/scenes/subghz_scene_decode_raw.c,156,furi_delay_ms(100);
timer_or_ui_cadence,applications/main/subghz/scenes/subghz_scene_delete_success.c,17,"popup_set_timeout(popup, 1500);"
timer_or_ui_cadence,applications/main/subghz/scenes/subghz_scene_receiver.c,443,"furi_timer_start(subghz->timer, repeat_time);"
timer_or_ui_cadence,applications/main/subghz/scenes/subghz_scene_save_success.c,16,"popup_set_timeout(popup, 1500);"
timer_or_ui_cadence,applications/main/subghz/scenes/subghz_scene_show_error_sub.c,16,"popup_set_timeout(popup, 1500);"
timer_or_ui_cadence,applications/main/subghz/scenes/subghz_scene_show_gps.c,51,"furi_timer_start(subghz->gps->timer, 1000);"
timer_or_ui_cadence,applications/main/subghz/scenes/subghz_scene_transmitter.c,81,furi_timer_start(
timer_or_ui_cadence,applications/main/subghz/subghz.c,117,view_dispatcher_set_tick_event_callback(
explicit_delay,applications/main/subghz/subghz_cli.c,103,furi_delay_ms(250);
explicit_delay,applications/main/subghz/subghz_cli.c,144,furi_delay_ms(250);
explicit_delay,applications/main/subghz/subghz_cli.c,251,furi_delay_ms(333);
explicit_delay,applications/main/subghz/subghz_cli.c,527,furi_delay_ms(100);
explicit_delay,applications/main/subghz/subghz_cli.c,536,furi_delay_us(500); //you need to have time to read from the file from the SD card
explicit_delay,applications/main/subghz/subghz_cli.c,782,furi_delay_ms(200);
explicit_delay,applications/main/subghz/subghz_cli.c,789,furi_delay_ms(333);
explicit_delay,applications/main/subghz/subghz_cli.c,1035,furi_delay_ms(10);
explicit_delay,applications/main/subghz/subghz_cli.c,1087,furi_delay_ms(10);
timer_or_ui_cadence,applications/main/subghz/views/receiver.c,120,"furi_timer_start(subghz_receiver->timer, 1000);"
timer_or_ui_cadence,applications/main/subghz/views/receiver.c,167,"furi_timer_start(subghz_receiver->flip_time_timer, FLIP_TIMEOUT);"
timer_or_ui_cadence,applications/main/subghz/views/receiver.c,500,"furi_timer_start(subghz_receiver->timer, 1000);"
timer_or_ui_cadence,applications/main/subghz/views/receiver.c,514,"furi_timer_start(subghz_receiver->timer, 650);"
timer_or_ui_cadence,applications/main/u2f/scenes/u2f_scene_main.c,56,"furi_timer_start(app->timer, U2F_REQUEST_TIMEOUT);"
blocking_notification,applications/main/u2f/scenes/u2f_scene_main.c,70,"notification_message_block(app->notifications, &sequence_set_green_255);"
timer_or_ui_cadence,applications/main/u2f/scenes/u2f_scene_main.c,72,"furi_timer_start(app->timer, U2F_SUCCESS_TIMEOUT);"
blocking_notification,applications/main/u2f/scenes/u2f_scene_main.c,76,"notification_message_block(app->notifications, &sequence_reset_rgb);"
blocking_notification,applications/main/u2f/scenes/u2f_scene_main.c,115,"notification_message_block(app->notifications, &sequence_reset_rgb);"
timer_or_ui_cadence,applications/main/u2f/u2f_app.c,34,view_dispatcher_set_tick_event_callback(
timer_or_ui_cadence,applications/main/u2f/u2f_hid.c,159,"furi_timer_start(u2f_hid->lock_timer, lock_timeout * 1000);"
unbounded_wait,applications/main/u2f/u2f_hid.c,204,FuriWaitForever);
thread_join,applications/main/u2f/u2f_hid.c,307,furi_thread_join(u2f_hid->thread);
explicit_delay,applications/services/bt/bt_cli.c,47,furi_delay_ms(250);
explicit_delay,applications/services/bt/bt_cli.c,75,furi_delay_ms(250);
explicit_delay,applications/services/bt/bt_cli.c,125,furi_delay_ms(250);
explicit_delay,applications/services/bt/bt_cli.c,158,furi_delay_ms(250);
unbounded_wait,applications/services/bt/bt_service/bt.c,75,"furi_message_queue_put(bt->message_queue, &msg, FuriWaitForever) == FuriStatusOk);"
unbounded_wait,applications/services/bt/bt_service/bt.c,141,"furi_message_queue_put(bt->message_queue, &message, FuriWaitForever) == FuriStatusOk);"
unbounded_wait,applications/services/bt/bt_service/bt.c,151,"furi_message_queue_put(bt->message_queue, &message, FuriWaitForever) == FuriStatusOk);"
unbounded_wait,applications/services/bt/bt_service/bt.c,216,"furi_message_queue_put(bt->message_queue, &message, FuriWaitForever) == FuriStatusOk);"
unbounded_wait,applications/services/bt/bt_service/bt.c,243,"bt->rpc_event, BT_RPC_EVENT_ALL, FuriFlagWaitAny | FuriFlagNoClear, FuriWaitForever);"
unbounded_wait,applications/services/bt/bt_service/bt.c,281,"furi_message_queue_put(bt->message_queue, &message, FuriWaitForever) == FuriStatusOk);"
unbounded_wait,applications/services/bt/bt_service/bt.c,306,"furi_message_queue_put(bt->message_queue, &message, FuriWaitForever) == FuriStatusOk);"
unbounded_wait,applications/services/bt/bt_service/bt.c,326,"furi_message_queue_put(bt->message_queue, &message, FuriWaitForever) == FuriStatusOk);"
unbounded_wait,applications/services/bt/bt_service/bt.c,339,"furi_message_queue_put(bt->message_queue, &message, FuriWaitForever) == FuriStatusOk);"
unbounded_wait,applications/services/bt/bt_service/bt.c,556,"furi_message_queue_get(bt->message_queue, &message, FuriWaitForever) == FuriStatusOk);"
unbounded_wait,applications/services/bt/bt_service/bt_api.c,21,"furi_message_queue_put(bt->message_queue, &message, FuriWaitForever) == FuriStatusOk);"
unbounded_wait,applications/services/bt/bt_service/bt_api.c,40,"furi_message_queue_put(bt->message_queue, &message, FuriWaitForever) == FuriStatusOk);"
unbounded_wait,applications/services/bt/bt_service/bt_api.c,56,"furi_message_queue_put(bt->message_queue, &message, FuriWaitForever) == FuriStatusOk);"
unbounded_wait,applications/services/bt/bt_service/bt_settings_api.c,18,"furi_message_queue_put(bt->message_queue, &message, FuriWaitForever) == FuriStatusOk);"
unbounded_wait,applications/services/bt/bt_service/bt_settings_api.c,34,"furi_message_queue_put(bt->message_queue, &message, FuriWaitForever) == FuriStatusOk);"
explicit_delay,applications/services/cli/cli_main_commands.c,198,furi_delay_ms(100);
blocking_notification,applications/services/cli/cli_main_commands.c,333,"notification_message_block(notification, &sequence_reset_vibro);"
blocking_notification,applications/services/cli/cli_main_commands.c,343,"notification_message_block(notification, &sequence_set_vibro_on);"
blocking_notification,applications/services/cli/cli_main_commands.c,405,"notification_internal_message_block(notification, &notification_sequence);"
explicit_delay,applications/services/cli/cli_vcp.c,244,"furi_delay_ms(33); // we are too fast, minicom isn't ready yet"
unbounded_wait,applications/services/cli/cli_vcp.c,306,"furi_message_queue_put(cli_vcp->message_queue, message, FuriWaitForever);"
blocking_notification,applications/services/cli/commands/buzzer.c,83,"notification_message_block(notification, &sound_on_sequence);"
blocking_notification,applications/services/cli/commands/buzzer.c,92,"notification_message_block(notification, &sound_off_sequence);"
timer_or_ui_cadence,applications/services/desktop/animations/animation_manager.c,223,furi_timer_start(
timer_or_ui_cadence,applications/services/desktop/animations/animation_manager.c,580,furi_timer_start(
timer_or_ui_cadence,applications/services/desktop/animations/animation_manager.c,589,furi_timer_start(
timer_or_ui_cadence,applications/services/desktop/animations/views/bubble_animation_view.c,199,"furi_timer_start(view->timer, 1000 / frame_rate);"
timer_or_ui_cadence,applications/services/desktop/animations/views/bubble_animation_view.c,304,"furi_timer_start(view->timer, 1000 / frame_rate);"
timer_or_ui_cadence,applications/services/desktop/animations/views/bubble_animation_view.c,383,"furi_timer_start(view->timer, 1000 / new_animation->icon_animation.frame_rate);"
timer_or_ui_cadence,applications/services/desktop/animations/views/bubble_animation_view.c,409,"furi_timer_start(view->timer, 1000 / frame_rate);"
timer_or_ui_cadence,applications/services/desktop/animations/views/one_shot_animation_view.c,124,"furi_timer_start(view->update_timer, 1000 / model->icon->frame_rate);"
timer_or_ui_cadence,applications/services/desktop/desktop.c,74,"furi_timer_start(desktop->update_clock_timer, furi_ms_to_ticks(1000));"
timer_or_ui_cadence,applications/services/desktop/desktop.c,192,furi_timer_start(
timer_or_ui_cadence,applications/services/desktop/desktop.c,276,view_dispatcher_set_tick_event_callback(
explicit_delay,applications/services/desktop/scenes/desktop_scene_lock_menu.c,73,furi_delay_ms(500);
explicit_delay,applications/services/desktop/scenes/desktop_scene_lock_menu.c,108,furi_delay_ms(500);
timer_or_ui_cadence,applications/services/desktop/scenes/desktop_scene_pin_input.c,42,"furi_timer_start(state->timer, new_period);"
timer_or_ui_cadence,applications/services/desktop/views/desktop_view_locked.c,158,"furi_timer_start(locked_view->timer, LOCKED_HINT_TIMEOUT_MS);"
timer_or_ui_cadence,applications/services/desktop/views/desktop_view_locked.c,173,"furi_timer_start(locked_view->timer, LOCKED_HINT_TIMEOUT_MS);"
timer_or_ui_cadence,applications/services/desktop/views/desktop_view_locked.c,300,"furi_timer_start(locked_view->timer, COVER_MOVING_INTERVAL_MS);"
timer_or_ui_cadence,applications/services/desktop/views/desktop_view_locked.c,326,"furi_timer_start(locked_view->timer, COVER_MOVING_INTERVAL_MS);"
timer_or_ui_cadence,applications/services/desktop/views/desktop_view_pin_input.c,97,"furi_timer_start(pin_input->timer, NO_ACTIVITY_TIMEOUT);"
timer_or_ui_cadence,applications/services/desktop/views/desktop_view_pin_input.c,198,"furi_timer_start(pin_input->timer, NO_ACTIVITY_TIMEOUT);"
timer_or_ui_cadence,applications/services/desktop/views/desktop_view_pin_timeout.c,98,"furi_timer_start(instance->timer, 1000);"
timer_or_ui_cadence,applications/services/desktop/views/desktop_view_slideshow.c,50,"furi_timer_start(instance->auto_timer, 2 * furi_kernel_get_tick_frequency());"
timer_or_ui_cadence,applications/services/desktop/views/desktop_view_slideshow.c,59,"furi_timer_start(instance->auto_timer, 2 * furi_kernel_get_tick_frequency());"
timer_or_ui_cadence,applications/services/desktop/views/desktop_view_slideshow.c,95,"furi_timer_start(instance->timer, DESKTOP_SLIDESHOW_POWEROFF_SHORT);"
timer_or_ui_cadence,applications/services/desktop/views/desktop_view_slideshow.c,99,"furi_timer_start(instance->timer, DESKTOP_SLIDESHOW_POWEROFF_LONG);"
timer_or_ui_cadence,applications/services/desktop/views/desktop_view_slideshow.c,140,"furi_timer_start(instance->timer, DESKTOP_SLIDESHOW_POWEROFF_LONG);"
unbounded_wait,applications/services/dialogs/dialogs.c,51,"if(furi_message_queue_get(app->message_queue, &message, FuriWaitForever) == FuriStatusOk) {"
unbounded_wait,applications/services/dialogs/dialogs_api.c,58,"furi_message_queue_put(context->message_queue, &message, FuriWaitForever) == FuriStatusOk);"
unbounded_wait,applications/services/dialogs/dialogs_api.c,89,"furi_message_queue_put(context->message_queue, &message, FuriWaitForever) == FuriStatusOk);"
unbounded_wait,applications/services/dolphin/dolphin.c,176,"furi_message_queue_put(dolphin->event_queue, event, FuriWaitForever) == FuriStatusOk);"
unbounded_wait,applications/services/dolphin/dolphin.c,185,"furi_message_queue_put(dolphin->event_queue, event, FuriWaitForever) == FuriStatusOk);"
unbounded_wait,applications/services/dolphin/dolphin.c,188,"event->flag, DOLPHIN_LOCK_EVENT_FLAG, FuriFlagWaitAny, FuriWaitForever) =="
unbounded_wait,applications/services/expansion/expansion.c,91,"const FuriStatus status = furi_message_queue_put(instance->queue, &message, FuriWaitForever);"
unbounded_wait,applications/services/expansion/expansion.c,249,"FuriStatus status = furi_message_queue_get(instance->queue, &message, FuriWaitForever);"
unbounded_wait,applications/services/expansion/expansion.c,286,"furi_check(furi_message_queue_put(instance->queue, &em, FuriWaitForever) == FuriStatusOk);"
unbounded_wait,applications/services/expansion/expansion.c,318,"furi_message_queue_put(instance->queue, &message, FuriWaitForever);"
unbounded_wait,applications/services/expansion/expansion.c,330,"furi_message_queue_put(instance->queue, &message, FuriWaitForever);"
unbounded_wait,applications/services/expansion/expansion.c,344,"furi_message_queue_put(instance->queue, &message, FuriWaitForever);"
unbounded_wait,applications/services/expansion/expansion.c,360,"furi_message_queue_put(instance->queue, &message, FuriWaitForever);"
priority_change,applications/services/expansion/expansion_worker.c,393,"furi_thread_set_priority(instance->thread, FuriThreadPriorityLow);"
thread_join,applications/services/expansion/expansion_worker.c,400,furi_thread_join(instance->thread);
thread_join,applications/services/expansion/expansion_worker.c,419,furi_thread_join(instance->thread);
unbounded_wait,applications/services/gui/canvas.c,55,"furi_check(furi_mutex_acquire(canvas->mutex, FuriWaitForever) == FuriStatusOk);"
unbounded_wait,applications/services/gui/gui.c,55,"furi_message_queue_put(gui->input_queue, value, FuriWaitForever);"
unbounded_wait,applications/services/gui/gui.c,65,"furi_message_queue_put(gui->ascii_queue, value, FuriWaitForever);"
unbounded_wait,applications/services/gui/gui.c,412,"furi_check(furi_mutex_acquire(gui->mutex, FuriWaitForever) == FuriStatusOk);"
unbounded_wait,applications/services/gui/gui.c,666,"furi_thread_flags_wait(GUI_THREAD_FLAG_ALL, FuriFlagWaitAny, FuriWaitForever);"
timer_or_ui_cadence,applications/services/gui/icon_animation.c,78,furi_timer_start(
timer_or_ui_cadence,applications/services/gui/modules/button_menu.c,425,"furi_timer_start(model->scroll_timer, SCROLL_INTERVAL);"
timer_or_ui_cadence,applications/services/gui/modules/file_browser.c,180,"furi_timer_start(browser->scroll_timer, SCROLL_INTERVAL);"
unbounded_wait,applications/services/gui/modules/file_browser_worker.c,374,"furi_thread_flags_wait(WORKER_FLAGS_ALL, FuriFlagWaitAny, FuriWaitForever);"
thread_join,applications/services/gui/modules/file_browser_worker.c,531,furi_thread_join(browser->thread);
timer_or_ui_cadence,applications/services/gui/modules/menu.c,640,"furi_timer_start(menu->scroll_timer, 333);"
timer_or_ui_cadence,applications/services/gui/modules/popup.c,99,"if(furi_timer_start(popup->timer, timer_period) != FuriStatusOk) {"
timer_or_ui_cadence,applications/services/gui/modules/popup.c,229,"void popup_set_timeout(Popup* popup, uint32_t timeout_in_ms) {"
timer_or_ui_cadence,applications/services/gui/modules/popup.h,112,"void popup_set_timeout(Popup* popup, uint32_t timeout_in_ms);"
timer_or_ui_cadence,applications/services/gui/modules/submenu.c,518,"furi_timer_start(submenu->locked_timer, furi_kernel_get_tick_frequency() * 3);"
timer_or_ui_cadence,applications/services/gui/modules/text_input.c,491,"furi_timer_start(text_input->timer, furi_kernel_get_tick_frequency() * 4);"
timer_or_ui_cadence,applications/services/gui/modules/variable_item_list.c,369,furi_timer_start(
timer_or_ui_cadence,applications/services/gui/modules/variable_item_list.c,390,furi_timer_start(
timer_or_ui_cadence,applications/services/gui/modules/variable_item_list.c,411,furi_timer_start(
timer_or_ui_cadence,applications/services/gui/modules/variable_item_list.c,466,"furi_timer_start(variable_item_list->scroll_timer, 333);"
unbounded_wait,applications/services/gui/modules/widget_elements/widget_element_text_scroll.c,126,"furi_mutex_acquire(element->model_mutex, FuriWaitForever);"
unbounded_wait,applications/services/gui/modules/widget_elements/widget_element_text_scroll.c,176,"furi_mutex_acquire(element->model_mutex, FuriWaitForever);"
unbounded_wait,applications/services/gui/view.c,113,"furi_check(furi_mutex_acquire(model->mutex, FuriWaitForever) == FuriStatusOk);"
timer_or_ui_cadence,applications/services/gui/view_dispatcher.c,102,void view_dispatcher_set_tick_event_callback(
unbounded_wait,applications/services/gui/view_dispatcher.c,126,uint32_t tick_period = view_dispatcher->tick_period == 0 ? FuriWaitForever :
unbounded_wait,applications/services/gui/view_dispatcher.c,141,"furi_message_queue_get(view_dispatcher->input_queue, &input, FuriWaitForever);"
unbounded_wait,applications/services/gui/view_dispatcher.c,261,"furi_message_queue_put(view_dispatcher->input_queue, event, FuriWaitForever) =="
unbounded_wait,applications/services/gui/view_dispatcher.c,271,"furi_message_queue_put(view_dispatcher->ascii_queue, event, FuriWaitForever) =="
unbounded_wait,applications/services/gui/view_dispatcher.c,397,"furi_message_queue_put(view_dispatcher->event_queue, &event, FuriWaitForever) =="
timer_or_ui_cadence,applications/services/gui/view_dispatcher.h,117,void view_dispatcher_set_tick_event_callback(
explicit_delay,applications/services/gui/view_holder.c,58,furi_delay_tick(1);
unbounded_wait,applications/services/gui/view_port.c,103,"furi_check(furi_mutex_acquire(view_port->mutex, FuriWaitForever) == FuriStatusOk);"
unbounded_wait,applications/services/gui/view_port.c,112,"furi_check(furi_mutex_acquire(view_port->mutex, FuriWaitForever) == FuriStatusOk);"
unbounded_wait,applications/services/gui/view_port.c,119,"furi_check(furi_mutex_acquire(view_port->mutex, FuriWaitForever) == FuriStatusOk);"
unbounded_wait,applications/services/gui/view_port.c,127,"furi_check(furi_mutex_acquire(view_port->mutex, FuriWaitForever) == FuriStatusOk);"
unbounded_wait,applications/services/gui/view_port.c,134,"furi_check(furi_mutex_acquire(view_port->mutex, FuriWaitForever) == FuriStatusOk);"
unbounded_wait,applications/services/gui/view_port.c,157,"furi_check(furi_mutex_acquire(view_port->mutex, FuriWaitForever) == FuriStatusOk);"
unbounded_wait,applications/services/gui/view_port.c,165,"furi_check(furi_mutex_acquire(view_port->mutex, FuriWaitForever) == FuriStatusOk);"
unbounded_wait,applications/services/gui/view_port.c,176,"furi_check(furi_mutex_acquire(view_port->mutex, FuriWaitForever) == FuriStatusOk);"
unbounded_wait,applications/services/gui/view_port.c,187,"furi_check(furi_mutex_acquire(view_port->mutex, FuriWaitForever) == FuriStatusOk);"
unbounded_wait,applications/services/gui/view_port.c,208,"furi_check(furi_mutex_acquire(view_port->mutex, FuriWaitForever) == FuriStatusOk);"
unbounded_wait,applications/services/gui/view_port.c,236,"furi_check(furi_mutex_acquire(view_port->mutex, FuriWaitForever) == FuriStatusOk);"
unbounded_wait,applications/services/gui/view_port.c,250,"furi_check(furi_mutex_acquire(view_port->mutex, FuriWaitForever) == FuriStatusOk);"
unbounded_wait,applications/services/gui/view_port.c,296,"furi_check(furi_mutex_acquire(view_port->mutex, FuriWaitForever) == FuriStatusOk);"
timer_or_ui_cadence,applications/services/input/input.c,142,"furi_timer_start(pin_states[i].press_timer, INPUT_PRESS_TICKS);"
explicit_delay,applications/services/input/input.c,147,furi_delay_tick(1);
explicit_delay,applications/services/input/input.c,162,furi_delay_tick(1);
explicit_delay,applications/services/input/input.c,164,furi_delay_tick(settings->vibro_touch_level);
explicit_delay,applications/services/input/input.c,174,furi_delay_tick(1);
unbounded_wait,applications/services/input/input.c,179,"furi_thread_flags_wait(INPUT_THREAD_FLAG_ISR, FuriFlagWaitAny, FuriWaitForever);"
unbounded_wait,applications/services/input/input_cli.c,23,"furi_message_queue_put(input_queue, value, FuriWaitForever);"
unbounded_wait,applications/services/loader/loader.c,56,"furi_message_queue_put(loader->queue, &message, FuriWaitForever);"
unbounded_wait,applications/services/loader/loader.c,185,"furi_message_queue_put(loader->queue, message, FuriWaitForever);"
unbounded_wait,applications/services/loader/loader.c,220,"furi_message_queue_put(loader->queue, &message, FuriWaitForever);"
unbounded_wait,applications/services/loader/loader.c,239,"furi_message_queue_put(loader->queue, &message, FuriWaitForever);"
unbounded_wait,applications/services/loader/loader.c,258,"furi_message_queue_put(loader->queue, &message, FuriWaitForever);"
unbounded_wait,applications/services/loader/loader.c,267,"furi_message_queue_put(loader->queue, &message, FuriWaitForever);"
unbounded_wait,applications/services/loader/loader.c,342,"furi_message_queue_put(loader->queue, &message, FuriWaitForever);"
unbounded_wait,applications/services/loader/loader.c,349,"furi_message_queue_put(loader->queue, &message, FuriWaitForever);"
unbounded_wait,applications/services/loader/loader.c,362,"furi_message_queue_put(loader->queue, &message, FuriWaitForever);"
thread_join,applications/services/loader/loader.c,848,furi_thread_join(loader->app.thread);
unbounded_wait,applications/services/loader/loader.c,934,"if(furi_message_queue_get(loader->queue, &message, FuriWaitForever) == FuriStatusOk) {"
thread_join,applications/services/loader/loader_applications.c,40,furi_thread_join(loader_applications->thread);
unbounded_wait,applications/services/loader/loader_applications.c,147,"furi_thread_flags_wait(APPLICATION_STOP_EVENT, FuriFlagWaitAny, FuriWaitForever);"
thread_join,applications/services/loader/loader_menu.c,52,furi_thread_join(loader_menu->thread);
thread_join,applications/services/loader/loader_menu.c,99,furi_thread_join(loader_menu->thread);
unbounded_wait,applications/services/loader/loader_menu.c,445,"furi_thread_flags_wait(0, FuriFlagWaitAll, FuriWaitForever);"
unbounded_wait,applications/services/loader/loader_menu_storage.c,60,"FormatFlag flag = furi_thread_flags_wait(FormatFlagAll, FuriFlagWaitAny, FuriWaitForever);"
unbounded_wait,applications/services/loader/loader_menu_storage.c,70,"flag = furi_thread_flags_wait(FormatFlagAll, FuriFlagWaitAny, FuriWaitForever);"
unbounded_wait,applications/services/loader/loader_menu_storage.c,98,"furi_thread_flags_wait(FormatFlagAll, FuriFlagWaitAny, FuriWaitForever);"
blocking_notification,applications/services/notification/notification.h,90,"void notification_message_block(NotificationApp* app, const NotificationSequence* sequence);"
blocking_notification,applications/services/notification/notification.h,106,void notification_internal_message_block(
unbounded_wait,applications/services/notification/notification_app.c,39,"furi_check(furi_message_queue_put(app->queue, &m, FuriWaitForever) == FuriStatusOk);"
unbounded_wait,applications/services/notification/notification_app.c,41,"m.back_event, NOTIFICATION_EVENT_COMPLETE, FuriFlagWaitAny, FuriWaitForever);"
timer_or_ui_cadence,applications/services/notification/notification_app.c,134,"furi_timer_start(app->display_timer, notification_settings_display_off_delay_ticks(app));"
explicit_delay,applications/services/notification/notification_app.c,319,furi_delay_ms(minimal_delay);
explicit_delay,applications/services/notification/notification_app.c,330,furi_delay_ms(notification_message->data.delay.length);
explicit_delay,applications/services/notification/notification_app.c,378,furi_delay_ms(minimal_delay);
unbounded_wait,applications/services/notification/notification_app.c,516,"furi_check(furi_message_queue_put(app->queue, &m, FuriWaitForever) == FuriStatusOk);"
unbounded_wait,applications/services/notification/notification_app.c,558,"furi_check(furi_message_queue_get(app->queue, &message, FuriWaitForever) == FuriStatusOk);"
unbounded_wait,applications/services/notification/notification_app_api.c,12,"furi_check(furi_message_queue_put(app->queue, &m, FuriWaitForever) == FuriStatusOk);"
unbounded_wait,applications/services/notification/notification_app_api.c,21,"furi_check(furi_message_queue_put(app->queue, &m, FuriWaitForever) == FuriStatusOk);"
blocking_notification,applications/services/notification/notification_app_api.c,24,"void notification_message_block(NotificationApp* app, const NotificationSequence* sequence) {"
unbounded_wait,applications/services/notification/notification_app_api.c,32,"furi_check(furi_message_queue_put(app->queue, &m, FuriWaitForever) == FuriStatusOk);"
unbounded_wait,applications/services/notification/notification_app_api.c,34,"m.back_event, NOTIFICATION_EVENT_COMPLETE, FuriFlagWaitAny, FuriWaitForever);"
blocking_notification,applications/services/notification/notification_app_api.c,38,void notification_internal_message_block(
unbounded_wait,applications/services/notification/notification_app_api.c,46,"furi_check(furi_message_queue_put(app->queue, &m, FuriWaitForever) == FuriStatusOk);"
unbounded_wait,applications/services/notification/notification_app_api.c,48,"m.back_event, NOTIFICATION_EVENT_COMPLETE, FuriFlagWaitAny, FuriWaitForever);"
explicit_delay,applications/services/power/power_cli.c,15,furi_delay_ms(666);
explicit_delay,applications/services/power/power_service/power.c,371,furi_delay_ms(100);
timer_or_ui_cadence,applications/services/power/power_service/power.c,394,furi_timer_start(
unbounded_wait,applications/services/power/power_service/power.c,623,"furi_message_queue_put(power->message_queue, &msg, FuriWaitForever) == FuriStatusOk);"
unbounded_wait,applications/services/power/power_service/power_api.c,11,"furi_message_queue_put(power->message_queue, &msg, FuriWaitForever) == FuriStatusOk);"
unbounded_wait,applications/services/power/power_service/power_api.c,21,"furi_message_queue_put(power->message_queue, &msg, FuriWaitForever) == FuriStatusOk);"
unbounded_wait,applications/services/power/power_service/power_api.c,35,"furi_message_queue_put(power->message_queue, &msg, FuriWaitForever) == FuriStatusOk);"
unbounded_wait,applications/services/power/power_service/power_api.c,56,"furi_message_queue_put(power->message_queue, &msg, FuriWaitForever) == FuriStatusOk);"
unbounded_wait,applications/services/power/power_service/power_api.c,71,"furi_message_queue_put(power->message_queue, &msg, FuriWaitForever) == FuriStatusOk);"
unbounded_wait,applications/services/power/power_service/power_api.c,84,"furi_message_queue_put(power->message_queue, &msg, FuriWaitForever) == FuriStatusOk);"
unbounded_wait,applications/services/power/power_service/power_api.c,109,"furi_message_queue_put(power->message_queue, &msg, FuriWaitForever) == FuriStatusOk);"
unbounded_wait,applications/services/power/power_service/power_api.c,125,"furi_message_queue_put(power->message_queue, &msg, FuriWaitForever) == FuriStatusOk);"
unbounded_wait,applications/services/rpc/rpc.c,108,"furi_mutex_acquire(session->callbacks_mutex, FuriWaitForever);"
unbounded_wait,applications/services/rpc/rpc.c,120,"furi_mutex_acquire(session->callbacks_mutex, FuriWaitForever);"
unbounded_wait,applications/services/rpc/rpc.c,128,"furi_mutex_acquire(session->callbacks_mutex, FuriWaitForever);"
unbounded_wait,applications/services/rpc/rpc.c,136,"furi_mutex_acquire(session->callbacks_mutex, FuriWaitForever);"
unbounded_wait,applications/services/rpc/rpc.c,146,"furi_mutex_acquire(session->callbacks_mutex, FuriWaitForever);"
unbounded_wait,applications/services/rpc/rpc.c,156,"furi_mutex_acquire(session->callbacks_mutex, FuriWaitForever);"
unbounded_wait,applications/services/rpc/rpc.c,218,"flags = furi_thread_flags_wait(RPC_ALL_EVENTS, FuriFlagWaitAny, FuriWaitForever);"
unbounded_wait,applications/services/rpc/rpc.c,283,"furi_check(furi_mutex_acquire(rpc->busy_mutex, FuriWaitForever) == FuriStatusOk);"
unbounded_wait,applications/services/rpc/rpc.c,326,"furi_mutex_acquire(session->callbacks_mutex, FuriWaitForever);"
unbounded_wait,applications/services/rpc/rpc.c,368,"furi_mutex_acquire(session->callbacks_mutex, FuriWaitForever);"
thread_join,applications/services/rpc/rpc.c,375,furi_thread_join(session->thread);
unbounded_wait,applications/services/rpc/rpc.c,492,"furi_mutex_acquire(session->callbacks_mutex, FuriWaitForever);"
explicit_delay,applications/services/rpc/rpc_app.c,502,furi_delay_tick(1);
unbounded_wait,applications/services/rpc/rpc_cli.c,84,"furi_semaphore_acquire(cli_rpc.terminate_semaphore, FuriWaitForever) == FuriStatusOk);"
unbounded_wait,applications/services/rpc/rpc_gui.c,142,"furi_thread_flags_wait(RpcGuiWorkerFlagAny, FuriFlagWaitAny, FuriWaitForever);"
explicit_delay,applications/services/rpc/rpc_gui.c,152,if(extra_delay) furi_delay_tick(extra_delay);
thread_join,applications/services/rpc/rpc_gui.c,215,furi_thread_join(rpc_gui->transmit_thread);
thread_join,applications/services/rpc/rpc_gui.c,546,furi_thread_join(rpc_gui->transmit_thread);
unbounded_wait,applications/services/storage/storage_external_api.c,24,"furi_message_queue_put(storage->message_queue, &message, FuriWaitForever) == \"
unbounded_wait,applications/services/storage/storage_external_api.c,107,"event, StorageEventFlagFileClose, FuriFlagWaitAny, FuriWaitForever);"
unbounded_wait,applications/services/storage/storage_external_api.c,367,"event, StorageEventFlagFileClose, FuriFlagWaitAny, FuriWaitForever);"
explicit_delay,applications/services/storage/storages/storage_ext.c,88,furi_delay_ms(1000);
timer_or_ui_cadence,applications/settings/bt_settings_app/scenes/bt_settings_scene_forget_dev_success.c,15,"popup_set_timeout(popup, 1500);"
unbounded_wait,applications/settings/clock_settings/clock_settings_alarm.c,85,"furi_message_queue_put(event_queue, input_event, FuriWaitForever);"
blocking_notification,applications/settings/clock_settings/clock_settings_alarm.c,173,"notification_message_block(notification, &sequence_empty);"
timer_or_ui_cadence,applications/settings/desktop_settings/scenes/desktop_settings_scene_pin_disable.c,26,"popup_set_timeout(app->popup, 1500);"
unbounded_wait,applications/settings/dolphin_passport/passport.c,118,"furi_check(furi_semaphore_acquire(semaphore, FuriWaitForever) == FuriStatusOk);"
timer_or_ui_cadence,applications/settings/power_settings_app/power_settings_app.c,39,view_dispatcher_set_tick_event_callback(
blocking_notification,applications/settings/storage_settings/scenes/storage_settings_scene_formatting.c,41,"notification_message_block(app->notification, &sequence_set_formatting_leds);"
timer_or_ui_cadence,applications/system/findmy/scenes/findmy_scene_config_import_result.c,29,"popup_set_timeout(popup, 1500);"
explicit_delay,applications/system/hid_app/hid.c,32,furi_delay_ms(200);
explicit_delay,applications/system/hid_app/hid.c,321,furi_delay_ms(200);
explicit_delay,applications/system/hid_app/hid.c,355,furi_delay_ms(200);
timer_or_ui_cadence,applications/system/hid_app/scenes/hid_scene_rename.c,39,"popup_set_timeout(app->popup, 1500);"
timer_or_ui_cadence,applications/system/hid_app/scenes/hid_scene_unpair.c,41,"popup_set_timeout(app->popup, 1500);"
timer_or_ui_cadence,applications/system/hid_app/views/hid_mouse_clicker.c,37,furi_timer_start(
timer_or_ui_cadence,applications/system/hid_app/views/hid_mouse_jiggler.c,111,"furi_timer_start(hid_mouse_jiggler->timer, intervals[model->interval_idx]);"
timer_or_ui_cadence,applications/system/hid_app/views/hid_mouse_jiggler_stealth.c,100,"furi_timer_start(hid_mouse_jiggler->timer, randomIntervalMinutes * 60000);"
timer_or_ui_cadence,applications/system/hid_app/views/hid_mouse_jiggler_stealth.c,131,"furi_timer_start(hid_mouse_jiggler->timer, randomIntervalMinutes * 60000);"
timer_or_ui_cadence,applications/system/hid_app/views/hid_ptt.c,1063,furi_timer_start(
timer_or_ui_cadence,applications/system/hid_app/views/hid_ptt_menu.c,124,"furi_timer_start(hid_ptt_menu->hint_timer, furi_ms_to_ticks(PTT_MENU_HINT_TIMER_PERIOD_MS));"
explicit_delay,applications/system/hid_app/views/hid_tiktok.c,117,furi_delay_ms(50);
explicit_delay,applications/system/hid_app/views/hid_tiktok.c,122,furi_delay_ms(3);
explicit_delay,applications/system/hid_app/views/hid_tiktok.c,124,furi_delay_ms(50);
explicit_delay,applications/system/hid_app/views/hid_tiktok.c,188,furi_delay_ms(25);
explicit_delay,applications/system/hid_app/views/hid_tiktok.c,190,furi_delay_ms(75);
explicit_delay,applications/system/hid_app/views/hid_tiktok.c,192,furi_delay_ms(25);
explicit_delay,applications/system/hid_app/views/hid_tiktok.c,214,furi_delay_ms(50);
thread_join,applications/system/js_app/js_thread.c,353,furi_thread_join(worker->thread);
timer_or_ui_cadence,applications/system/js_app/modules/js_gui/popup.c,49,"popup_set_timeout(popup, value.number);"
unbounded_wait,applications/system/js_app/modules/js_serial.c,470,uint32_t timeout = FuriWaitForever;
explicit_delay,applications/system/js_app/modules/js_subghz/js_subghz.c,391,furi_delay_ms(100);
explicit_delay,applications/system/js_app/modules/js_subghz/js_subghz.c,404,furi_delay_ms(200);
explicit_delay,applications/system/js_app/modules/js_subghz/radio_device_loader.c,11,furi_delay_ms(10);
unbounded_wait,applications/system/js_app/modules/js_usbdisk/mass_storage_usb.c,82,"uint32_t flags = furi_thread_flags_wait(EventAll, FuriFlagWaitAny, FuriWaitForever);"
thread_join,applications/system/js_app/modules/js_usbdisk/mass_storage_usb.c,298,furi_thread_join(mass->thread);
explicit_delay,applications/system/js_app/modules/js_vgm/ICM42688P/ICM42688P.c,251,furi_delay_ms(1);
explicit_delay,applications/system/js_app/modules/js_vgm/ICM42688P/ICM42688P.c,282,furi_delay_ms(45);
explicit_delay,applications/system/js_app/modules/js_vgm/imu.c,88,furi_delay_ms(10);
explicit_delay,applications/system/js_app/modules/js_vgm/imu.c,99,furi_delay_ms(2);
unbounded_wait,applications/system/js_app/modules/js_vgm/imu.c,147,"uint32_t events = furi_thread_flags_wait(FLAGS_ALL, FuriFlagWaitAny, FuriWaitForever);"
thread_join,applications/system/js_app/modules/js_vgm/imu.c,183,furi_thread_join(imu->thread);
explicit_delay,applications/system/js_app/modules/js_vgm/js_vgm.c,116,furi_delay_ms(100);
explicit_delay,applications/system/updater/cli/updater_cli.c,33,furi_delay_ms(100);
timer_or_ui_cadence,applications/system/updater/updater.c,55,view_dispatcher_set_tick_event_callback(
explicit_delay,applications/system/updater/util/update_task.c,419,furi_delay_ms(UPDATE_DELAY_OPERATION_OK);
thread_join,applications/system/updater/util/update_task.c,457,furi_thread_join(update_task->thread);
explicit_delay,applications/system/updater/util/update_task_worker_flasher.c,135,furi_delay_ms(C2_MODE_SWITCH_TIMEOUT);
unbounded_wait,furi/core/base.h,13,"FuriWaitForever = 0xFFFFFFFFU,"
critical_or_scheduler_lock,furi/core/common_defines.h,59,#define FURI_CRITICAL_ENTER() __FuriCriticalInfo __furi_critical_info = __furi_critical_enter();
critical_or_scheduler_lock,furi/core/critical.c,16,taskENTER_CRITICAL();
critical_or_scheduler_lock,furi/core/event_flag.c,51,FURI_CRITICAL_ENTER();
critical_or_scheduler_lock,furi/core/event_flag.c,82,FURI_CRITICAL_ENTER();
critical_or_scheduler_lock,furi/core/event_loop.c,146,FURI_CRITICAL_ENTER();
critical_or_scheduler_lock,furi/core/event_loop.c,159,FURI_CRITICAL_ENTER();
critical_or_scheduler_lock,furi/core/event_loop.c,329,FURI_CRITICAL_ENTER();
critical_or_scheduler_lock,furi/core/event_loop.c,450,FURI_CRITICAL_ENTER();
critical_or_scheduler_lock,furi/core/event_loop.c,487,FURI_CRITICAL_ENTER();
critical_or_scheduler_lock,furi/core/event_loop.c,546,FURI_CRITICAL_ENTER();
critical_or_scheduler_lock,furi/core/event_loop.c,590,FURI_CRITICAL_ENTER();
unbounded_wait,furi/core/event_loop_tick.c,43,uint32_t wait_time = FuriWaitForever;
critical_or_scheduler_lock,furi/core/event_loop_timer.c,29,FURI_CRITICAL_ENTER();
unbounded_wait,furi/core/event_loop_timer.c,79,uint32_t wait_time = FuriWaitForever;
critical_or_scheduler_lock,furi/core/kernel.c,50,vTaskSuspendAll();
critical_or_scheduler_lock,furi/core/kernel.c,101,vTaskSuspendAll();
explicit_delay,furi/core/kernel.c,130,void furi_delay_tick(uint32_t ticks) {
explicit_delay,furi/core/kernel.c,137,vTaskDelay(ticks);
explicit_delay,furi/core/kernel.c,189,void furi_delay_ms(uint32_t milliseconds) {
unbounded_wait,furi/core/kernel.c,191,if(milliseconds > 0 && milliseconds < portMAX_DELAY - 1) {
explicit_delay,furi/core/kernel.c,195,furi_delay_tick(milliseconds);
explicit_delay,furi/core/kernel.c,197,furi_delay_tick(furi_ms_to_ticks(milliseconds));
explicit_delay,furi/core/kernel.c,200,furi_delay_us(milliseconds * 1000);
explicit_delay,furi/core/kernel.c,204,void furi_delay_us(uint32_t microseconds) {
explicit_delay,furi/core/kernel.h,76,void furi_delay_tick(uint32_t ticks);
explicit_delay,furi/core/kernel.h,114,void furi_delay_ms(uint32_t milliseconds);
explicit_delay,furi/core/kernel.h,122,void furi_delay_us(uint32_t microseconds);
unbounded_wait,furi/core/log.c,46,"furi_check(furi_mutex_acquire(furi_log.mutex, FuriWaitForever) == FuriStatusOk);"
unbounded_wait,furi/core/log.c,70,"furi_check(furi_mutex_acquire(furi_log.mutex, FuriWaitForever) == FuriStatusOk);"
unbounded_wait,furi/core/log.c,90,"furi_check(furi_mutex_acquire(furi_log.mutex, FuriWaitForever) == FuriStatusOk);"
unbounded_wait,furi/core/log.c,116,"if(furi_mutex_acquire(furi_log.mutex, furi_kernel_is_running() ? FuriWaitForever : 0) !="
unbounded_wait,furi/core/log.c,172,"furi_mutex_acquire(furi_log.mutex, FuriWaitForever) == FuriStatusOk) {"
critical_or_scheduler_lock,furi/core/memmgr_heap.c,201,vTaskSuspendAll();
critical_or_scheduler_lock,furi/core/memmgr_heap.c,215,vTaskSuspendAll();
critical_or_scheduler_lock,furi/core/memmgr_heap.c,226,vTaskSuspendAll();
critical_or_scheduler_lock,furi/core/memmgr_heap.c,296,//vTaskSuspendAll();
critical_or_scheduler_lock,furi/core/memmgr_heap.c,352,vTaskSuspendAll();
critical_or_scheduler_lock,furi/core/memmgr_heap.c,508,vTaskSuspendAll();
unbounded_wait,furi/core/memmgr_heap.c,678,portMAX_DELAY; /* portMAX_DELAY used as a portable way of getting the maximum value. */
critical_or_scheduler_lock,furi/core/memmgr_heap.c,680,vTaskSuspendAll();
critical_or_scheduler_lock,furi/core/memmgr_heap.c,712,taskENTER_CRITICAL();
unbounded_wait,furi/core/pubsub.c,46,"furi_check(furi_mutex_acquire(pubsub->mutex, FuriWaitForever) == FuriStatusOk);"
unbounded_wait,furi/core/pubsub.c,63,"furi_check(furi_mutex_acquire(pubsub->mutex, FuriWaitForever) == FuriStatusOk);"
unbounded_wait,furi/core/pubsub.c,87,"furi_check(furi_mutex_acquire(pubsub->mutex, FuriWaitForever) == FuriStatusOk);"
unbounded_wait,furi/core/record.c,60,"furi_check(furi_mutex_acquire(furi_record->mutex, FuriWaitForever) == FuriStatusOk);"
unbounded_wait,furi/core/record.c,133,FuriWaitForever) == FURI_RECORD_FLAG_READY);
unbounded_wait,furi/core/stream_buffer.h,78,* Setting timeout to FuriWaitForever will cause the task to wait indefinitely.
unbounded_wait,furi/core/stream_buffer.h,99,* Setting timeout to FuriWaitForever will cause the task to wait indefinitely.
explicit_delay,furi/core/thread.c,136,furi_delay_ms(33);
unbounded_wait,furi/core/thread.c,154,"furi_message_queue_put(furi_thread_scrub_message_queue, &thread, FuriWaitForever);"
unbounded_wait,furi/core/thread.c,200,"furi_thread_scrub_message_queue, &thread_to_scrub, FuriWaitForever) =="
priority_change,furi/core/thread.c,327,"void furi_thread_set_priority(FuriThread* thread, FuriThreadPriority priority) {"
thread_join,furi/core/thread.c,416,bool furi_thread_join(FuriThread* thread) {
explicit_delay,furi/core/thread.c,428,furi_delay_tick(2);
critical_or_scheduler_lock,furi/core/thread.c,656,vTaskSuspendAll();
priority_change,furi/core/thread.h,237,"void furi_thread_set_priority(FuriThread* thread, FuriThreadPriority priority);"
thread_join,furi/core/thread.h,340,bool furi_thread_join(FuriThread* thread);
unbounded_wait,furi/core/thread.h,441,* @param[in] timeout maximum time to wait in milliseconds (use FuriWaitForever to wait forever)
critical_or_scheduler_lock,furi/core/timer.c,42,vTaskSuspendAll();
unbounded_wait,furi/core/timer.c,60,"name, portMAX_DELAY, reload, instance, furi_timer_callback, &instance->container);"
unbounded_wait,furi/core/timer.c,72,"furi_check(xTimerDelete(hTimer, portMAX_DELAY) == pdPASS);"
unbounded_wait,furi/core/timer.c,83,"xTimerPendFunctionCall(furi_timer_flush_epilogue, hEvent, 0, portMAX_DELAY) == pdPASS);"
unbounded_wait,furi/core/timer.c,86,"xEventGroupWaitBits(hEvent, TIMER_DELETED_EVENT, pdFALSE, pdTRUE, portMAX_DELAY) =="
timer_or_ui_cadence,furi/core/timer.c,91,"FuriStatus furi_timer_start(FuriTimer* instance, uint32_t ticks) {"
unbounded_wait,furi/core/timer.c,94,furi_check(ticks < portMAX_DELAY);
unbounded_wait,furi/core/timer.c,99,"if(xTimerChangePeriod(hTimer, ticks, portMAX_DELAY) == pdPASS) {"
unbounded_wait,furi/core/timer.c,111,furi_check(ticks < portMAX_DELAY);
unbounded_wait,furi/core/timer.c,116,"if(xTimerChangePeriod(hTimer, ticks, portMAX_DELAY) == pdPASS &&"
unbounded_wait,furi/core/timer.c,117,"xTimerReset(hTimer, portMAX_DELAY) == pdPASS) {"
unbounded_wait,furi/core/timer.c,132,"furi_check(xTimerStop(hTimer, portMAX_DELAY) == pdPASS);"
unbounded_wait,furi/core/timer.c,163,"ret = xTimerPendFunctionCall(callback, context, arg, FuriWaitForever);"
timer_or_ui_cadence,furi/core/timer.h,54,"FuriStatus furi_timer_start(FuriTimer* instance, uint32_t ticks);"
critical_or_scheduler_lock,lib/FreeRTOS-Kernel/event_groups.c,212,vTaskSuspendAll();
critical_or_scheduler_lock,lib/FreeRTOS-Kernel/event_groups.c,277,taskENTER_CRITICAL();
critical_or_scheduler_lock,lib/FreeRTOS-Kernel/event_groups.c,339,vTaskSuspendAll();
critical_or_scheduler_lock,lib/FreeRTOS-Kernel/event_groups.c,428,taskENTER_CRITICAL();
critical_or_scheduler_lock,lib/FreeRTOS-Kernel/event_groups.c,484,taskENTER_CRITICAL();
critical_or_scheduler_lock,lib/FreeRTOS-Kernel/event_groups.c,551,vTaskSuspendAll();
critical_or_scheduler_lock,lib/FreeRTOS-Kernel/event_groups.c,638,vTaskSuspendAll();
unbounded_wait,lib/FreeRTOS-Kernel/include/croutine.h,481,"*      crQUEUE_RECEIVE( xHandle, xCoRoutineQueue, &uxLEDToFlash, portMAX_DELAY, &xResult );"
unbounded_wait,lib/FreeRTOS-Kernel/include/croutine.h,568,"*       crQUEUE_RECEIVE( xHandle, xCommsRxQueue, &uxLEDToFlash, portMAX_DELAY, &xResult );"
unbounded_wait,lib/FreeRTOS-Kernel/include/event_groups.h,244,* uxBitsToWaitFor to become set. A value of portMAX_DELAY can be used to block
unbounded_wait,lib/FreeRTOS-Kernel/include/event_groups.h,678,"*      xEventGroupSync( xEventBits, TASK_1_BIT, ALL_SYNC_BITS, portMAX_DELAY );"
unbounded_wait,lib/FreeRTOS-Kernel/include/event_groups.h,697,"*      xEventGroupSync( xEventBits, TASK_2_BIT, ALL_SYNC_BITS, portMAX_DELAY );"
unbounded_wait,lib/FreeRTOS-Kernel/include/list.h,418,* pxList->xListEnd.xItemValue is set to portMAX_DELAY by the vListInitialise()
unbounded_wait,lib/FreeRTOS-Kernel/include/list.h,421,#define listLIST_IS_INITIALISED( pxList )                ( ( pxList )->xListEnd.xItemValue == portMAX_DELAY )
unbounded_wait,lib/FreeRTOS-Kernel/include/message_buffer.h,302,* a time specified in ticks.  Setting xTicksToWait to portMAX_DELAY will cause
unbounded_wait,lib/FreeRTOS-Kernel/include/message_buffer.h,502,* into a time specified in ticks.  Setting xTicksToWait to portMAX_DELAY will
unbounded_wait,lib/FreeRTOS-Kernel/include/semphr.h,250,* time of portMAX_DELAY can be used to block indefinitely (provided
unbounded_wait,lib/FreeRTOS-Kernel/include/stream_buffer.h,309,* into a time specified in ticks.  Setting xTicksToWait to portMAX_DELAY will
unbounded_wait,lib/FreeRTOS-Kernel/include/stream_buffer.h,509,* ticks.  Setting xTicksToWait to portMAX_DELAY will cause the task to wait
critical_or_scheduler_lock,lib/FreeRTOS-Kernel/include/task.h,210,#define taskENTER_CRITICAL()               portENTER_CRITICAL()
explicit_delay,lib/FreeRTOS-Kernel/include/task.h,749,* void vTaskDelay( const TickType_t xTicksToDelay );
explicit_delay,lib/FreeRTOS-Kernel/include/task.h,761,* vTaskDelay() specifies a time at which the task wishes to unblock relative to
explicit_delay,lib/FreeRTOS-Kernel/include/task.h,762,"* the time at which vTaskDelay() is called.  For example, specifying a block"
explicit_delay,lib/FreeRTOS-Kernel/include/task.h,764,* vTaskDelay() is called.  vTaskDelay() does not therefore provide a good method
explicit_delay,lib/FreeRTOS-Kernel/include/task.h,767,* at which vTaskDelay() gets called and therefore the time at which the task
explicit_delay,lib/FreeRTOS-Kernel/include/task.h,787,*       vTaskDelay( xDelay );
explicit_delay,lib/FreeRTOS-Kernel/include/task.h,794,void vTaskDelay( const TickType_t xTicksToDelay ) PRIVILEGED_FUNCTION;
explicit_delay,lib/FreeRTOS-Kernel/include/task.h,808,* This function differs from vTaskDelay () in one important aspect:  vTaskDelay () will
explicit_delay,lib/FreeRTOS-Kernel/include/task.h,809,* cause a task to block for the specified number of ticks from the time vTaskDelay () is
explicit_delay,lib/FreeRTOS-Kernel/include/task.h,810,* called.  It is therefore difficult to use vTaskDelay () by itself to generate a fixed
explicit_delay,lib/FreeRTOS-Kernel/include/task.h,812,* calling vTaskDelay () may not be fixed [the task may take a different path though the
explicit_delay,lib/FreeRTOS-Kernel/include/task.h,816,* Whereas vTaskDelay () specifies a wake time relative to the time at which the function
explicit_delay,lib/FreeRTOS-Kernel/include/task.h,885,"* as when vTaskDelay() is called, or an event on an object, such as when"
critical_or_scheduler_lock,lib/FreeRTOS-Kernel/include/task.h,1322,* void vTaskSuspendAll( void );
critical_or_scheduler_lock,lib/FreeRTOS-Kernel/include/task.h,1328,* After calling vTaskSuspendAll () the calling task will continue to execute
critical_or_scheduler_lock,lib/FreeRTOS-Kernel/include/task.h,1348,*       // taskENTER_CRITICAL ()/taskEXIT_CRITICAL () as the length of the
critical_or_scheduler_lock,lib/FreeRTOS-Kernel/include/task.h,1353,*       vTaskSuspendAll ();
critical_or_scheduler_lock,lib/FreeRTOS-Kernel/include/task.h,1370,void vTaskSuspendAll( void ) PRIVILEGED_FUNCTION;
critical_or_scheduler_lock,lib/FreeRTOS-Kernel/include/task.h,1379,* vTaskSuspendAll().
critical_or_scheduler_lock,lib/FreeRTOS-Kernel/include/task.h,1399,*       // taskENTER_CRITICAL ()/taskEXIT_CRITICAL () as the length of the
critical_or_scheduler_lock,lib/FreeRTOS-Kernel/include/task.h,1404,*       vTaskSuspendAll ();
unbounded_wait,lib/FreeRTOS-Kernel/list.c,61,pxList->xListEnd.xItemValue = portMAX_DELAY;
unbounded_wait,lib/FreeRTOS-Kernel/list.c,148,if( xValueOfInsertion == portMAX_DELAY )
critical_or_scheduler_lock,lib/FreeRTOS-Kernel/portable/ARMv8M/non_secure/port.c,405,/* Enter a critical section but don't use the taskENTER_CRITICAL()
unbounded_wait,lib/FreeRTOS-Kernel/portable/ARMv8M/non_secure/portmacrocommon.h,77,#define portMAX_DELAY              ( TickType_t ) 0xffff
unbounded_wait,lib/FreeRTOS-Kernel/portable/ARMv8M/non_secure/portmacrocommon.h,80,#define portMAX_DELAY              ( TickType_t ) 0xffffffffUL
unbounded_wait,lib/FreeRTOS-Kernel/portable/BCC/16BitDOS/Flsh186/prtmacro.h,57,#define portMAX_DELAY ( TickType_t ) 0xffff
unbounded_wait,lib/FreeRTOS-Kernel/portable/BCC/16BitDOS/Flsh186/prtmacro.h,60,#define portMAX_DELAY ( TickType_t ) 0xffffffffUL
unbounded_wait,lib/FreeRTOS-Kernel/portable/BCC/16BitDOS/PC/prtmacro.h,57,#define portMAX_DELAY ( TickType_t ) 0xffff
unbounded_wait,lib/FreeRTOS-Kernel/portable/BCC/16BitDOS/PC/prtmacro.h,60,#define portMAX_DELAY ( TickType_t ) 0xffffffffUL
critical_or_scheduler_lock,lib/FreeRTOS-Kernel/portable/CCS/ARM_CM3/port.c,371,/* Enter a critical section but don't use the taskENTER_CRITICAL()
unbounded_wait,lib/FreeRTOS-Kernel/portable/CCS/ARM_CM3/portmacro.h,62,#define portMAX_DELAY              ( TickType_t ) 0xffff
unbounded_wait,lib/FreeRTOS-Kernel/portable/CCS/ARM_CM3/portmacro.h,65,#define portMAX_DELAY              ( TickType_t ) 0xffffffffUL
critical_or_scheduler_lock,lib/FreeRTOS-Kernel/portable/CCS/ARM_CM4F/port.c,396,/* Enter a critical section but don't use the taskENTER_CRITICAL()
unbounded_wait,lib/FreeRTOS-Kernel/portable/CCS/ARM_CM4F/portmacro.h,62,#define portMAX_DELAY              ( TickType_t ) 0xffff
unbounded_wait,lib/FreeRTOS-Kernel/portable/CCS/ARM_CM4F/portmacro.h,65,#define portMAX_DELAY              ( TickType_t ) 0xffffffffUL
unbounded_wait,lib/FreeRTOS-Kernel/portable/CCS/ARM_Cortex-R4/portmacro.h,57,#define portMAX_DELAY (TickType_t) 0xFFFF
unbounded_wait,lib/FreeRTOS-Kernel/portable/CCS/ARM_Cortex-R4/portmacro.h,60,#define portMAX_DELAY (TickType_t) 0xFFFFFFFFF
unbounded_wait,lib/FreeRTOS-Kernel/portable/CCS/MSP430X/portmacro.h,67,#define portMAX_DELAY ( TickType_t ) 0xffff
unbounded_wait,lib/FreeRTOS-Kernel/portable/CCS/MSP430X/portmacro.h,70,#define portMAX_DELAY ( TickType_t ) 0xffffffffUL
critical_or_scheduler_lock,lib/FreeRTOS-Kernel/portable/CodeWarrior/ColdFire_V1/port.c,48,/* Used to keep track of the number of nested calls to taskENTER_CRITICAL().  This
unbounded_wait,lib/FreeRTOS-Kernel/portable/CodeWarrior/ColdFire_V1/portmacro.h,62,#define portMAX_DELAY ( TickType_t ) 0xffff
unbounded_wait,lib/FreeRTOS-Kernel/portable/CodeWarrior/ColdFire_V1/portmacro.h,65,#define portMAX_DELAY ( TickType_t ) 0xffffffffUL
critical_or_scheduler_lock,lib/FreeRTOS-Kernel/portable/CodeWarrior/ColdFire_V2/port.c,39,/* Used to keep track of the number of nested calls to taskENTER_CRITICAL().  This
unbounded_wait,lib/FreeRTOS-Kernel/portable/CodeWarrior/ColdFire_V2/portmacro.h,61,#define portMAX_DELAY ( TickType_t ) 0xffff
unbounded_wait,lib/FreeRTOS-Kernel/portable/CodeWarrior/ColdFire_V2/portmacro.h,64,#define portMAX_DELAY ( TickType_t ) 0xffffffffUL
unbounded_wait,lib/FreeRTOS-Kernel/portable/CodeWarrior/HCS12/portmacro.h,58,#define portMAX_DELAY ( TickType_t ) 0xffff
unbounded_wait,lib/FreeRTOS-Kernel/portable/CodeWarrior/HCS12/portmacro.h,61,#define portMAX_DELAY ( TickType_t ) 0xffffffffUL
explicit_delay,lib/FreeRTOS-Kernel/portable/Common/mpu_wrappers.c,205,vTaskDelay( xTicksToDelay );
explicit_delay,lib/FreeRTOS-Kernel/portable/Common/mpu_wrappers.c,213,vTaskDelay( xTicksToDelay );
critical_or_scheduler_lock,lib/FreeRTOS-Kernel/portable/Common/mpu_wrappers.c,395,vTaskSuspendAll();
critical_or_scheduler_lock,lib/FreeRTOS-Kernel/portable/Common/mpu_wrappers.c,403,vTaskSuspendAll();
unbounded_wait,lib/FreeRTOS-Kernel/portable/GCC/ARM7_AT91FR40008/portmacro.h,84,#define portMAX_DELAY ( TickType_t ) 0xffff
unbounded_wait,lib/FreeRTOS-Kernel/portable/GCC/ARM7_AT91FR40008/portmacro.h,87,#define portMAX_DELAY ( TickType_t ) 0xffffffffUL
unbounded_wait,lib/FreeRTOS-Kernel/portable/GCC/ARM7_AT91SAM7S/portmacro.h,84,#define portMAX_DELAY ( TickType_t ) 0xffff
unbounded_wait,lib/FreeRTOS-Kernel/portable/GCC/ARM7_AT91SAM7S/portmacro.h,87,#define portMAX_DELAY ( TickType_t ) 0xffffffffUL
unbounded_wait,lib/FreeRTOS-Kernel/portable/GCC/ARM7_LPC2000/portmacro.h,61,#define portMAX_DELAY ( TickType_t ) 0xffff
unbounded_wait,lib/FreeRTOS-Kernel/portable/GCC/ARM7_LPC2000/portmacro.h,64,#define portMAX_DELAY ( TickType_t ) 0xffffffffUL
unbounded_wait,lib/FreeRTOS-Kernel/portable/GCC/ARM7_LPC23xx/portmacro.h,84,#define portMAX_DELAY ( TickType_t ) 0xffff
unbounded_wait,lib/FreeRTOS-Kernel/portable/GCC/ARM7_LPC23xx/portmacro.h,87,#define portMAX_DELAY ( TickType_t ) 0xffffffffUL
unbounded_wait,lib/FreeRTOS-Kernel/portable/GCC/ARM_CA53_64_BIT/portmacro.h,60,#define portMAX_DELAY ( ( TickType_t ) 0xffffffffffffffff )
unbounded_wait,lib/FreeRTOS-Kernel/portable/GCC/ARM_CA53_64_BIT_SRE/portmacro.h,60,#define portMAX_DELAY ( ( TickType_t ) 0xffffffffffffffff )
unbounded_wait,lib/FreeRTOS-Kernel/portable/GCC/ARM_CA9/portmacro.h,60,#define portMAX_DELAY ( TickType_t ) 0xffffffffUL
critical_or_scheduler_lock,lib/FreeRTOS-Kernel/portable/GCC/ARM_CM0/port.c,428,/* Enter a critical section but don't use the taskENTER_CRITICAL()
unbounded_wait,lib/FreeRTOS-Kernel/portable/GCC/ARM_CM0/portmacro.h,62,#define portMAX_DELAY              ( TickType_t ) 0xffff
unbounded_wait,lib/FreeRTOS-Kernel/portable/GCC/ARM_CM0/portmacro.h,65,#define portMAX_DELAY              ( TickType_t ) 0xffffffffUL
critical_or_scheduler_lock,lib/FreeRTOS-Kernel/portable/GCC/ARM_CM23/non_secure/port.c,405,/* Enter a critical section but don't use the taskENTER_CRITICAL()
unbounded_wait,lib/FreeRTOS-Kernel/portable/GCC/ARM_CM23/non_secure/portmacrocommon.h,77,#define portMAX_DELAY              ( TickType_t ) 0xffff
unbounded_wait,lib/FreeRTOS-Kernel/portable/GCC/ARM_CM23/non_secure/portmacrocommon.h,80,#define portMAX_DELAY              ( TickType_t ) 0xffffffffUL
critical_or_scheduler_lock,lib/FreeRTOS-Kernel/portable/GCC/ARM_CM23_NTZ/non_secure/port.c,405,/* Enter a critical section but don't use the taskENTER_CRITICAL()
unbounded_wait,lib/FreeRTOS-Kernel/portable/GCC/ARM_CM23_NTZ/non_secure/portmacrocommon.h,77,#define portMAX_DELAY              ( TickType_t ) 0xffff
unbounded_wait,lib/FreeRTOS-Kernel/portable/GCC/ARM_CM23_NTZ/non_secure/portmacrocommon.h,80,#define portMAX_DELAY              ( TickType_t ) 0xffffffffUL
critical_or_scheduler_lock,lib/FreeRTOS-Kernel/portable/GCC/ARM_CM3/port.c,470,/* Enter a critical section but don't use the taskENTER_CRITICAL()
unbounded_wait,lib/FreeRTOS-Kernel/portable/GCC/ARM_CM3/portmacro.h,62,#define portMAX_DELAY              ( TickType_t ) 0xffff
unbounded_wait,lib/FreeRTOS-Kernel/portable/GCC/ARM_CM3/portmacro.h,65,#define portMAX_DELAY              ( TickType_t ) 0xffffffffUL
critical_or_scheduler_lock,lib/FreeRTOS-Kernel/portable/GCC/ARM_CM33/non_secure/port.c,405,/* Enter a critical section but don't use the taskENTER_CRITICAL()
unbounded_wait,lib/FreeRTOS-Kernel/portable/GCC/ARM_CM33/non_secure/portmacrocommon.h,77,#define portMAX_DELAY              ( TickType_t ) 0xffff
unbounded_wait,lib/FreeRTOS-Kernel/portable/GCC/ARM_CM33/non_secure/portmacrocommon.h,80,#define portMAX_DELAY              ( TickType_t ) 0xffffffffUL
critical_or_scheduler_lock,lib/FreeRTOS-Kernel/portable/GCC/ARM_CM33_NTZ/non_secure/port.c,405,/* Enter a critical section but don't use the taskENTER_CRITICAL()
unbounded_wait,lib/FreeRTOS-Kernel/portable/GCC/ARM_CM33_NTZ/non_secure/portmacrocommon.h,77,#define portMAX_DELAY              ( TickType_t ) 0xffff
unbounded_wait,lib/FreeRTOS-Kernel/portable/GCC/ARM_CM33_NTZ/non_secure/portmacrocommon.h,80,#define portMAX_DELAY              ( TickType_t ) 0xffffffffUL
unbounded_wait,lib/FreeRTOS-Kernel/portable/GCC/ARM_CM3_MPU/portmacro.h,62,#define portMAX_DELAY              ( TickType_t ) 0xffff
unbounded_wait,lib/FreeRTOS-Kernel/portable/GCC/ARM_CM3_MPU/portmacro.h,65,#define portMAX_DELAY              ( TickType_t ) 0xffffffffUL
critical_or_scheduler_lock,lib/FreeRTOS-Kernel/portable/GCC/ARM_CM4F/port.c,532,/* Enter a critical section but don't use the taskENTER_CRITICAL()
unbounded_wait,lib/FreeRTOS-Kernel/portable/GCC/ARM_CM4F/portmacro.h,62,#define portMAX_DELAY              ( TickType_t ) 0xffff
unbounded_wait,lib/FreeRTOS-Kernel/portable/GCC/ARM_CM4F/portmacro.h,65,#define portMAX_DELAY              ( TickType_t ) 0xffffffffUL
unbounded_wait,lib/FreeRTOS-Kernel/portable/GCC/ARM_CM4_MPU/portmacro.h,65,#define portMAX_DELAY              ( TickType_t ) 0xffff
unbounded_wait,lib/FreeRTOS-Kernel/portable/GCC/ARM_CM4_MPU/portmacro.h,68,#define portMAX_DELAY              ( TickType_t ) 0xffffffffUL
critical_or_scheduler_lock,lib/FreeRTOS-Kernel/portable/GCC/ARM_CM55/non_secure/port.c,405,/* Enter a critical section but don't use the taskENTER_CRITICAL()
unbounded_wait,lib/FreeRTOS-Kernel/portable/GCC/ARM_CM55/non_secure/portmacrocommon.h,77,#define portMAX_DELAY              ( TickType_t ) 0xffff
unbounded_wait,lib/FreeRTOS-Kernel/portable/GCC/ARM_CM55/non_secure/portmacrocommon.h,80,#define portMAX_DELAY              ( TickType_t ) 0xffffffffUL
critical_or_scheduler_lock,lib/FreeRTOS-Kernel/portable/GCC/ARM_CM55_NTZ/non_secure/port.c,405,/* Enter a critical section but don't use the taskENTER_CRITICAL()
unbounded_wait,lib/FreeRTOS-Kernel/portable/GCC/ARM_CM55_NTZ/non_secure/portmacrocommon.h,77,#define portMAX_DELAY              ( TickType_t ) 0xffff
unbounded_wait,lib/FreeRTOS-Kernel/portable/GCC/ARM_CM55_NTZ/non_secure/portmacrocommon.h,80,#define portMAX_DELAY              ( TickType_t ) 0xffffffffUL
critical_or_scheduler_lock,lib/FreeRTOS-Kernel/portable/GCC/ARM_CM7/r0p1/port.c,522,/* Enter a critical section but don't use the taskENTER_CRITICAL()
unbounded_wait,lib/FreeRTOS-Kernel/portable/GCC/ARM_CM7/r0p1/portmacro.h,62,#define portMAX_DELAY              ( TickType_t ) 0xffff
unbounded_wait,lib/FreeRTOS-Kernel/portable/GCC/ARM_CM7/r0p1/portmacro.h,65,#define portMAX_DELAY              ( TickType_t ) 0xffffffffUL
critical_or_scheduler_lock,lib/FreeRTOS-Kernel/portable/GCC/ARM_CM85/non_secure/port.c,405,/* Enter a critical section but don't use the taskENTER_CRITICAL()
unbounded_wait,lib/FreeRTOS-Kernel/portable/GCC/ARM_CM85/non_secure/portmacrocommon.h,77,#define portMAX_DELAY              ( TickType_t ) 0xffff
unbounded_wait,lib/FreeRTOS-Kernel/portable/GCC/ARM_CM85/non_secure/portmacrocommon.h,80,#define portMAX_DELAY              ( TickType_t ) 0xffffffffUL
critical_or_scheduler_lock,lib/FreeRTOS-Kernel/portable/GCC/ARM_CM85_NTZ/non_secure/port.c,405,/* Enter a critical section but don't use the taskENTER_CRITICAL()
unbounded_wait,lib/FreeRTOS-Kernel/portable/GCC/ARM_CM85_NTZ/non_secure/portmacrocommon.h,77,#define portMAX_DELAY              ( TickType_t ) 0xffff
unbounded_wait,lib/FreeRTOS-Kernel/portable/GCC/ARM_CM85_NTZ/non_secure/portmacrocommon.h,80,#define portMAX_DELAY              ( TickType_t ) 0xffffffffUL
unbounded_wait,lib/FreeRTOS-Kernel/portable/GCC/ARM_CR5/portmacro.h,60,#define portMAX_DELAY    ( TickType_t ) 0xffffffffUL
unbounded_wait,lib/FreeRTOS-Kernel/portable/GCC/ARM_CRx_No_GIC/portmacro.h,60,#define portMAX_DELAY ( TickType_t ) 0xffffffffUL
unbounded_wait,lib/FreeRTOS-Kernel/portable/GCC/ATMega323/portmacro.h,70,#define portMAX_DELAY ( TickType_t ) 0xffff
unbounded_wait,lib/FreeRTOS-Kernel/portable/GCC/ATMega323/portmacro.h,73,#define portMAX_DELAY ( TickType_t ) 0xffffffffUL
critical_or_scheduler_lock,lib/FreeRTOS-Kernel/portable/GCC/AVR32_UC3/port.c,189,vTaskSuspendAll();
critical_or_scheduler_lock,lib/FreeRTOS-Kernel/portable/GCC/AVR32_UC3/port.c,208,vTaskSuspendAll();
unbounded_wait,lib/FreeRTOS-Kernel/portable/GCC/AVR32_UC3/portmacro.h,114,#define portMAX_DELAY ( TickType_t ) 0xffff
unbounded_wait,lib/FreeRTOS-Kernel/portable/GCC/AVR32_UC3/portmacro.h,117,#define portMAX_DELAY ( TickType_t ) 0xffffffffUL
explicit_delay,lib/FreeRTOS-Kernel/portable/GCC/AVR32_UC3/portmacro.h,425,/* vTaskDelay() and vTaskDelayUntil() OS functions (that result in a taskYield()) */		\
unbounded_wait,lib/FreeRTOS-Kernel/portable/GCC/CORTUS_APS3/portmacro.h,63,#define portMAX_DELAY ( TickType_t ) 0xffff
unbounded_wait,lib/FreeRTOS-Kernel/portable/GCC/CORTUS_APS3/portmacro.h,66,#define portMAX_DELAY ( TickType_t ) 0xffffffffUL
critical_or_scheduler_lock,lib/FreeRTOS-Kernel/portable/GCC/ColdFire_V2/port.c,38,/* Used to keep track of the number of nested calls to taskENTER_CRITICAL().  This
unbounded_wait,lib/FreeRTOS-Kernel/portable/GCC/ColdFire_V2/portmacro.h,61,#define portMAX_DELAY ( TickType_t ) 0xffff
unbounded_wait,lib/FreeRTOS-Kernel/portable/GCC/ColdFire_V2/portmacro.h,64,#define portMAX_DELAY ( TickType_t ) 0xffffffffUL
unbounded_wait,lib/FreeRTOS-Kernel/portable/GCC/H8S2329/portmacro.h,62,#define portMAX_DELAY ( TickType_t ) 0xffff
unbounded_wait,lib/FreeRTOS-Kernel/portable/GCC/H8S2329/portmacro.h,65,#define portMAX_DELAY ( TickType_t ) 0xffffffffUL
unbounded_wait,lib/FreeRTOS-Kernel/portable/GCC/HCS12/portmacro.h,63,#define portMAX_DELAY ( TickType_t ) 0xffff
unbounded_wait,lib/FreeRTOS-Kernel/portable/GCC/HCS12/portmacro.h,66,#define portMAX_DELAY ( TickType_t ) 0xffffffffUL
critical_or_scheduler_lock,lib/FreeRTOS-Kernel/portable/GCC/IA32_flat/port.c,609,taskENTER_CRITICAL();
unbounded_wait,lib/FreeRTOS-Kernel/portable/GCC/IA32_flat/portmacro.h,60,#define portMAX_DELAY ( ( TickType_t ) 0xffffffffUL )
unbounded_wait,lib/FreeRTOS-Kernel/portable/GCC/MSP430F449/portmacro.h,61,#define portMAX_DELAY ( TickType_t ) 0xffff
unbounded_wait,lib/FreeRTOS-Kernel/portable/GCC/MSP430F449/portmacro.h,64,#define portMAX_DELAY ( TickType_t ) 0xffffffffUL
unbounded_wait,lib/FreeRTOS-Kernel/portable/GCC/MicroBlaze/portmacro.h,61,#define portMAX_DELAY ( TickType_t ) 0xffff
unbounded_wait,lib/FreeRTOS-Kernel/portable/GCC/MicroBlaze/portmacro.h,64,#define portMAX_DELAY ( TickType_t ) 0xffffffffUL
unbounded_wait,lib/FreeRTOS-Kernel/portable/GCC/MicroBlazeV8/portmacro.h,65,#define portMAX_DELAY ( TickType_t ) 0xffff
unbounded_wait,lib/FreeRTOS-Kernel/portable/GCC/MicroBlazeV8/portmacro.h,68,#define portMAX_DELAY ( TickType_t ) 0xffffffffUL
unbounded_wait,lib/FreeRTOS-Kernel/portable/GCC/MicroBlazeV9/portmacro.h,65,#define portMAX_DELAY ( TickType_t ) 0xffff
unbounded_wait,lib/FreeRTOS-Kernel/portable/GCC/MicroBlazeV9/portmacro.h,68,#define portMAX_DELAY ( TickType_t ) 0xffffffffUL
unbounded_wait,lib/FreeRTOS-Kernel/portable/GCC/NiosII/portmacro.h,63,#define portMAX_DELAY ( TickType_t ) 0xffff
unbounded_wait,lib/FreeRTOS-Kernel/portable/GCC/NiosII/portmacro.h,66,#define portMAX_DELAY ( TickType_t ) 0xffffffffUL
unbounded_wait,lib/FreeRTOS-Kernel/portable/GCC/PPC405_Xilinx/portmacro.h,63,#define portMAX_DELAY ( TickType_t ) 0xffff
unbounded_wait,lib/FreeRTOS-Kernel/portable/GCC/PPC405_Xilinx/portmacro.h,66,#define portMAX_DELAY ( TickType_t ) 0xffffffffUL
unbounded_wait,lib/FreeRTOS-Kernel/portable/GCC/PPC440_Xilinx/portmacro.h,63,#define portMAX_DELAY ( TickType_t ) 0xffff
unbounded_wait,lib/FreeRTOS-Kernel/portable/GCC/PPC440_Xilinx/portmacro.h,66,#define portMAX_DELAY ( TickType_t ) 0xffffffffUL
unbounded_wait,lib/FreeRTOS-Kernel/portable/GCC/RISC-V/portmacro.h,52,#define portMAX_DELAY           ( TickType_t ) 0xffffffffffffffffUL
unbounded_wait,lib/FreeRTOS-Kernel/portable/GCC/RISC-V/portmacro.h,58,#define portMAX_DELAY           ( TickType_t ) 0xffffffffUL
unbounded_wait,lib/FreeRTOS-Kernel/portable/GCC/RL78/portmacro.h,59,#define portMAX_DELAY ( TickType_t ) 0xffff
unbounded_wait,lib/FreeRTOS-Kernel/portable/GCC/RL78/portmacro.h,62,#define portMAX_DELAY ( TickType_t ) 0xffffffffUL
unbounded_wait,lib/FreeRTOS-Kernel/portable/GCC/RX100/portmacro.h,68,#define portMAX_DELAY ( TickType_t ) 0xffff
unbounded_wait,lib/FreeRTOS-Kernel/portable/GCC/RX100/portmacro.h,71,#define portMAX_DELAY ( TickType_t ) 0xffffffffUL
critical_or_scheduler_lock,lib/FreeRTOS-Kernel/portable/GCC/RX100/portmacro.h,100,taskENTER_CRITICAL() and taskEXIT_CRITICAL() macros.  An extra check is
unbounded_wait,lib/FreeRTOS-Kernel/portable/GCC/RX200/portmacro.h,69,#define portMAX_DELAY ( TickType_t ) 0xffff
unbounded_wait,lib/FreeRTOS-Kernel/portable/GCC/RX200/portmacro.h,72,#define portMAX_DELAY ( TickType_t ) 0xffffffffUL
critical_or_scheduler_lock,lib/FreeRTOS-Kernel/portable/GCC/RX200/portmacro.h,103,taskENTER_CRITICAL() and taskEXIT_CRITICAL() macros.  An extra check is
unbounded_wait,lib/FreeRTOS-Kernel/portable/GCC/RX600/portmacro.h,69,#define portMAX_DELAY ( TickType_t ) 0xffff
unbounded_wait,lib/FreeRTOS-Kernel/portable/GCC/RX600/portmacro.h,72,#define portMAX_DELAY ( TickType_t ) 0xffffffffUL
critical_or_scheduler_lock,lib/FreeRTOS-Kernel/portable/GCC/RX600/portmacro.h,103,taskENTER_CRITICAL() and taskEXIT_CRITICAL() macros.  An extra check is
unbounded_wait,lib/FreeRTOS-Kernel/portable/GCC/RX600v2/portmacro.h,69,#define portMAX_DELAY ( TickType_t ) 0xffff
unbounded_wait,lib/FreeRTOS-Kernel/portable/GCC/RX600v2/portmacro.h,72,#define portMAX_DELAY ( TickType_t ) 0xffffffffUL
critical_or_scheduler_lock,lib/FreeRTOS-Kernel/portable/GCC/RX600v2/portmacro.h,103,taskENTER_CRITICAL() and taskEXIT_CRITICAL() macros.  An extra check is
unbounded_wait,lib/FreeRTOS-Kernel/portable/GCC/RX700v3_DPFPU/portmacro.h,81,#define portMAX_DELAY              ( TickType_t ) 0xffff
unbounded_wait,lib/FreeRTOS-Kernel/portable/GCC/RX700v3_DPFPU/portmacro.h,84,#define portMAX_DELAY              ( TickType_t ) 0xffffffffUL
critical_or_scheduler_lock,lib/FreeRTOS-Kernel/portable/GCC/RX700v3_DPFPU/portmacro.h,127,* taskENTER_CRITICAL() and taskEXIT_CRITICAL() macros.  An extra check is
unbounded_wait,lib/FreeRTOS-Kernel/portable/GCC/STR75x/portmacro.h,62,#define portMAX_DELAY ( TickType_t ) 0xffff
unbounded_wait,lib/FreeRTOS-Kernel/portable/GCC/STR75x/portmacro.h,65,#define portMAX_DELAY ( TickType_t ) 0xffffffffUL
unbounded_wait,lib/FreeRTOS-Kernel/portable/GCC/TriCore_1782/portmacro.h,65,#define portMAX_DELAY ( TickType_t ) 0xffff
unbounded_wait,lib/FreeRTOS-Kernel/portable/GCC/TriCore_1782/portmacro.h,68,#define portMAX_DELAY ( TickType_t ) 0xffffffffUL
unbounded_wait,lib/FreeRTOS-Kernel/portable/IAR/78K0R/portmacro.h,62,#define portMAX_DELAY ( TickType_t ) 0xffff
unbounded_wait,lib/FreeRTOS-Kernel/portable/IAR/78K0R/portmacro.h,65,#define portMAX_DELAY ( TickType_t ) 0xffffffffUL
unbounded_wait,lib/FreeRTOS-Kernel/portable/IAR/ARM_CA5_No_GIC/portmacro.h,65,#define portMAX_DELAY ( TickType_t ) 0xffffffffUL
unbounded_wait,lib/FreeRTOS-Kernel/portable/IAR/ARM_CA9/portmacro.h,65,#define portMAX_DELAY ( TickType_t ) 0xffffffffUL
critical_or_scheduler_lock,lib/FreeRTOS-Kernel/portable/IAR/ARM_CM0/port.c,293,/* Enter a critical section but don't use the taskENTER_CRITICAL()
unbounded_wait,lib/FreeRTOS-Kernel/portable/IAR/ARM_CM0/portmacro.h,62,#define portMAX_DELAY              ( TickType_t ) 0xffff
unbounded_wait,lib/FreeRTOS-Kernel/portable/IAR/ARM_CM0/portmacro.h,65,#define portMAX_DELAY              ( TickType_t ) 0xffffffffUL
critical_or_scheduler_lock,lib/FreeRTOS-Kernel/portable/IAR/ARM_CM23/non_secure/port.c,405,/* Enter a critical section but don't use the taskENTER_CRITICAL()
unbounded_wait,lib/FreeRTOS-Kernel/portable/IAR/ARM_CM23/non_secure/portmacrocommon.h,77,#define portMAX_DELAY              ( TickType_t ) 0xffff
unbounded_wait,lib/FreeRTOS-Kernel/portable/IAR/ARM_CM23/non_secure/portmacrocommon.h,80,#define portMAX_DELAY              ( TickType_t ) 0xffffffffUL
critical_or_scheduler_lock,lib/FreeRTOS-Kernel/portable/IAR/ARM_CM23_NTZ/non_secure/port.c,405,/* Enter a critical section but don't use the taskENTER_CRITICAL()
unbounded_wait,lib/FreeRTOS-Kernel/portable/IAR/ARM_CM23_NTZ/non_secure/portmacrocommon.h,77,#define portMAX_DELAY              ( TickType_t ) 0xffff
unbounded_wait,lib/FreeRTOS-Kernel/portable/IAR/ARM_CM23_NTZ/non_secure/portmacrocommon.h,80,#define portMAX_DELAY              ( TickType_t ) 0xffffffffUL
critical_or_scheduler_lock,lib/FreeRTOS-Kernel/portable/IAR/ARM_CM3/port.c,373,/* Enter a critical section but don't use the taskENTER_CRITICAL()
unbounded_wait,lib/FreeRTOS-Kernel/portable/IAR/ARM_CM3/portmacro.h,65,#define portMAX_DELAY              ( TickType_t ) 0xffff
unbounded_wait,lib/FreeRTOS-Kernel/portable/IAR/ARM_CM3/portmacro.h,68,#define portMAX_DELAY              ( TickType_t ) 0xffffffffUL
critical_or_scheduler_lock,lib/FreeRTOS-Kernel/portable/IAR/ARM_CM33/non_secure/port.c,405,/* Enter a critical section but don't use the taskENTER_CRITICAL()
unbounded_wait,lib/FreeRTOS-Kernel/portable/IAR/ARM_CM33/non_secure/portmacrocommon.h,77,#define portMAX_DELAY              ( TickType_t ) 0xffff
unbounded_wait,lib/FreeRTOS-Kernel/portable/IAR/ARM_CM33/non_secure/portmacrocommon.h,80,#define portMAX_DELAY              ( TickType_t ) 0xffffffffUL
critical_or_scheduler_lock,lib/FreeRTOS-Kernel/portable/IAR/ARM_CM33_NTZ/non_secure/port.c,405,/* Enter a critical section but don't use the taskENTER_CRITICAL()
unbounded_wait,lib/FreeRTOS-Kernel/portable/IAR/ARM_CM33_NTZ/non_secure/portmacrocommon.h,77,#define portMAX_DELAY              ( TickType_t ) 0xffff
unbounded_wait,lib/FreeRTOS-Kernel/portable/IAR/ARM_CM33_NTZ/non_secure/portmacrocommon.h,80,#define portMAX_DELAY              ( TickType_t ) 0xffffffffUL
critical_or_scheduler_lock,lib/FreeRTOS-Kernel/portable/IAR/ARM_CM4F/port.c,410,/* Enter a critical section but don't use the taskENTER_CRITICAL()
unbounded_wait,lib/FreeRTOS-Kernel/portable/IAR/ARM_CM4F/portmacro.h,64,#define portMAX_DELAY              ( TickType_t ) 0xffff
unbounded_wait,lib/FreeRTOS-Kernel/portable/IAR/ARM_CM4F/portmacro.h,67,#define portMAX_DELAY              ( TickType_t ) 0xffffffffUL
unbounded_wait,lib/FreeRTOS-Kernel/portable/IAR/ARM_CM4F_MPU/portmacro.h,67,#define portMAX_DELAY              ( TickType_t ) 0xffff
unbounded_wait,lib/FreeRTOS-Kernel/portable/IAR/ARM_CM4F_MPU/portmacro.h,70,#define portMAX_DELAY              ( TickType_t ) 0xffffffffUL
critical_or_scheduler_lock,lib/FreeRTOS-Kernel/portable/IAR/ARM_CM55/non_secure/port.c,405,/* Enter a critical section but don't use the taskENTER_CRITICAL()
unbounded_wait,lib/FreeRTOS-Kernel/portable/IAR/ARM_CM55/non_secure/portmacrocommon.h,77,#define portMAX_DELAY              ( TickType_t ) 0xffff
unbounded_wait,lib/FreeRTOS-Kernel/portable/IAR/ARM_CM55/non_secure/portmacrocommon.h,80,#define portMAX_DELAY              ( TickType_t ) 0xffffffffUL
critical_or_scheduler_lock,lib/FreeRTOS-Kernel/portable/IAR/ARM_CM55_NTZ/non_secure/port.c,405,/* Enter a critical section but don't use the taskENTER_CRITICAL()
unbounded_wait,lib/FreeRTOS-Kernel/portable/IAR/ARM_CM55_NTZ/non_secure/portmacrocommon.h,77,#define portMAX_DELAY              ( TickType_t ) 0xffff
unbounded_wait,lib/FreeRTOS-Kernel/portable/IAR/ARM_CM55_NTZ/non_secure/portmacrocommon.h,80,#define portMAX_DELAY              ( TickType_t ) 0xffffffffUL
critical_or_scheduler_lock,lib/FreeRTOS-Kernel/portable/IAR/ARM_CM7/r0p1/port.c,398,/* Enter a critical section but don't use the taskENTER_CRITICAL()
unbounded_wait,lib/FreeRTOS-Kernel/portable/IAR/ARM_CM7/r0p1/portmacro.h,64,#define portMAX_DELAY              ( TickType_t ) 0xffff
unbounded_wait,lib/FreeRTOS-Kernel/portable/IAR/ARM_CM7/r0p1/portmacro.h,67,#define portMAX_DELAY              ( TickType_t ) 0xffffffffUL
critical_or_scheduler_lock,lib/FreeRTOS-Kernel/portable/IAR/ARM_CM85/non_secure/port.c,405,/* Enter a critical section but don't use the taskENTER_CRITICAL()
unbounded_wait,lib/FreeRTOS-Kernel/portable/IAR/ARM_CM85/non_secure/portmacrocommon.h,77,#define portMAX_DELAY              ( TickType_t ) 0xffff
unbounded_wait,lib/FreeRTOS-Kernel/portable/IAR/ARM_CM85/non_secure/portmacrocommon.h,80,#define portMAX_DELAY              ( TickType_t ) 0xffffffffUL
critical_or_scheduler_lock,lib/FreeRTOS-Kernel/portable/IAR/ARM_CM85_NTZ/non_secure/port.c,405,/* Enter a critical section but don't use the taskENTER_CRITICAL()
unbounded_wait,lib/FreeRTOS-Kernel/portable/IAR/ARM_CM85_NTZ/non_secure/portmacrocommon.h,77,#define portMAX_DELAY              ( TickType_t ) 0xffff
unbounded_wait,lib/FreeRTOS-Kernel/portable/IAR/ARM_CM85_NTZ/non_secure/portmacrocommon.h,80,#define portMAX_DELAY              ( TickType_t ) 0xffffffffUL
unbounded_wait,lib/FreeRTOS-Kernel/portable/IAR/ARM_CRx_No_GIC/portmacro.h,62,#define portMAX_DELAY ( TickType_t ) 0xffffffffUL
unbounded_wait,lib/FreeRTOS-Kernel/portable/IAR/ATMega323/portmacro.h,69,#define portMAX_DELAY ( TickType_t ) 0xffff
unbounded_wait,lib/FreeRTOS-Kernel/portable/IAR/ATMega323/portmacro.h,72,#define portMAX_DELAY ( TickType_t ) 0xffffffffUL
critical_or_scheduler_lock,lib/FreeRTOS-Kernel/portable/IAR/AVR32_UC3/port.c,173,vTaskSuspendAll();
unbounded_wait,lib/FreeRTOS-Kernel/portable/IAR/AVR32_UC3/portmacro.h,117,#define portMAX_DELAY ( TickType_t ) 0xffff
unbounded_wait,lib/FreeRTOS-Kernel/portable/IAR/AVR32_UC3/portmacro.h,120,#define portMAX_DELAY ( TickType_t ) 0xffffffffUL
explicit_delay,lib/FreeRTOS-Kernel/portable/IAR/AVR32_UC3/portmacro.h,422,/* vTaskDelay() and vTaskDelayUntil() OS functions (that result in a taskYield()) */				\
unbounded_wait,lib/FreeRTOS-Kernel/portable/IAR/AVR_AVRDx/portmacro.h,65,#define portMAX_DELAY    ( TickType_t ) 0xffff
unbounded_wait,lib/FreeRTOS-Kernel/portable/IAR/AVR_AVRDx/portmacro.h,68,#define portMAX_DELAY    ( TickType_t ) 0xffffffffUL
unbounded_wait,lib/FreeRTOS-Kernel/portable/IAR/AVR_Mega0/portmacro.h,65,#define portMAX_DELAY    ( TickType_t ) 0xffff
unbounded_wait,lib/FreeRTOS-Kernel/portable/IAR/AVR_Mega0/portmacro.h,68,#define portMAX_DELAY    ( TickType_t ) 0xffffffffUL
unbounded_wait,lib/FreeRTOS-Kernel/portable/IAR/AtmelSAM7S64/portmacro.h,62,#define portMAX_DELAY ( TickType_t ) 0xffff
unbounded_wait,lib/FreeRTOS-Kernel/portable/IAR/AtmelSAM7S64/portmacro.h,65,#define portMAX_DELAY ( TickType_t ) 0xffffffffUL
unbounded_wait,lib/FreeRTOS-Kernel/portable/IAR/AtmelSAM9XE/portmacro.h,65,#define portMAX_DELAY ( TickType_t ) 0xffff
unbounded_wait,lib/FreeRTOS-Kernel/portable/IAR/AtmelSAM9XE/portmacro.h,68,#define portMAX_DELAY ( TickType_t ) 0xffffffffUL
unbounded_wait,lib/FreeRTOS-Kernel/portable/IAR/LPC2000/portmacro.h,65,#define portMAX_DELAY ( TickType_t ) 0xffff
unbounded_wait,lib/FreeRTOS-Kernel/portable/IAR/LPC2000/portmacro.h,68,#define portMAX_DELAY ( TickType_t ) 0xffffffffUL
unbounded_wait,lib/FreeRTOS-Kernel/portable/IAR/MSP430/portmacro.h,58,#define portMAX_DELAY ( TickType_t ) 0xffff
unbounded_wait,lib/FreeRTOS-Kernel/portable/IAR/MSP430/portmacro.h,61,#define portMAX_DELAY ( TickType_t ) 0xffffffffUL
unbounded_wait,lib/FreeRTOS-Kernel/portable/IAR/MSP430X/portmacro.h,67,#define portMAX_DELAY ( TickType_t ) 0xffff
unbounded_wait,lib/FreeRTOS-Kernel/portable/IAR/MSP430X/portmacro.h,70,#define portMAX_DELAY ( TickType_t ) 0xffffffffUL
unbounded_wait,lib/FreeRTOS-Kernel/portable/IAR/RISC-V/portmacro.h,54,#define portMAX_DELAY           ( TickType_t ) 0xffffffffffffffffUL
unbounded_wait,lib/FreeRTOS-Kernel/portable/IAR/RISC-V/portmacro.h,60,#define portMAX_DELAY           ( TickType_t ) 0xffffffffUL
unbounded_wait,lib/FreeRTOS-Kernel/portable/IAR/RL78/portmacro.h,80,#define portMAX_DELAY ( TickType_t ) 0xffff
unbounded_wait,lib/FreeRTOS-Kernel/portable/IAR/RL78/portmacro.h,83,#define portMAX_DELAY ( TickType_t ) 0xffffffffUL
unbounded_wait,lib/FreeRTOS-Kernel/portable/IAR/RX100/portmacro.h,69,#define portMAX_DELAY ( TickType_t ) 0xffff
unbounded_wait,lib/FreeRTOS-Kernel/portable/IAR/RX100/portmacro.h,72,#define portMAX_DELAY ( TickType_t ) 0xffffffffUL
critical_or_scheduler_lock,lib/FreeRTOS-Kernel/portable/IAR/RX100/portmacro.h,98,taskENTER_CRITICAL() and taskEXIT_CRITICAL() macros.  An extra check is
unbounded_wait,lib/FreeRTOS-Kernel/portable/IAR/RX600/portmacro.h,66,#define portMAX_DELAY ( TickType_t ) 0xffff
unbounded_wait,lib/FreeRTOS-Kernel/portable/IAR/RX600/portmacro.h,69,#define portMAX_DELAY ( TickType_t ) 0xffffffffUL
critical_or_scheduler_lock,lib/FreeRTOS-Kernel/portable/IAR/RX600/portmacro.h,100,taskENTER_CRITICAL() and taskEXIT_CRITICAL() macros.  An extra check is
unbounded_wait,lib/FreeRTOS-Kernel/portable/IAR/RX700v3_DPFPU/portmacro.h,84,#define portMAX_DELAY              ( TickType_t ) 0xffff
unbounded_wait,lib/FreeRTOS-Kernel/portable/IAR/RX700v3_DPFPU/portmacro.h,87,#define portMAX_DELAY              ( TickType_t ) 0xffffffffUL
critical_or_scheduler_lock,lib/FreeRTOS-Kernel/portable/IAR/RX700v3_DPFPU/portmacro.h,133,* taskENTER_CRITICAL() and taskEXIT_CRITICAL() macros.  An extra check is
unbounded_wait,lib/FreeRTOS-Kernel/portable/IAR/RXv2/portmacro.h,66,#define portMAX_DELAY ( TickType_t ) 0xffff
unbounded_wait,lib/FreeRTOS-Kernel/portable/IAR/RXv2/portmacro.h,69,#define portMAX_DELAY ( TickType_t ) 0xffffffffUL
critical_or_scheduler_lock,lib/FreeRTOS-Kernel/portable/IAR/RXv2/portmacro.h,100,taskENTER_CRITICAL() and taskEXIT_CRITICAL() macros.  An extra check is
unbounded_wait,lib/FreeRTOS-Kernel/portable/IAR/STR71x/portmacro.h,66,#define portMAX_DELAY ( TickType_t ) 0xffff
unbounded_wait,lib/FreeRTOS-Kernel/portable/IAR/STR71x/portmacro.h,69,#define portMAX_DELAY ( TickType_t ) 0xffffffffUL
unbounded_wait,lib/FreeRTOS-Kernel/portable/IAR/STR75x/portmacro.h,65,#define portMAX_DELAY ( TickType_t ) 0xffff
unbounded_wait,lib/FreeRTOS-Kernel/portable/IAR/STR75x/portmacro.h,68,#define portMAX_DELAY ( TickType_t ) 0xffffffffUL
unbounded_wait,lib/FreeRTOS-Kernel/portable/IAR/STR91x/portmacro.h,65,#define portMAX_DELAY ( TickType_t ) 0xffff
unbounded_wait,lib/FreeRTOS-Kernel/portable/IAR/STR91x/portmacro.h,68,#define portMAX_DELAY ( TickType_t ) 0xffffffffUL
unbounded_wait,lib/FreeRTOS-Kernel/portable/IAR/V850ES/portmacro.h,62,#define portMAX_DELAY ( TickType_t ) 0xffff
unbounded_wait,lib/FreeRTOS-Kernel/portable/IAR/V850ES/portmacro.h,65,#define portMAX_DELAY ( TickType_t ) 0xffffffffUL
unbounded_wait,lib/FreeRTOS-Kernel/portable/MPLAB/PIC18F/portmacro.h,57,#define portMAX_DELAY ( TickType_t ) 0xffff
unbounded_wait,lib/FreeRTOS-Kernel/portable/MPLAB/PIC18F/portmacro.h,60,#define portMAX_DELAY ( TickType_t ) 0xffffffffUL
unbounded_wait,lib/FreeRTOS-Kernel/portable/MPLAB/PIC24_dsPIC/portmacro.h,61,#define portMAX_DELAY ( TickType_t ) 0xffff
unbounded_wait,lib/FreeRTOS-Kernel/portable/MPLAB/PIC24_dsPIC/portmacro.h,67,#define portMAX_DELAY ( TickType_t ) 0xffffffffUL
unbounded_wait,lib/FreeRTOS-Kernel/portable/MPLAB/PIC32MEC14xx/portmacro.h,61,#define portMAX_DELAY ( TickType_t ) 0xffff
unbounded_wait,lib/FreeRTOS-Kernel/portable/MPLAB/PIC32MEC14xx/portmacro.h,64,#define portMAX_DELAY ( TickType_t ) 0xffffffffUL
unbounded_wait,lib/FreeRTOS-Kernel/portable/MPLAB/PIC32MX/portmacro.h,64,#define portMAX_DELAY ( TickType_t ) 0xffff
unbounded_wait,lib/FreeRTOS-Kernel/portable/MPLAB/PIC32MX/portmacro.h,67,#define portMAX_DELAY ( TickType_t ) 0xffffffffUL
unbounded_wait,lib/FreeRTOS-Kernel/portable/MPLAB/PIC32MZ/portmacro.h,64,#define portMAX_DELAY ( TickType_t ) 0xffff
unbounded_wait,lib/FreeRTOS-Kernel/portable/MPLAB/PIC32MZ/portmacro.h,67,#define portMAX_DELAY ( TickType_t ) 0xffffffffUL
unbounded_wait,lib/FreeRTOS-Kernel/portable/MSVC-MingW/portmacro.h,55,#define portMAX_DELAY ( TickType_t ) 0xffff
unbounded_wait,lib/FreeRTOS-Kernel/portable/MSVC-MingW/portmacro.h,58,#define portMAX_DELAY ( TickType_t ) 0xffffffffUL
critical_or_scheduler_lock,lib/FreeRTOS-Kernel/portable/MemMang/heap_1.c,94,vTaskSuspendAll();
critical_or_scheduler_lock,lib/FreeRTOS-Kernel/portable/MemMang/heap_2.c,162,vTaskSuspendAll();
critical_or_scheduler_lock,lib/FreeRTOS-Kernel/portable/MemMang/heap_2.c,294,vTaskSuspendAll();
critical_or_scheduler_lock,lib/FreeRTOS-Kernel/portable/MemMang/heap_3.c,63,vTaskSuspendAll();
critical_or_scheduler_lock,lib/FreeRTOS-Kernel/portable/MemMang/heap_3.c,87,vTaskSuspendAll();
critical_or_scheduler_lock,lib/FreeRTOS-Kernel/portable/MemMang/heap_4.c,146,vTaskSuspendAll();
critical_or_scheduler_lock,lib/FreeRTOS-Kernel/portable/MemMang/heap_4.c,319,vTaskSuspendAll();
unbounded_wait,lib/FreeRTOS-Kernel/portable/MemMang/heap_4.c,490,"size_t xBlocks = 0, xMaxSize = 0, xMinSize = portMAX_DELAY; /* portMAX_DELAY used as a portable way of getting the maximum value. */"
critical_or_scheduler_lock,lib/FreeRTOS-Kernel/portable/MemMang/heap_4.c,492,vTaskSuspendAll();
critical_or_scheduler_lock,lib/FreeRTOS-Kernel/portable/MemMang/heap_4.c,528,taskENTER_CRITICAL();
critical_or_scheduler_lock,lib/FreeRTOS-Kernel/portable/MemMang/heap_5.c,168,vTaskSuspendAll();
critical_or_scheduler_lock,lib/FreeRTOS-Kernel/portable/MemMang/heap_5.c,328,vTaskSuspendAll();
unbounded_wait,lib/FreeRTOS-Kernel/portable/MemMang/heap_5.c,541,"size_t xBlocks = 0, xMaxSize = 0, xMinSize = portMAX_DELAY; /* portMAX_DELAY used as a portable way of getting the maximum value. */"
critical_or_scheduler_lock,lib/FreeRTOS-Kernel/portable/MemMang/heap_5.c,543,vTaskSuspendAll();
critical_or_scheduler_lock,lib/FreeRTOS-Kernel/portable/MemMang/heap_5.c,585,taskENTER_CRITICAL();
critical_or_scheduler_lock,lib/FreeRTOS-Kernel/portable/MikroC/ARM_CM4F/port.c,524,/* Enter a critical section but don't use the taskENTER_CRITICAL()
unbounded_wait,lib/FreeRTOS-Kernel/portable/MikroC/ARM_CM4F/portmacro.h,67,#define portMAX_DELAY              ( TickType_t ) 0xffff
unbounded_wait,lib/FreeRTOS-Kernel/portable/MikroC/ARM_CM4F/portmacro.h,70,#define portMAX_DELAY              ( TickType_t ) 0xffffffffUL
unbounded_wait,lib/FreeRTOS-Kernel/portable/Paradigm/Tern_EE/large_untested/portmacro.h,62,#define portMAX_DELAY ( TickType_t ) 0xffff
unbounded_wait,lib/FreeRTOS-Kernel/portable/Paradigm/Tern_EE/large_untested/portmacro.h,65,#define portMAX_DELAY ( TickType_t ) 0xffffffffUL
unbounded_wait,lib/FreeRTOS-Kernel/portable/Paradigm/Tern_EE/small/portmacro.h,64,#define portMAX_DELAY ( TickType_t ) 0xffff
unbounded_wait,lib/FreeRTOS-Kernel/portable/Paradigm/Tern_EE/small/portmacro.h,67,#define portMAX_DELAY ( TickType_t ) 0xffffffffUL
unbounded_wait,lib/FreeRTOS-Kernel/portable/RVDS/ARM7_LPC21xx/portmacro.h,65,#define portMAX_DELAY ( TickType_t ) 0xffff
unbounded_wait,lib/FreeRTOS-Kernel/portable/RVDS/ARM7_LPC21xx/portmacro.h,68,#define portMAX_DELAY ( TickType_t ) 0xffffffffUL
unbounded_wait,lib/FreeRTOS-Kernel/portable/RVDS/ARM_CA9/portmacro.h,62,#define portMAX_DELAY ( TickType_t ) 0xffff
unbounded_wait,lib/FreeRTOS-Kernel/portable/RVDS/ARM_CA9/portmacro.h,65,#define portMAX_DELAY ( TickType_t ) 0xffffffffUL
critical_or_scheduler_lock,lib/FreeRTOS-Kernel/portable/RVDS/ARM_CM0/port.c,409,/* Enter a critical section but don't use the taskENTER_CRITICAL()
unbounded_wait,lib/FreeRTOS-Kernel/portable/RVDS/ARM_CM0/portmacro.h,64,#define portMAX_DELAY              ( TickType_t ) 0xffff
unbounded_wait,lib/FreeRTOS-Kernel/portable/RVDS/ARM_CM0/portmacro.h,67,#define portMAX_DELAY              ( TickType_t ) 0xffffffffUL
critical_or_scheduler_lock,lib/FreeRTOS-Kernel/portable/RVDS/ARM_CM3/port.c,465,/* Enter a critical section but don't use the taskENTER_CRITICAL()
unbounded_wait,lib/FreeRTOS-Kernel/portable/RVDS/ARM_CM3/portmacro.h,64,#define portMAX_DELAY              ( TickType_t ) 0xffff
unbounded_wait,lib/FreeRTOS-Kernel/portable/RVDS/ARM_CM3/portmacro.h,67,#define portMAX_DELAY              ( TickType_t ) 0xffffffffUL
critical_or_scheduler_lock,lib/FreeRTOS-Kernel/portable/RVDS/ARM_CM4F/port.c,557,/* Enter a critical section but don't use the taskENTER_CRITICAL()
unbounded_wait,lib/FreeRTOS-Kernel/portable/RVDS/ARM_CM4F/portmacro.h,64,#define portMAX_DELAY              ( TickType_t ) 0xffff
unbounded_wait,lib/FreeRTOS-Kernel/portable/RVDS/ARM_CM4F/portmacro.h,67,#define portMAX_DELAY              ( TickType_t ) 0xffffffffUL
unbounded_wait,lib/FreeRTOS-Kernel/portable/RVDS/ARM_CM4_MPU/portmacro.h,64,#define portMAX_DELAY              ( TickType_t ) 0xffff
unbounded_wait,lib/FreeRTOS-Kernel/portable/RVDS/ARM_CM4_MPU/portmacro.h,67,#define portMAX_DELAY              ( TickType_t ) 0xffffffffUL
critical_or_scheduler_lock,lib/FreeRTOS-Kernel/portable/RVDS/ARM_CM7/r0p1/port.c,543,/* Enter a critical section but don't use the taskENTER_CRITICAL()
unbounded_wait,lib/FreeRTOS-Kernel/portable/RVDS/ARM_CM7/r0p1/portmacro.h,64,#define portMAX_DELAY              ( TickType_t ) 0xffff
unbounded_wait,lib/FreeRTOS-Kernel/portable/RVDS/ARM_CM7/r0p1/portmacro.h,67,#define portMAX_DELAY              ( TickType_t ) 0xffffffffUL
unbounded_wait,lib/FreeRTOS-Kernel/portable/Renesas/RX100/portmacro.h,66,#define portMAX_DELAY ( TickType_t ) 0xffff
unbounded_wait,lib/FreeRTOS-Kernel/portable/Renesas/RX100/portmacro.h,69,#define portMAX_DELAY ( TickType_t ) 0xffffffffUL
critical_or_scheduler_lock,lib/FreeRTOS-Kernel/portable/Renesas/RX100/portmacro.h,102,taskENTER_CRITICAL() and taskEXIT_CRITICAL() macros.  An extra check is
unbounded_wait,lib/FreeRTOS-Kernel/portable/Renesas/RX200/portmacro.h,66,#define portMAX_DELAY ( TickType_t ) 0xffff
unbounded_wait,lib/FreeRTOS-Kernel/portable/Renesas/RX200/portmacro.h,69,#define portMAX_DELAY ( TickType_t ) 0xffffffffUL
critical_or_scheduler_lock,lib/FreeRTOS-Kernel/portable/Renesas/RX200/portmacro.h,102,taskENTER_CRITICAL() and taskEXIT_CRITICAL() macros.  An extra check is
unbounded_wait,lib/FreeRTOS-Kernel/portable/Renesas/RX600/portmacro.h,66,#define portMAX_DELAY ( TickType_t ) 0xffff
unbounded_wait,lib/FreeRTOS-Kernel/portable/Renesas/RX600/portmacro.h,69,#define portMAX_DELAY ( TickType_t ) 0xffffffffUL
critical_or_scheduler_lock,lib/FreeRTOS-Kernel/portable/Renesas/RX600/portmacro.h,103,taskENTER_CRITICAL() and taskEXIT_CRITICAL() macros.  An extra check is
unbounded_wait,lib/FreeRTOS-Kernel/portable/Renesas/RX600v2/portmacro.h,66,#define portMAX_DELAY ( TickType_t ) 0xffff
unbounded_wait,lib/FreeRTOS-Kernel/portable/Renesas/RX600v2/portmacro.h,69,#define portMAX_DELAY ( TickType_t ) 0xffffffffUL
critical_or_scheduler_lock,lib/FreeRTOS-Kernel/portable/Renesas/RX600v2/portmacro.h,103,taskENTER_CRITICAL() and taskEXIT_CRITICAL() macros.  An extra check is
unbounded_wait,lib/FreeRTOS-Kernel/portable/Renesas/RX700v3_DPFPU/portmacro.h,84,#define portMAX_DELAY              ( TickType_t ) 0xffff
unbounded_wait,lib/FreeRTOS-Kernel/portable/Renesas/RX700v3_DPFPU/portmacro.h,87,#define portMAX_DELAY              ( TickType_t ) 0xffffffffUL
critical_or_scheduler_lock,lib/FreeRTOS-Kernel/portable/Renesas/RX700v3_DPFPU/portmacro.h,128,* taskENTER_CRITICAL() and taskEXIT_CRITICAL() macros.  An extra check is
unbounded_wait,lib/FreeRTOS-Kernel/portable/Renesas/SH2A_FPU/portmacro.h,65,#define portMAX_DELAY ( TickType_t ) 0xffff
unbounded_wait,lib/FreeRTOS-Kernel/portable/Renesas/SH2A_FPU/portmacro.h,68,#define portMAX_DELAY ( TickType_t ) 0xffffffffUL
critical_or_scheduler_lock,lib/FreeRTOS-Kernel/portable/Renesas/SH2A_FPU/portmacro.h,114,"* These macros should be called directly, but through the taskENTER_CRITICAL()"
unbounded_wait,lib/FreeRTOS-Kernel/portable/Rowley/MSP430F449/portmacro.h,58,#define portMAX_DELAY ( TickType_t ) 0xffff
unbounded_wait,lib/FreeRTOS-Kernel/portable/Rowley/MSP430F449/portmacro.h,61,#define portMAX_DELAY ( TickType_t ) 0xffffffffUL
unbounded_wait,lib/FreeRTOS-Kernel/portable/SDCC/Cygnal/portmacro.h,66,#define portMAX_DELAY ( TickType_t ) 0xffff
unbounded_wait,lib/FreeRTOS-Kernel/portable/SDCC/Cygnal/portmacro.h,69,#define portMAX_DELAY ( TickType_t ) 0xffffffffUL
unbounded_wait,lib/FreeRTOS-Kernel/portable/Softune/MB91460/portmacro.h,64,#define portMAX_DELAY ( TickType_t ) 0xffff
unbounded_wait,lib/FreeRTOS-Kernel/portable/Softune/MB91460/portmacro.h,67,#define portMAX_DELAY ( TickType_t ) 0xffffffffUL
unbounded_wait,lib/FreeRTOS-Kernel/portable/Softune/MB96340/portmacro.h,70,#define portMAX_DELAY ( TickType_t ) 0xffff
unbounded_wait,lib/FreeRTOS-Kernel/portable/Softune/MB96340/portmacro.h,73,#define portMAX_DELAY ( TickType_t ) 0xffffffffUL
unbounded_wait,lib/FreeRTOS-Kernel/portable/Tasking/ARM_CM4F/portmacro.h,63,#define portMAX_DELAY              ( TickType_t ) 0xffff
unbounded_wait,lib/FreeRTOS-Kernel/portable/Tasking/ARM_CM4F/portmacro.h,66,#define portMAX_DELAY              ( TickType_t ) 0xffffffffUL
critical_or_scheduler_lock,lib/FreeRTOS-Kernel/portable/ThirdParty/CDK/T-HEAD_CK802/port.c,31,/* Used to keep track of the number of nested calls to taskENTER_CRITICAL().  This
unbounded_wait,lib/FreeRTOS-Kernel/portable/ThirdParty/CDK/T-HEAD_CK802/portmacro.h,65,#define portMAX_DELAY ( TickType_t ) 0xffff
unbounded_wait,lib/FreeRTOS-Kernel/portable/ThirdParty/CDK/T-HEAD_CK802/portmacro.h,68,#define portMAX_DELAY ( TickType_t ) 0xffffffffUL
unbounded_wait,lib/FreeRTOS-Kernel/portable/ThirdParty/Community-Supported-Ports/CCS/C2000_C28x/portmacro.h,58,#define portMAX_DELAY ( TickType_t ) 0xffff
unbounded_wait,lib/FreeRTOS-Kernel/portable/ThirdParty/Community-Supported-Ports/CCS/C2000_C28x/portmacro.h,61,#define portMAX_DELAY ( TickType_t ) 0xffffffffUL
unbounded_wait,lib/FreeRTOS-Kernel/portable/ThirdParty/Community-Supported-Ports/GCC/MSP430FR5969/portmacro.h,65,#define portMAX_DELAY ( TickType_t ) 0xffff
unbounded_wait,lib/FreeRTOS-Kernel/portable/ThirdParty/Community-Supported-Ports/GCC/MSP430FR5969/portmacro.h,68,#define portMAX_DELAY ( TickType_t ) 0xffffffffUL
unbounded_wait,lib/FreeRTOS-Kernel/portable/ThirdParty/Community-Supported-Ports/GCC/TriCore_38xa/portmacro.h,66,#define portMAX_DELAY ( TickType_t ) 0xffff
unbounded_wait,lib/FreeRTOS-Kernel/portable/ThirdParty/Community-Supported-Ports/GCC/TriCore_38xa/portmacro.h,69,#define portMAX_DELAY ( TickType_t ) 0xffffffffUL
unbounded_wait,lib/FreeRTOS-Kernel/portable/ThirdParty/Community-Supported-Ports/Z88DK/Z180/portmacro.h,57,#define portMAX_DELAY ( TickType_t ) 0xffff
unbounded_wait,lib/FreeRTOS-Kernel/portable/ThirdParty/Community-Supported-Ports/Z88DK/Z180/portmacro.h,60,#define portMAX_DELAY ( TickType_t ) 0xffffffffUL
unbounded_wait,lib/FreeRTOS-Kernel/portable/ThirdParty/GCC/ARC_EM_HS/freertos_tls.c,224,"while( xSemaphoreTakeRecursive( mutex, portMAX_DELAY ) != pdTRUE )"
unbounded_wait,lib/FreeRTOS-Kernel/portable/ThirdParty/GCC/ARC_EM_HS/portmacro.h,87,#define portMAX_DELAY          ( TickType_t ) 0xffff
unbounded_wait,lib/FreeRTOS-Kernel/portable/ThirdParty/GCC/ARC_EM_HS/portmacro.h,90,#define portMAX_DELAY          ( TickType_t ) 0xffffffffUL
unbounded_wait,lib/FreeRTOS-Kernel/portable/ThirdParty/GCC/ARC_v1/portmacro.h,86,#define portMAX_DELAY          ( TickType_t ) 0xffff
unbounded_wait,lib/FreeRTOS-Kernel/portable/ThirdParty/GCC/ARC_v1/portmacro.h,89,#define portMAX_DELAY          ( TickType_t ) 0xffffffffUL
unbounded_wait,lib/FreeRTOS-Kernel/portable/ThirdParty/GCC/ARM_TFM/os_wrapper_freertos.c,67,portMAX_DELAY : ( TickType_t ) timeout );
unbounded_wait,lib/FreeRTOS-Kernel/portable/ThirdParty/GCC/ATmega/portmacro.h,61,#define portMAX_DELAY           ( TickType_t ) 0xffff
unbounded_wait,lib/FreeRTOS-Kernel/portable/ThirdParty/GCC/ATmega/portmacro.h,64,#define portMAX_DELAY           ( TickType_t ) 0xffffffffUL
unbounded_wait,lib/FreeRTOS-Kernel/portable/ThirdParty/GCC/Posix/portmacro.h,64,#define portMAX_DELAY ( TickType_t ) ULONG_MAX
unbounded_wait,lib/FreeRTOS-Kernel/portable/ThirdParty/GCC/RP2040/include/portmacro.h,63,#define portMAX_DELAY              ( TickType_t ) 0xffff
unbounded_wait,lib/FreeRTOS-Kernel/portable/ThirdParty/GCC/RP2040/include/portmacro.h,66,#define portMAX_DELAY              ( TickType_t ) 0xffffffffUL
critical_or_scheduler_lock,lib/FreeRTOS-Kernel/portable/ThirdParty/GCC/RP2040/port.c,532,/* Enter a critical section but don't use the taskENTER_CRITICAL()
unbounded_wait,lib/FreeRTOS-Kernel/portable/ThirdParty/GCC/RP2040/port.c,748,"pdTRUE, pdFALSE, portMAX_DELAY);"
explicit_delay,lib/FreeRTOS-Kernel/portable/ThirdParty/GCC/RP2040/port.c,873,vTaskDelay(uxTicksToWait);
unbounded_wait,lib/FreeRTOS-Kernel/portable/ThirdParty/GCC/Xtensa_ESP32/include/portmacro.h,124,#define portMAX_DELAY    ( TickType_t ) 0xffff
unbounded_wait,lib/FreeRTOS-Kernel/portable/ThirdParty/GCC/Xtensa_ESP32/include/portmacro.h,127,#define portMAX_DELAY    ( TickType_t ) 0xffffffffUL
unbounded_wait,lib/FreeRTOS-Kernel/portable/ThirdParty/Partner-Supported-Ports/GCC/AVR_AVRDx/portmacro.h,66,#define portMAX_DELAY    ( TickType_t ) 0xffff
unbounded_wait,lib/FreeRTOS-Kernel/portable/ThirdParty/Partner-Supported-Ports/GCC/AVR_AVRDx/portmacro.h,69,#define portMAX_DELAY    ( TickType_t ) 0xffffffffUL
unbounded_wait,lib/FreeRTOS-Kernel/portable/ThirdParty/Partner-Supported-Ports/GCC/AVR_Mega0/portmacro.h,66,#define portMAX_DELAY    ( TickType_t ) 0xffff
unbounded_wait,lib/FreeRTOS-Kernel/portable/ThirdParty/Partner-Supported-Ports/GCC/AVR_Mega0/portmacro.h,69,#define portMAX_DELAY    ( TickType_t ) 0xffffffffUL
unbounded_wait,lib/FreeRTOS-Kernel/portable/ThirdParty/XCC/Xtensa/portclib.c,76,"xSemaphoreTakeRecursive(*mtx, portMAX_DELAY);"
unbounded_wait,lib/FreeRTOS-Kernel/portable/ThirdParty/XCC/Xtensa/portclib.c,156,"xSemaphoreTakeRecursive(xClibMutex, portMAX_DELAY);"
unbounded_wait,lib/FreeRTOS-Kernel/portable/ThirdParty/XCC/Xtensa/portmacro.h,75,#define portMAX_DELAY ( TickType_t ) 0xffff
unbounded_wait,lib/FreeRTOS-Kernel/portable/ThirdParty/XCC/Xtensa/portmacro.h,78,#define portMAX_DELAY ( TickType_t ) 0xffffffffUL
critical_or_scheduler_lock,lib/FreeRTOS-Kernel/portable/WizC/PIC18/port.c,291,vTaskSuspendAll();
critical_or_scheduler_lock,lib/FreeRTOS-Kernel/portable/WizC/PIC18/port.c,310,vTaskSuspendAll();
unbounded_wait,lib/FreeRTOS-Kernel/portable/WizC/PIC18/portmacro.h,63,#define portMAX_DELAY ( TickType_t )	( 0xFFFF )
unbounded_wait,lib/FreeRTOS-Kernel/portable/WizC/PIC18/portmacro.h,66,#define portMAX_DELAY ( TickType_t )	( 0xFFFFFFFF )
unbounded_wait,lib/FreeRTOS-Kernel/portable/oWatcom/16BitDOS/Flsh186/portmacro.h,63,#define portMAX_DELAY ( TickType_t ) 0xffff
unbounded_wait,lib/FreeRTOS-Kernel/portable/oWatcom/16BitDOS/Flsh186/portmacro.h,66,#define portMAX_DELAY ( TickType_t ) 0xffffffffUL
unbounded_wait,lib/FreeRTOS-Kernel/portable/oWatcom/16BitDOS/PC/portmacro.h,62,#define portMAX_DELAY ( TickType_t ) 0xffff
unbounded_wait,lib/FreeRTOS-Kernel/portable/oWatcom/16BitDOS/PC/portmacro.h,65,#define portMAX_DELAY ( TickType_t ) 0xffffffffUL
critical_or_scheduler_lock,lib/FreeRTOS-Kernel/queue.c,252,taskENTER_CRITICAL();                                  \
critical_or_scheduler_lock,lib/FreeRTOS-Kernel/queue.c,309,taskENTER_CRITICAL();
critical_or_scheduler_lock,lib/FreeRTOS-Kernel/queue.c,621,taskENTER_CRITICAL();
critical_or_scheduler_lock,lib/FreeRTOS-Kernel/queue.c,858,taskENTER_CRITICAL();
critical_or_scheduler_lock,lib/FreeRTOS-Kernel/queue.c,999,vTaskSuspendAll();
critical_or_scheduler_lock,lib/FreeRTOS-Kernel/queue.c,1405,taskENTER_CRITICAL();
critical_or_scheduler_lock,lib/FreeRTOS-Kernel/queue.c,1469,vTaskSuspendAll();
critical_or_scheduler_lock,lib/FreeRTOS-Kernel/queue.c,1551,taskENTER_CRITICAL();
critical_or_scheduler_lock,lib/FreeRTOS-Kernel/queue.c,1632,vTaskSuspendAll();
critical_or_scheduler_lock,lib/FreeRTOS-Kernel/queue.c,1650,taskENTER_CRITICAL();
critical_or_scheduler_lock,lib/FreeRTOS-Kernel/queue.c,1702,taskENTER_CRITICAL();
critical_or_scheduler_lock,lib/FreeRTOS-Kernel/queue.c,1759,taskENTER_CRITICAL();
critical_or_scheduler_lock,lib/FreeRTOS-Kernel/queue.c,1830,vTaskSuspendAll();
critical_or_scheduler_lock,lib/FreeRTOS-Kernel/queue.c,2036,taskENTER_CRITICAL();
critical_or_scheduler_lock,lib/FreeRTOS-Kernel/queue.c,2053,taskENTER_CRITICAL();
critical_or_scheduler_lock,lib/FreeRTOS-Kernel/queue.c,2287,taskENTER_CRITICAL();
critical_or_scheduler_lock,lib/FreeRTOS-Kernel/queue.c,2368,taskENTER_CRITICAL();
critical_or_scheduler_lock,lib/FreeRTOS-Kernel/queue.c,2403,taskENTER_CRITICAL();
critical_or_scheduler_lock,lib/FreeRTOS-Kernel/queue.c,2444,taskENTER_CRITICAL();
critical_or_scheduler_lock,lib/FreeRTOS-Kernel/queue.c,2940,taskENTER_CRITICAL();
critical_or_scheduler_lock,lib/FreeRTOS-Kernel/queue.c,2989,taskENTER_CRITICAL();
critical_or_scheduler_lock,lib/FreeRTOS-Kernel/stream_buffer.c,63,vTaskSuspendAll();                                                    \
critical_or_scheduler_lock,lib/FreeRTOS-Kernel/stream_buffer.c,140,vTaskSuspendAll();                                                       \
critical_or_scheduler_lock,lib/FreeRTOS-Kernel/stream_buffer.c,531,taskENTER_CRITICAL();
critical_or_scheduler_lock,lib/FreeRTOS-Kernel/stream_buffer.c,707,taskENTER_CRITICAL();
critical_or_scheduler_lock,lib/FreeRTOS-Kernel/stream_buffer.c,903,taskENTER_CRITICAL();
unbounded_wait,lib/FreeRTOS-Kernel/tasks.c,370,PRIVILEGED_DATA static volatile TickType_t xNextTaskUnblockTime = ( TickType_t ) 0U; /* Initialised to portMAX_DELAY before the scheduler starts. */
critical_or_scheduler_lock,lib/FreeRTOS-Kernel/tasks.c,1030,taskENTER_CRITICAL();
critical_or_scheduler_lock,lib/FreeRTOS-Kernel/tasks.c,1116,taskENTER_CRITICAL();
critical_or_scheduler_lock,lib/FreeRTOS-Kernel/tasks.c,1224,vTaskSuspendAll();
explicit_delay,lib/FreeRTOS-Kernel/tasks.c,1301,void vTaskDelay( const TickType_t xTicksToDelay )
critical_or_scheduler_lock,lib/FreeRTOS-Kernel/tasks.c,1309,vTaskSuspendAll();
critical_or_scheduler_lock,lib/FreeRTOS-Kernel/tasks.c,1363,taskENTER_CRITICAL();
critical_or_scheduler_lock,lib/FreeRTOS-Kernel/tasks.c,1450,taskENTER_CRITICAL();
critical_or_scheduler_lock,lib/FreeRTOS-Kernel/tasks.c,1526,taskENTER_CRITICAL();
critical_or_scheduler_lock,lib/FreeRTOS-Kernel/tasks.c,1677,taskENTER_CRITICAL();
critical_or_scheduler_lock,lib/FreeRTOS-Kernel/tasks.c,1730,taskENTER_CRITICAL();
critical_or_scheduler_lock,lib/FreeRTOS-Kernel/tasks.c,1836,taskENTER_CRITICAL();
unbounded_wait,lib/FreeRTOS-Kernel/tasks.c,2036,xNextTaskUnblockTime = portMAX_DELAY;
critical_or_scheduler_lock,lib/FreeRTOS-Kernel/tasks.c,2090,void vTaskSuspendAll( void )
critical_or_scheduler_lock,lib/FreeRTOS-Kernel/tasks.c,2102,* is used to allow calls to vTaskSuspendAll() to nest. */
critical_or_scheduler_lock,lib/FreeRTOS-Kernel/tasks.c,2180,* previous call to vTaskSuspendAll(). */
critical_or_scheduler_lock,lib/FreeRTOS-Kernel/tasks.c,2188,taskENTER_CRITICAL();
critical_or_scheduler_lock,lib/FreeRTOS-Kernel/tasks.c,2433,vTaskSuspendAll();
critical_or_scheduler_lock,lib/FreeRTOS-Kernel/tasks.c,2495,vTaskSuspendAll();
critical_or_scheduler_lock,lib/FreeRTOS-Kernel/tasks.c,2597,taskENTER_CRITICAL();
critical_or_scheduler_lock,lib/FreeRTOS-Kernel/tasks.c,2626,vTaskSuspendAll();
critical_or_scheduler_lock,lib/FreeRTOS-Kernel/tasks.c,2629,taskENTER_CRITICAL();
critical_or_scheduler_lock,lib/FreeRTOS-Kernel/tasks.c,2649,vTaskSuspendAll();
critical_or_scheduler_lock,lib/FreeRTOS-Kernel/tasks.c,2666,taskENTER_CRITICAL();
unbounded_wait,lib/FreeRTOS-Kernel/tasks.c,2765,xNextTaskUnblockTime = portMAX_DELAY; /*lint !e961 MISRA exception as the casts are only redundant for some ports. */
critical_or_scheduler_lock,lib/FreeRTOS-Kernel/tasks.c,2917,taskENTER_CRITICAL();
critical_or_scheduler_lock,lib/FreeRTOS-Kernel/tasks.c,2939,taskENTER_CRITICAL();
unbounded_wait,lib/FreeRTOS-Kernel/tasks.c,3159,xTicksToWait = portMAX_DELAY;
critical_or_scheduler_lock,lib/FreeRTOS-Kernel/tasks.c,3289,taskENTER_CRITICAL();
critical_or_scheduler_lock,lib/FreeRTOS-Kernel/tasks.c,3314,taskENTER_CRITICAL();
unbounded_wait,lib/FreeRTOS-Kernel/tasks.c,3332,if( *pxTicksToWait == portMAX_DELAY )
critical_or_scheduler_lock,lib/FreeRTOS-Kernel/tasks.c,3508,vTaskSuspendAll();
critical_or_scheduler_lock,lib/FreeRTOS-Kernel/tasks.c,3697,/* uxDeletedTasksWaitingCleanUp is used to prevent taskENTER_CRITICAL()
critical_or_scheduler_lock,lib/FreeRTOS-Kernel/tasks.c,3701,taskENTER_CRITICAL();
critical_or_scheduler_lock,lib/FreeRTOS-Kernel/tasks.c,3779,vTaskSuspendAll();
unbounded_wait,lib/FreeRTOS-Kernel/tasks.c,4007,xNextTaskUnblockTime = portMAX_DELAY;
critical_or_scheduler_lock,lib/FreeRTOS-Kernel/tasks.c,4699,taskENTER_CRITICAL();
critical_or_scheduler_lock,lib/FreeRTOS-Kernel/tasks.c,4730,taskENTER_CRITICAL();
critical_or_scheduler_lock,lib/FreeRTOS-Kernel/tasks.c,4773,taskENTER_CRITICAL();
critical_or_scheduler_lock,lib/FreeRTOS-Kernel/tasks.c,4809,taskENTER_CRITICAL();
critical_or_scheduler_lock,lib/FreeRTOS-Kernel/tasks.c,4863,taskENTER_CRITICAL();
critical_or_scheduler_lock,lib/FreeRTOS-Kernel/tasks.c,5212,taskENTER_CRITICAL();
critical_or_scheduler_lock,lib/FreeRTOS-Kernel/tasks.c,5245,taskENTER_CRITICAL();
unbounded_wait,lib/FreeRTOS-Kernel/tasks.c,5327,if( ( xTicksToWait == portMAX_DELAY ) && ( xCanBlockIndefinitely != pdFALSE ) )
critical_or_scheduler_lock,lib/FreeRTOS-Kernel/timers.c,457,taskENTER_CRITICAL();
critical_or_scheduler_lock,lib/FreeRTOS-Kernel/timers.c,478,taskENTER_CRITICAL();
critical_or_scheduler_lock,lib/FreeRTOS-Kernel/timers.c,610,vTaskSuspendAll();
critical_or_scheduler_lock,lib/FreeRTOS-Kernel/timers.c,938,taskENTER_CRITICAL();
critical_or_scheduler_lock,lib/FreeRTOS-Kernel/timers.c,992,taskENTER_CRITICAL();
critical_or_scheduler_lock,lib/FreeRTOS-Kernel/timers.c,1016,taskENTER_CRITICAL();
critical_or_scheduler_lock,lib/FreeRTOS-Kernel/timers.c,1033,taskENTER_CRITICAL();
critical_or_scheduler_lock,lib/digital_signal/digital_sequence.c,288,FURI_CRITICAL_ENTER();
critical_or_scheduler_lock,lib/digital_signal/presets/nfc/iso14443_3a_signal.c,134,FURI_CRITICAL_ENTER();
critical_or_scheduler_lock,lib/digital_signal/presets/nfc/iso15693_signal.c,189,FURI_CRITICAL_ENTER();
critical_or_scheduler_lock,lib/digital_signal/presets/nfc/iso15693_signal.c,201,FURI_CRITICAL_ENTER();
critical_or_scheduler_lock,lib/drivers/SK6805.c,63,FURI_CRITICAL_ENTER();
explicit_delay,lib/drivers/bq27220.c,116,furi_delay_us(BQ27220_MAC_WRITE_DELAY_US);
explicit_delay,lib/drivers/bq27220.c,129,furi_delay_us(BQ27220_CONFIG_DELAY_US);
explicit_delay,lib/drivers/bq27220.c,138,furi_delay_us(BQ27220_SELECT_DELAY_US);
explicit_delay,lib/drivers/bq27220.c,146,furi_delay_us(BQ27220_SELECT_DELAY_US);
explicit_delay,lib/drivers/bq27220.c,186,furi_delay_us(BQ27220_TIMEOUT_CYCLE_INTERVAL_US);
explicit_delay,lib/drivers/bq27220.c,204,furi_delay_us(data_memory->value.u32);
explicit_delay,lib/drivers/bq27220.c,246,furi_delay_us(BQ27220_CONFIG_APPLY_US);
explicit_delay,lib/drivers/bq27220.c,257,furi_delay_us(BQ27220_TIMEOUT_CYCLE_INTERVAL_US);
explicit_delay,lib/drivers/bq27220.c,284,furi_delay_us(BQ27220_SELECT_DELAY_US);
explicit_delay,lib/drivers/bq27220.c,384,furi_delay_us(BQ27220_TIMEOUT_CYCLE_INTERVAL_US);
explicit_delay,lib/drivers/bq27220.c,417,furi_delay_us(BQ27220_SELECT_DELAY_US);
explicit_delay,lib/drivers/bq27220.c,449,furi_delay_us(BQ27220_MAGIC_DELAY_US);
explicit_delay,lib/drivers/bq27220.c,451,furi_delay_us(BQ27220_MAGIC_DELAY_US);
explicit_delay,lib/drivers/bq27220.c,480,furi_delay_us(BQ27220_TIMEOUT_CYCLE_INTERVAL_US);
explicit_delay,lib/drivers/bq27220.c,502,furi_delay_us(BQ27220_MAGIC_DELAY_US);
explicit_delay,lib/drivers/bq27220.c,504,furi_delay_us(BQ27220_MAGIC_DELAY_US);
explicit_delay,lib/drivers/bq27220.c,556,furi_delay_us(BQ27220_SELECT_DELAY_US);
explicit_delay,lib/drivers/lp5562.c,28,furi_delay_us(500);
explicit_delay,lib/drivers/lp5562.c,137,furi_delay_us(100);
unbounded_wait,lib/drivers/rgb_backlight.c,94,"furi_check(furi_mutex_acquire(rgb_state.mutex, FuriWaitForever) == FuriStatusOk);"
unbounded_wait,lib/drivers/rgb_backlight.c,110,"furi_check(furi_mutex_acquire(rgb_state.mutex, FuriWaitForever) == FuriStatusOk);"
unbounded_wait,lib/drivers/rgb_backlight.c,122,"furi_check(furi_mutex_acquire(rgb_state.mutex, FuriWaitForever) == FuriStatusOk);"
unbounded_wait,lib/drivers/rgb_backlight.c,133,"furi_check(furi_mutex_acquire(rgb_state.mutex, FuriWaitForever) == FuriStatusOk);"
unbounded_wait,lib/drivers/rgb_backlight.c,143,"furi_check(furi_mutex_acquire(rgb_state.mutex, FuriWaitForever) == FuriStatusOk);"
unbounded_wait,lib/drivers/rgb_backlight.c,153,"furi_check(furi_mutex_acquire(rgb_state.mutex, FuriWaitForever) == FuriStatusOk);"
unbounded_wait,lib/drivers/rgb_backlight.c,162,"furi_check(furi_mutex_acquire(rgb_state.mutex, FuriWaitForever) == FuriStatusOk);"
unbounded_wait,lib/drivers/rgb_backlight.c,174,"furi_check(furi_mutex_acquire(rgb_state.mutex, FuriWaitForever) == FuriStatusOk);"
unbounded_wait,lib/drivers/rgb_backlight.c,184,"furi_check(furi_mutex_acquire(rgb_state.mutex, FuriWaitForever) == FuriStatusOk);"
unbounded_wait,lib/drivers/rgb_backlight.c,194,"furi_check(furi_mutex_acquire(rgb_state.mutex, FuriWaitForever) == FuriStatusOk);"
unbounded_wait,lib/drivers/rgb_backlight.c,204,"furi_check(furi_mutex_acquire(rgb_state.mutex, FuriWaitForever) == FuriStatusOk);"
unbounded_wait,lib/drivers/rgb_backlight.c,214,"furi_check(furi_mutex_acquire(rgb_state.mutex, FuriWaitForever) == FuriStatusOk);"
unbounded_wait,lib/drivers/rgb_backlight.c,258,"furi_check(furi_mutex_acquire(rgb_state.mutex, FuriWaitForever) == FuriStatusOk);"
timer_or_ui_cadence,lib/drivers/rgb_backlight.c,267,"furi_timer_start(rgb_state.rainbow_timer, rgb_settings.rainbow_interval);"
unbounded_wait,lib/drivers/rgb_backlight.c,281,"furi_check(furi_mutex_acquire(rgb_state.mutex, FuriWaitForever) == FuriStatusOk);"
timer_or_ui_cadence,lib/drivers/rgb_backlight.c,309,"furi_timer_start(rgb_state.rainbow_timer, rgb_settings.rainbow_interval);"
explicit_delay,lib/flipper_application/elf/elf_file.c,374,furi_delay_tick(1);
thread_join,lib/flipper_application/flipper_application.c,78,furi_thread_join(app->thread);
blocking_notification,lib/flipper_application/flipper_application.c,263,"notification_message_block(notifications, &sequence_empty);"
unbounded_wait,lib/ibutton/ibutton_worker.c,78,"furi_message_queue_put(worker->messages, &message, FuriWaitForever) == FuriStatusOk);"
unbounded_wait,lib/ibutton/ibutton_worker.c,88,"furi_message_queue_put(worker->messages, &message, FuriWaitForever) == FuriStatusOk);"
unbounded_wait,lib/ibutton/ibutton_worker.c,98,"furi_message_queue_put(worker->messages, &message, FuriWaitForever) == FuriStatusOk);"
unbounded_wait,lib/ibutton/ibutton_worker.c,107,"furi_message_queue_put(worker->messages, &message, FuriWaitForever) == FuriStatusOk);"
unbounded_wait,lib/ibutton/ibutton_worker.c,116,"furi_message_queue_put(worker->messages, &message, FuriWaitForever) == FuriStatusOk);"
unbounded_wait,lib/ibutton/ibutton_worker.c,140,"furi_message_queue_put(worker->messages, &message, FuriWaitForever) == FuriStatusOk);"
thread_join,lib/ibutton/ibutton_worker.c,142,furi_thread_join(worker->thread);
unbounded_wait,lib/ibutton/ibutton_worker_modes.c,30,".quant = FuriWaitForever,"
explicit_delay,lib/ibutton/protocols/blanks/rw1990.c,18,furi_delay_us(5000);
explicit_delay,lib/ibutton/protocols/blanks/rw1990.c,46,furi_delay_us(10);
explicit_delay,lib/ibutton/protocols/blanks/rw1990.c,49,furi_delay_us(5000);
explicit_delay,lib/ibutton/protocols/blanks/rw1990.c,58,furi_delay_us(30000);
explicit_delay,lib/ibutton/protocols/blanks/rw1990.c,65,furi_delay_us(10000);
explicit_delay,lib/ibutton/protocols/blanks/rw1990.c,77,furi_delay_us(10);
explicit_delay,lib/ibutton/protocols/blanks/rw1990.c,80,furi_delay_us(5000);
explicit_delay,lib/ibutton/protocols/blanks/rw1990.c,88,furi_delay_us(30000);
explicit_delay,lib/ibutton/protocols/blanks/rw1990.c,95,furi_delay_us(10000);
explicit_delay,lib/ibutton/protocols/blanks/tm01x.c,17,furi_delay_us(5000); // 5ms pause after each bit
explicit_delay,lib/ibutton/protocols/blanks/tm01x.c,48,furi_delay_us(5000);
explicit_delay,lib/ibutton/protocols/blanks/tm2004.c,29,furi_delay_us(600);
explicit_delay,lib/ibutton/protocols/blanks/tm2004.c,31,furi_delay_us(50000);
explicit_delay,lib/ibutton/protocols/dallas/dallas_common.c,78,furi_delay_us(poll_delay);
explicit_delay,lib/ibutton/protocols/dallas/protocol_ds1971.c,121,furi_delay_us(DS1971_COPY_SCRATCH_DELAY_US);
explicit_delay,lib/ibutton/protocols/dallas/protocol_group_dallas.c,113,furi_delay_ms(100);
critical_or_scheduler_lock,lib/ibutton/protocols/dallas/protocol_group_dallas.c,115,FURI_CRITICAL_ENTER();
explicit_delay,lib/ibutton/protocols/dallas/protocol_group_dallas.c,147,furi_delay_ms(100);
critical_or_scheduler_lock,lib/ibutton/protocols/dallas/protocol_group_dallas.c,149,FURI_CRITICAL_ENTER();
explicit_delay,lib/ibutton/protocols/dallas/protocol_group_dallas.c,170,furi_delay_ms(100);
critical_or_scheduler_lock,lib/ibutton/protocols/dallas/protocol_group_dallas.c,172,FURI_CRITICAL_ENTER();
unbounded_wait,lib/infrared/worker/infrared_worker.c,173,"events = furi_thread_flags_wait(INFRARED_WORKER_ALL_RX_EVENTS, 0, FuriWaitForever);"
thread_join,lib/infrared/worker/infrared_worker.c,289,furi_thread_join(instance->thread);
unbounded_wait,lib/infrared/worker/infrared_worker.c,532,"INFRARED_WORKER_ALL_TX_EVENTS, FuriFlagWaitAny, FuriWaitForever);"
thread_join,lib/infrared/worker/infrared_worker.c,596,furi_thread_join(instance->thread);
thread_join,lib/lfrfid/lfrfid_raw_worker.c,127,furi_thread_join(worker->thread);
explicit_delay,lib/lfrfid/lfrfid_raw_worker.c,166,furi_delay_ms(1500);
unbounded_wait,lib/lfrfid/lfrfid_raw_worker.c,213,"worker->events, available_flags, FuriFlagWaitAny, FuriWaitForever);"
unbounded_wait,lib/lfrfid/lfrfid_raw_worker.c,335,"worker->events, available_flags, FuriFlagWaitAny, FuriWaitForever);"
thread_join,lib/lfrfid/lfrfid_worker.c,152,furi_thread_join(worker->thread);
unbounded_wait,lib/lfrfid/lfrfid_worker.c,170,"uint32_t flags = furi_thread_flags_wait(LFRFIDEventAll, FuriFlagWaitAny, FuriWaitForever);"
explicit_delay,lib/lfrfid/lfrfid_worker_modes.c,48,furi_delay_ms(LFRFID_WORKER_DELAY_QUANT);
explicit_delay,lib/lfrfid/lfrfid_worker_modes.c,526,furi_delay_ms(5); // halt
explicit_delay,lib/lfrfid/lfrfid_worker_modes.c,630,furi_delay_ms(5); // halt
explicit_delay,lib/lfrfid/lfrfid_worker_modes.c,727,furi_delay_ms(100);
explicit_delay,lib/lfrfid/lfrfid_worker_modes.c,745,furi_delay_ms(100);
explicit_delay,lib/lfrfid/tools/em4305.c,72,furi_delay_us(EM4305_TIMING_1 * 8);
explicit_delay,lib/lfrfid/tools/em4305.c,75,furi_delay_us(EM4305_TIMING_0_OFF * 8);
explicit_delay,lib/lfrfid/tools/em4305.c,77,furi_delay_us(EM4305_TIMING_0_ON * 8);
explicit_delay,lib/lfrfid/tools/em4305.c,97,furi_delay_us(EM4305_FIELD_STOP_OFF_CYCLES * 8);
explicit_delay,lib/lfrfid/tools/em4305.c,99,furi_delay_us(EM4305_FIELD_STOP_ON_CYCLES * 8);
explicit_delay,lib/lfrfid/tools/em4305.c,107,furi_delay_us(8000);
explicit_delay,lib/lfrfid/tools/em4305.c,134,furi_delay_us(EM4305_TIMING_POWER_CHECK);
explicit_delay,lib/lfrfid/tools/em4305.c,135,furi_delay_us(EM4305_TIMING_EEPROM_WRITE);
critical_or_scheduler_lock,lib/lfrfid/tools/em4305.c,142,FURI_CRITICAL_ENTER();
explicit_delay,lib/lfrfid/tools/t5577.c,30,furi_delay_us(gap_time * 8);
explicit_delay,lib/lfrfid/tools/t5577.c,36,furi_delay_us(T5577_TIMING_DATA_1 * 8);
explicit_delay,lib/lfrfid/tools/t5577.c,38,furi_delay_us(T5577_TIMING_DATA_0 * 8);
explicit_delay,lib/lfrfid/tools/t5577.c,61,furi_delay_us(T5577_TIMING_WAIT_TIME * 8);
explicit_delay,lib/lfrfid/tools/t5577.c,89,furi_delay_us(T5577_TIMING_PROGRAM * 8);
explicit_delay,lib/lfrfid/tools/t5577.c,91,furi_delay_us(T5577_TIMING_WAIT_TIME * 8);
critical_or_scheduler_lock,lib/lfrfid/tools/t5577.c,101,FURI_CRITICAL_ENTER();
critical_or_scheduler_lock,lib/lfrfid/tools/t5577.c,112,FURI_CRITICAL_ENTER();
critical_or_scheduler_lock,lib/lfrfid/tools/t5577.c,123,FURI_CRITICAL_ENTER();
explicit_delay,lib/music_worker/music_worker.c,55,furi_delay_ms(10);
explicit_delay,lib/music_worker/music_worker.c,85,furi_delay_ms(2);
thread_join,lib/music_worker/music_worker.c,501,furi_thread_join(instance->thread);
explicit_delay,lib/nfc/nfc.c,197,furi_delay_ms(100);
explicit_delay,lib/nfc/nfc.c,210,furi_delay_ms(10);
priority_change,lib/nfc/nfc.c,252,"furi_thread_set_priority(instance->worker_thread, FuriThreadPriorityHighest);"
thread_join,lib/nfc/nfc.c,336,furi_thread_join(instance->worker_thread);
unbounded_wait,lib/nfc/nfc_mock.c,291,"furi_message_queue_put(poller_queue, &message, FuriWaitForever);"
unbounded_wait,lib/nfc/nfc_mock.c,308,"furi_message_queue_get(listener_queue, &message, FuriWaitForever);"
priority_change,lib/nfc/nfc_mock.c,364,"furi_thread_set_priority(instance->worker_thread, FuriThreadPriorityHigh);"
unbounded_wait,lib/nfc/nfc_mock.c,384,"furi_message_queue_put(listener_queue, &message, FuriWaitForever);"
thread_join,lib/nfc/nfc_mock.c,385,furi_thread_join(instance->worker_thread);
thread_join,lib/nfc/nfc_mock.c,393,furi_thread_join(instance->worker_thread);
unbounded_wait,lib/nfc/nfc_mock.c,416,"furi_message_queue_put(poller_queue, &message, FuriWaitForever);"
unbounded_wait,lib/nfc/nfc_mock.c,441,"furi_check(furi_message_queue_put(listener_queue, &message, FuriWaitForever) == FuriStatusOk);"
explicit_delay,lib/nfc/nfc_scanner.c,195,furi_delay_ms(100);
thread_join,lib/nfc/nfc_scanner.c,260,furi_thread_join(instance->scan_worker);
unbounded_wait,lib/nfc/protocols/felica/felica_poller_sync.c,60,"furi_thread_flags_wait(FELICA_POLLER_FLAG_COMMAND_COMPLETE, FuriFlagWaitAny, FuriWaitForever);"
explicit_delay,lib/nfc/protocols/iso14443_3a/iso14443_3a_poller.c,86,furi_delay_ms(100);
unbounded_wait,lib/nfc/protocols/iso14443_3a/iso14443_3a_poller_sync.c,47,"ISO14443_3A_POLLER_FLAG_COMMAND_COMPLETE, FuriFlagWaitAny, FuriWaitForever);"
explicit_delay,lib/nfc/protocols/iso14443_3b/iso14443_3b_poller.c,83,furi_delay_ms(100);
explicit_delay,lib/nfc/protocols/iso15693_3/iso15693_3_poller.c,83,furi_delay_ms(100);
unbounded_wait,lib/nfc/protocols/mf_classic/mf_classic_poller_sync.c,220,"furi_thread_flags_wait(MF_CLASSIC_POLLER_COMPLETE_EVENT, FuriFlagWaitAny, FuriWaitForever);"
unbounded_wait,lib/nfc/protocols/mf_classic/mf_classic_poller_sync.c,479,"furi_thread_flags_wait(MF_CLASSIC_POLLER_COMPLETE_EVENT, FuriFlagWaitAny, FuriWaitForever);"
unbounded_wait,lib/nfc/protocols/mf_ultralight/mf_ultralight_poller_sync.c,112,"furi_thread_flags_wait(MF_ULTRALIGHT_POLLER_COMPLETE_EVENT, FuriFlagWaitAny, FuriWaitForever);"
unbounded_wait,lib/nfc/protocols/mf_ultralight/mf_ultralight_poller_sync.c,290,"furi_thread_flags_wait(MF_ULTRALIGHT_POLLER_COMPLETE_EVENT, FuriFlagWaitAny, FuriWaitForever);"
explicit_delay,lib/nfc/protocols/slix/slix_poller.c,166,furi_delay_ms(100);
explicit_delay,lib/nfc/protocols/st25tb/st25tb_poller.c,160,furi_delay_ms(100);
explicit_delay,lib/nfc/protocols/st25tb/st25tb_poller.c,170,furi_delay_ms(100);
explicit_delay,lib/nfc/protocols/st25tb/st25tb_poller_i.c,274,furi_delay_ms(7); // 7ms is the max programming time as per datasheet
unbounded_wait,lib/nfc/protocols/st25tb/st25tb_poller_sync.c,102,"furi_thread_flags_wait(ST25TB_POLLER_FLAG_COMMAND_COMPLETE, FuriFlagWaitAny, FuriWaitForever);"
unbounded_wait,lib/nfc/protocols/st25tb/st25tb_poller_sync.c,207,"furi_thread_flags_wait(ST25TB_POLLER_FLAG_COMMAND_COMPLETE, FuriFlagWaitAny, FuriWaitForever);"
explicit_delay,lib/one_wire/one_wire_host.c,102,furi_delay_us(2);
explicit_delay,lib/one_wire/one_wire_host.c,106,furi_delay_us(timings->g);
explicit_delay,lib/one_wire/one_wire_host.c,110,furi_delay_us(timings->h);
explicit_delay,lib/one_wire/one_wire_host.c,114,furi_delay_us(timings->i);
explicit_delay,lib/one_wire/one_wire_host.c,118,furi_delay_us(timings->j);
explicit_delay,lib/one_wire/one_wire_host.c,132,furi_delay_us(timings->a);
explicit_delay,lib/one_wire/one_wire_host.c,136,furi_delay_us(timings->e);
explicit_delay,lib/one_wire/one_wire_host.c,140,furi_delay_us(timings->f);
explicit_delay,lib/one_wire/one_wire_host.c,176,furi_delay_us(timings->a);
explicit_delay,lib/one_wire/one_wire_host.c,180,furi_delay_us(timings->b);
explicit_delay,lib/one_wire/one_wire_host.c,184,furi_delay_us(timings->c);
explicit_delay,lib/one_wire/one_wire_host.c,188,furi_delay_us(timings->d);
explicit_delay,lib/one_wire/one_wire_slave.c,102,furi_delay_us(timings->tpdh_typ);
explicit_delay,lib/one_wire/one_wire_slave.c,106,furi_delay_us(timings->tpdl_min);
critical_or_scheduler_lock,lib/one_wire/one_wire_slave.c,160,FURI_CRITICAL_ENTER();
explicit_delay,lib/one_wire/one_wire_slave.c,320,furi_delay_us(time);
unbounded_wait,lib/print/wrappers.c,61,"if(furi_thread_stdin_read(&c, 1, FuriWaitForever) == 0) return EOF;"
explicit_delay,lib/stm32wb_copro/wpan/interface/patterns/ble_thread/vcp/usbd_conf.c,408,HAL_Delay(Delay);
critical_or_scheduler_lock,lib/stm32wb_copro/wpan/utilities/heap_4.c,120,vTaskSuspendAll();
critical_or_scheduler_lock,lib/stm32wb_copro/wpan/utilities/heap_4.c,293,vTaskSuspendAll();
unbounded_wait,lib/stm32wb_copro/wpan/utilities/heap_4.c,448,"size_t xBlocks = 0, xMaxSize = 0, xMinSize = portMAX_DELAY; /* portMAX_DELAY used as a portable way of getting the maximum value. */"
critical_or_scheduler_lock,lib/stm32wb_copro/wpan/utilities/heap_4.c,450,vTaskSuspendAll();
critical_or_scheduler_lock,lib/stm32wb_copro/wpan/utilities/heap_4.c,486,taskENTER_CRITICAL();
critical_or_scheduler_lock,lib/stm32wb_copro/wpan/utilities/stm32_mm.c,106,#define vTaskSuspendAll()
critical_or_scheduler_lock,lib/stm32wb_copro/wpan/utilities/stm32_mm.c,198,vTaskSuspendAll();
critical_or_scheduler_lock,lib/stm32wb_copro/wpan/utilities/stm32_mm.c,386,vTaskSuspendAll();
unbounded_wait,lib/stm32wb_copro/wpan/utilities/stm32_mm.c,572,"size_t xBlocks = 0, xMaxSize = 0, xMinSize = portMAX_DELAY; /* portMAX_DELAY used as a portable way of getting the maximum value. */"
critical_or_scheduler_lock,lib/stm32wb_copro/wpan/utilities/stm32_mm.c,574,vTaskSuspendAll();
critical_or_scheduler_lock,lib/stm32wb_copro/wpan/utilities/stm32_mm.c,610,taskENTER_CRITICAL();
explicit_delay,lib/stm32wb_hal/Inc/stm32wbxx_hal.h,618,void HAL_Delay(uint32_t Delay);
explicit_delay,lib/stm32wb_hal/Src/stm32wbxx_hal.c,115,time intervals. Care must be taken if HAL_Delay() is called from a
explicit_delay,lib/stm32wb_hal/Src/stm32wbxx_hal.c,137,"* @note   SysTick is used as time base for the HAL_Delay() function, the application"
explicit_delay,lib/stm32wb_hal/Src/stm32wbxx_hal.c,243,"*       Care must be taken if HAL_Delay() is called from a peripheral ISR process,"
explicit_delay,lib/stm32wb_hal/Src/stm32wbxx_hal.c,396,__weak void HAL_Delay(uint32_t Delay)
explicit_delay,lib/stm32wb_hal/Src/stm32wbxx_hal_pcd_ex.c,165,HAL_Delay(300U);
explicit_delay,lib/stm32wb_hal/Src/stm32wbxx_hal_pcd_ex.c,179,HAL_Delay(50U);
explicit_delay,lib/stm32wb_hal/Src/stm32wbxx_hal_pcd_ex.c,181,HAL_Delay(50U);
explicit_delay,lib/stm32wb_hal/Src/stm32wbxx_hal_pcd_ex.c,189,HAL_Delay(50U);
explicit_delay,lib/stm32wb_hal/Src/stm32wbxx_hal_pcd_ex.c,191,HAL_Delay(50U);
explicit_delay,lib/subghz/protocols/raw.c,329,furi_delay_ms(100);
explicit_delay,lib/subghz/subghz_file_encoder_worker.c,163,furi_delay_ms(1);
explicit_delay,lib/subghz/subghz_file_encoder_worker.c,174,furi_delay_ms(5);
explicit_delay,lib/subghz/subghz_file_encoder_worker.c,182,furi_delay_ms(50);
thread_join,lib/subghz/subghz_file_encoder_worker.c,245,furi_thread_join(instance->thread);
explicit_delay,lib/subghz/subghz_tx_rx_worker.c,72,furi_delay_tick(1);
explicit_delay,lib/subghz/subghz_tx_rx_worker.c,76,furi_delay_tick(1);
explicit_delay,lib/subghz/subghz_tx_rx_worker.c,111,furi_delay_tick(1);
explicit_delay,lib/subghz/subghz_tx_rx_worker.c,119,furi_delay_tick(1);
explicit_delay,lib/subghz/subghz_tx_rx_worker.c,198,furi_delay_tick(1);
thread_join,lib/subghz/subghz_tx_rx_worker.c,263,furi_thread_join(instance->thread);
thread_join,lib/subghz/subghz_worker.c,138,furi_thread_join(instance->thread);
unbounded_wait,lib/toolbox/api_lock.h,35,"furi_event_flag_wait(_lock, API_LOCK_EVENT, FuriFlagWaitAny, FuriWaitForever)"
critical_or_scheduler_lock,lib/toolbox/buffer_stream.c,130,FURI_CRITICAL_ENTER();
explicit_delay,lib/toolbox/cli/cli_command.c,26,furi_delay_ms(check_interval);
unbounded_wait,lib/toolbox/cli/cli_registry.c,21,"furi_check(furi_mutex_acquire(registry->mutex, FuriWaitForever) == FuriStatusOk);"
unbounded_wait,lib/toolbox/cli/cli_registry.c,63,"furi_check(furi_mutex_acquire(registry->mutex, FuriWaitForever) == FuriStatusOk);"
unbounded_wait,lib/toolbox/cli/cli_registry.c,81,"furi_check(furi_mutex_acquire(registry->mutex, FuriWaitForever) == FuriStatusOk);"
unbounded_wait,lib/toolbox/cli/cli_registry.c,93,"furi_check(furi_mutex_acquire(registry->mutex, FuriWaitForever) == FuriStatusOk);"
unbounded_wait,lib/toolbox/cli/cli_registry.c,104,"furi_check(furi_mutex_acquire(registry->mutex, FuriWaitForever) == FuriStatusOk);"
unbounded_wait,lib/toolbox/cli/cli_registry.c,122,"furi_check(furi_mutex_acquire(registry->mutex, FuriWaitForever) == FuriStatusOk);"
unbounded_wait,lib/toolbox/cli/cli_registry.c,165,"furi_check(furi_mutex_acquire(registry->mutex, FuriWaitForever) == FuriStatusOk);"
thread_join,lib/toolbox/cli/shell/cli_shell.c,285,furi_thread_join(thread);
explicit_delay,lib/toolbox/cli/shell/cli_shell.c,471,furi_delay_ms(delay_step);
thread_join,lib/toolbox/cli/shell/cli_shell.c,529,furi_thread_join(shell->thread);
unbounded_wait,lib/toolbox/pipe.c,86,"furi_mutex_acquire(pipe->shared->state_transition, FuriWaitForever);"
explicit_delay,lib/toolbox/tar/tar_archive.c,348,furi_delay_ms(FILE_OPEN_RETRY_DELAY);
explicit_delay,lib/toolbox/tar/tar_archive.c,465,furi_delay_ms(FILE_OPEN_RETRY_DELAY);
explicit_delay,lib/u8g2/u8g2_glue.c,16,furi_delay_ms(arg_int);
explicit_delay,lib/u8g2/u8g2_glue.c,19,furi_delay_us(10);
explicit_delay,targets/f18/furi_hal/furi_hal_resources.c,293,furi_delay_us(5); // Device Driven disconnect: 2.5us + extra to compensate cables
unbounded_wait,targets/f18/furi_hal/furi_hal_spi_config.c,104,"furi_check(furi_mutex_acquire(furi_hal_spi_bus_r_mutex, FuriWaitForever) == FuriStatusOk);"
unbounded_wait,targets/f18/furi_hal/furi_hal_spi_config.c,128,"furi_check(furi_mutex_acquire(furi_hal_spi_bus_d_mutex, FuriWaitForever) == FuriStatusOk);"
unbounded_wait,targets/f7/ble_glue/ble_app.c,160,"furi_mutex_acquire(ble_app->hci_mtx, FuriWaitForever);"
unbounded_wait,targets/f7/ble_glue/ble_event_thread.c,28,"furi_thread_flags_wait(BLE_EVENT_THREAD_FLAG_ALL, FuriFlagWaitAny, FuriWaitForever);"
thread_join,targets/f7/ble_glue/ble_event_thread.c,85,furi_thread_join(event_thread);
priority_change,targets/f7/ble_glue/ble_event_thread.c,94,"furi_thread_set_priority(event_thread, FuriThreadPriorityHigh);"
timer_or_ui_cadence,targets/f7/ble_glue/ble_glue.c,77,"furi_timer_start(ble_glue->hardfault_check_timer, BLE_GLUE_HARDFAULT_CHECK_PERIOD_MS);"
unbounded_wait,targets/f7/ble_glue/ble_glue.c,91,"furi_check(furi_mutex_acquire(ble_glue->shci_mtx, FuriWaitForever) == FuriStatusOk);"
explicit_delay,targets/f7/ble_glue/ble_glue.c,209,furi_delay_tick(1);
unbounded_wait,targets/f7/ble_glue/ble_glue.c,318,"ble_glue->shci_mtx, furi_kernel_is_running() ? FuriWaitForever : 0) =="
explicit_delay,targets/f7/ble_glue/ble_glue.c,427,furi_delay_ms(20);
unbounded_wait,targets/f7/ble_glue/extra_beacon.c,57,"furi_mutex_acquire(extra_beacon.state_mutex, FuriWaitForever);"
unbounded_wait,targets/f7/ble_glue/extra_beacon.c,75,"furi_mutex_acquire(extra_beacon.state_mutex, FuriWaitForever);"
unbounded_wait,targets/f7/ble_glue/extra_beacon.c,103,"furi_mutex_acquire(extra_beacon.state_mutex, FuriWaitForever);"
unbounded_wait,targets/f7/ble_glue/extra_beacon.c,121,"furi_mutex_acquire(extra_beacon.state_mutex, FuriWaitForever);"
unbounded_wait,targets/f7/ble_glue/extra_beacon.c,141,"furi_mutex_acquire(extra_beacon.state_mutex, FuriWaitForever);"
explicit_delay,targets/f7/ble_glue/furi_ble/gatt.c,131,furi_delay_ms(1);
unbounded_wait,targets/f7/ble_glue/gap.c,127,"furi_check(furi_mutex_acquire(gap->state_mutex, FuriWaitForever) == FuriStatusOk);"
explicit_delay,targets/f7/ble_glue/gap.c,142,furi_delay_us(666 + 666);
timer_or_ui_cadence,targets/f7/ble_glue/gap.c,474,"furi_timer_start(gap->advertise_timer, INITIAL_ADV_TIMEOUT);"
unbounded_wait,targets/f7/ble_glue/gap.c,505,"furi_check(furi_mutex_acquire(gap->state_mutex, FuriWaitForever) == FuriStatusOk);"
unbounded_wait,targets/f7/ble_glue/gap.c,517,"furi_check(furi_mutex_acquire(gap->state_mutex, FuriWaitForever) == FuriStatusOk);"
unbounded_wait,targets/f7/ble_glue/gap.c,599,"furi_check(furi_mutex_acquire(gap->state_mutex, FuriWaitForever) == FuriStatusOk);"
unbounded_wait,targets/f7/ble_glue/gap.c,610,"furi_check(furi_mutex_acquire(gap->state_mutex, FuriWaitForever) == FuriStatusOk);"
unbounded_wait,targets/f7/ble_glue/gap.c,613,"furi_message_queue_put(gap->command_queue, &command, FuriWaitForever);"
thread_join,targets/f7/ble_glue/gap.c,615,furi_thread_join(gap->thread);
unbounded_wait,targets/f7/ble_glue/gap.c,636,"FuriStatus status = furi_message_queue_get(gap->command_queue, &command, FuriWaitForever);"
unbounded_wait,targets/f7/ble_glue/gap.c,641,"furi_check(furi_mutex_acquire(gap->state_mutex, FuriWaitForever) == FuriStatusOk);"
unbounded_wait,targets/f7/ble_glue/services/serial_service.c,95,"furi_mutex_acquire(serial_svc->buff_size_mtx, FuriWaitForever) =="
unbounded_wait,targets/f7/ble_glue/services/serial_service.c,199,"furi_check(furi_mutex_acquire(serial_svc->buff_size_mtx, FuriWaitForever) == FuriStatusOk);"
unbounded_wait,targets/f7/furi_hal/furi_hal_adc.c,96,"furi_check(furi_mutex_acquire(furi_hal_adc_handle->mutex, FuriWaitForever) == FuriStatusOk);"
unbounded_wait,targets/f7/furi_hal/furi_hal_bt.c,64,"furi_check(furi_mutex_acquire(furi_hal_bt.core2_mtx, FuriWaitForever) == FuriStatusOk);"
explicit_delay,targets/f7/furi_hal/furi_hal_bt.c,227,furi_delay_ms(100);
explicit_delay,targets/f7/furi_hal/furi_hal_bt.c,265,furi_delay_tick(1);
explicit_delay,targets/f7/furi_hal/furi_hal_bt.c,407,furi_delay_ms(C2_MODE_SWITCH_TIMEOUT);
critical_or_scheduler_lock,targets/f7/furi_hal/furi_hal_bus.c,147,FURI_CRITICAL_ENTER();
critical_or_scheduler_lock,targets/f7/furi_hal/furi_hal_bus.c,162,FURI_CRITICAL_ENTER();
critical_or_scheduler_lock,targets/f7/furi_hal/furi_hal_bus.c,183,FURI_CRITICAL_ENTER();
critical_or_scheduler_lock,targets/f7/furi_hal/furi_hal_bus.c,216,FURI_CRITICAL_ENTER();
critical_or_scheduler_lock,targets/f7/furi_hal/furi_hal_bus.c,249,FURI_CRITICAL_ENTER();
critical_or_scheduler_lock,targets/f7/furi_hal/furi_hal_bus.c,283,FURI_CRITICAL_ENTER();
unbounded_wait,targets/f7/furi_hal/furi_hal_crypto.c,161,"furi_check(furi_mutex_acquire(furi_hal_crypto_mutex, FuriWaitForever) == FuriStatusOk);"
unbounded_wait,targets/f7/furi_hal/furi_hal_crypto.c,261,"furi_check(furi_mutex_acquire(furi_hal_crypto_mutex, FuriWaitForever) == FuriStatusOk);"
unbounded_wait,targets/f7/furi_hal/furi_hal_crypto.c,317,"furi_check(furi_mutex_acquire(furi_hal_crypto_mutex, FuriWaitForever) == FuriStatusOk);"
unbounded_wait,targets/f7/furi_hal/furi_hal_crypto.c,422,"furi_check(furi_mutex_acquire(furi_hal_crypto_mutex, FuriWaitForever) == FuriStatusOk);"
explicit_delay,targets/f7/furi_hal/furi_hal_flash.c,151,furi_delay_us(5);
critical_or_scheduler_lock,targets/f7/furi_hal/furi_hal_flash.c,162,taskENTER_CRITICAL();
critical_or_scheduler_lock,targets/f7/furi_hal/furi_hal_flash.c,405,taskENTER_CRITICAL();
critical_or_scheduler_lock,targets/f7/furi_hal/furi_hal_gpio.c,87,FURI_CRITICAL_ENTER();
critical_or_scheduler_lock,targets/f7/furi_hal/furi_hal_gpio.c,200,FURI_CRITICAL_ENTER();
critical_or_scheduler_lock,targets/f7/furi_hal/furi_hal_gpio.c,216,FURI_CRITICAL_ENTER();
critical_or_scheduler_lock,targets/f7/furi_hal/furi_hal_gpio.c,227,FURI_CRITICAL_ENTER();
critical_or_scheduler_lock,targets/f7/furi_hal/furi_hal_gpio.c,239,FURI_CRITICAL_ENTER();
unbounded_wait,targets/f7/furi_hal/furi_hal_i2c_config.c,30,"furi_mutex_acquire(furi_hal_i2c_bus_power_mutex, FuriWaitForever) == FuriStatusOk);"
critical_or_scheduler_lock,targets/f7/furi_hal/furi_hal_i2c_config.c,34,FURI_CRITICAL_ENTER();
unbounded_wait,targets/f7/furi_hal/furi_hal_i2c_config.c,58,"furi_mutex_acquire(furi_hal_i2c_bus_external_mutex, FuriWaitForever) == FuriStatusOk);"
critical_or_scheduler_lock,targets/f7/furi_hal/furi_hal_i2c_config.c,62,FURI_CRITICAL_ENTER();
critical_or_scheduler_lock,targets/f7/furi_hal/furi_hal_infrared.c,205,FURI_CRITICAL_ENTER();
critical_or_scheduler_lock,targets/f7/furi_hal/furi_hal_infrared.c,559,FURI_CRITICAL_ENTER();
critical_or_scheduler_lock,targets/f7/furi_hal/furi_hal_infrared.c,579,FURI_CRITICAL_ENTER();
explicit_delay,targets/f7/furi_hal/furi_hal_infrared.c,657,furi_delay_us(5);
explicit_delay,targets/f7/furi_hal/furi_hal_infrared.c,659,furi_delay_us(5);
critical_or_scheduler_lock,targets/f7/furi_hal/furi_hal_infrared.c,666,FURI_CRITICAL_ENTER();
unbounded_wait,targets/f7/furi_hal/furi_hal_infrared.c,677,"status = furi_semaphore_acquire(infrared_tim_tx.stop_semaphore, FuriWaitForever);"
critical_or_scheduler_lock,targets/f7/furi_hal/furi_hal_infrared.c,687,FURI_CRITICAL_ENTER();
explicit_delay,targets/f7/furi_hal/furi_hal_light.c,126,furi_delay_ms(250);
explicit_delay,targets/f7/furi_hal/furi_hal_light.c,129,furi_delay_ms(500);
critical_or_scheduler_lock,targets/f7/furi_hal/furi_hal_memory.c,94,FURI_CRITICAL_ENTER();
explicit_delay,targets/f7/furi_hal/furi_hal_nfc.c,245,furi_delay_ms(6);
unbounded_wait,targets/f7/furi_hal/furi_hal_nfc_event.c,44,uint32_t event_timeout = timeout_ms == FURI_HAL_NFC_EVENT_WAIT_FOREVER ? FuriWaitForever :
timer_or_ui_cadence,targets/f7/furi_hal/furi_hal_os.c,69,"furi_timer_start(second_timer, FURI_HAL_OS_TICK_HZ);"
explicit_delay,targets/f7/furi_hal/furi_hal_power.c,83,furi_delay_us(4000000);
explicit_delay,targets/f7/furi_hal/furi_hal_power.c,97,furi_delay_us(2020202);
critical_or_scheduler_lock,targets/f7/furi_hal/furi_hal_power.c,149,FURI_CRITICAL_ENTER();
critical_or_scheduler_lock,targets/f7/furi_hal/furi_hal_power.c,156,FURI_CRITICAL_ENTER();
explicit_delay,targets/f7/furi_hal/furi_hal_power.c,332,furi_delay_us(50000);
explicit_delay,targets/f7/furi_hal/furi_hal_power.c,348,furi_delay_ms(30);
critical_or_scheduler_lock,targets/f7/furi_hal/furi_hal_power.c,486,FURI_CRITICAL_ENTER();
critical_or_scheduler_lock,targets/f7/furi_hal/furi_hal_power.c,499,FURI_CRITICAL_ENTER();
unbounded_wait,targets/f7/furi_hal/furi_hal_region.c,94,"furi_check(furi_mutex_acquire(furi_hal_dynamic_region_mutex, FuriWaitForever) == FuriStatusOk);"
unbounded_wait,targets/f7/furi_hal/furi_hal_region.c,110,"furi_check(furi_mutex_acquire(furi_hal_dynamic_region_mutex, FuriWaitForever) == FuriStatusOk);"
explicit_delay,targets/f7/furi_hal/furi_hal_resources.c,225,furi_delay_us(5); // Device Driven disconnect: 2.5us + extra to compensate cables
critical_or_scheduler_lock,targets/f7/furi_hal/furi_hal_rfid.c,412,FURI_CRITICAL_ENTER();
critical_or_scheduler_lock,targets/f7/furi_hal/furi_hal_rfid.c,451,FURI_CRITICAL_ENTER();
critical_or_scheduler_lock,targets/f7/furi_hal/furi_hal_rfid.c,571,FURI_CRITICAL_ENTER();
critical_or_scheduler_lock,targets/f7/furi_hal/furi_hal_rtc.c,164,FURI_CRITICAL_ENTER();
critical_or_scheduler_lock,targets/f7/furi_hal/furi_hal_rtc.c,399,FURI_CRITICAL_ENTER();
critical_or_scheduler_lock,targets/f7/furi_hal/furi_hal_rtc.c,434,FURI_CRITICAL_ENTER();
critical_or_scheduler_lock,targets/f7/furi_hal/furi_hal_rtc.c,451,FURI_CRITICAL_ENTER();
critical_or_scheduler_lock,targets/f7/furi_hal/furi_hal_rtc.c,489,FURI_CRITICAL_ENTER();
explicit_delay,targets/f7/furi_hal/furi_hal_sd.c,211,furi_delay_us(10); // Entry guard time for some SD cards
explicit_delay,targets/f7/furi_hal/furi_hal_sd.c,215,furi_delay_us(10); // Exit guard time for some SD cards
explicit_delay,targets/f7/furi_hal/furi_hal_sd.c,378,furi_delay_us(1000);
explicit_delay,targets/f7/furi_hal/furi_hal_sd.c,927,furi_delay_ms(250);
explicit_delay,targets/f7/furi_hal/furi_hal_sd.c,933,furi_delay_ms(100);
unbounded_wait,targets/f7/furi_hal/furi_hal_serial_control.c,248,"furi_message_queue_get(furi_hal_serial_control->queue, &message, FuriWaitForever);"
priority_change,targets/f7/furi_hal/furi_hal_serial_control.c,273,"furi_thread_set_priority(furi_hal_serial_control->thread, FuriThreadPriorityHighest);"
unbounded_wait,targets/f7/furi_hal/furi_hal_serial_control.c,285,"furi_message_queue_put(furi_hal_serial_control->queue, &message, FuriWaitForever);"
thread_join,targets/f7/furi_hal/furi_hal_serial_control.c,286,furi_thread_join(furi_hal_serial_control->thread);
unbounded_wait,targets/f7/furi_hal/furi_hal_serial_control.c,320,"furi_message_queue_put(furi_hal_serial_control->queue, &message, FuriWaitForever);"
unbounded_wait,targets/f7/furi_hal/furi_hal_serial_control.c,334,"furi_message_queue_put(furi_hal_serial_control->queue, &message, FuriWaitForever);"
unbounded_wait,targets/f7/furi_hal/furi_hal_serial_control.c,348,"furi_message_queue_put(furi_hal_serial_control->queue, &message, FuriWaitForever);"
unbounded_wait,targets/f7/furi_hal/furi_hal_serial_control.c,372,"furi_message_queue_put(furi_hal_serial_control->queue, &message, FuriWaitForever);"
unbounded_wait,targets/f7/furi_hal/furi_hal_serial_control.c,392,"furi_message_queue_put(furi_hal_serial_control->queue, &message, FuriWaitForever);"
unbounded_wait,targets/f7/furi_hal/furi_hal_spi.c,210,"furi_check(furi_semaphore_acquire(spi_dma_lock, FuriWaitForever) == FuriStatusOk);"
unbounded_wait,targets/f7/furi_hal/furi_hal_spi_config.c,108,"furi_check(furi_mutex_acquire(furi_hal_spi_bus_r_mutex, FuriWaitForever) == FuriStatusOk);"
unbounded_wait,targets/f7/furi_hal/furi_hal_spi_config.c,132,"furi_check(furi_mutex_acquire(furi_hal_spi_bus_d_mutex, FuriWaitForever) == FuriStatusOk);"
critical_or_scheduler_lock,targets/f7/furi_hal/furi_hal_subghz.c,612,FURI_CRITICAL_ENTER();
critical_or_scheduler_lock,targets/f7/furi_hal/furi_hal_usb.c,106,FURI_CRITICAL_ENTER();
unbounded_wait,targets/f7/furi_hal/furi_hal_usb.c,130,"furi_message_queue_put(usb.queue, message, FuriWaitForever);"
explicit_delay,targets/f7/furi_hal/furi_hal_usb.c,354,furi_delay_ms(USB_RECONNECT_DELAY);
critical_or_scheduler_lock,targets/f7/furi_hal/furi_hal_usb.c,368,FURI_CRITICAL_ENTER();
explicit_delay,targets/f7/furi_hal/furi_hal_usb.c,373,furi_delay_ms(USB_RECONNECT_DELAY);
thread_join,targets/f7/furi_hal/furi_hal_usb_ccid.c,271,furi_thread_join(furi_hal_usb_ccid->ccid_thread);
unbounded_wait,targets/f7/furi_hal/furi_hal_usb_ccid.c,464,"furi_semaphore_acquire(furi_hal_usb_ccid->ccid_semaphore, FuriWaitForever) =="
unbounded_wait,targets/f7/furi_hal/furi_hal_usb_ccid.c,519,"WorkerEvtStop | WorkerEvtRequest, FuriFlagWaitAny, FuriWaitForever);"
unbounded_wait,targets/f7/furi_hal/furi_hal_usb_u2f.c,232,"furi_check(furi_semaphore_acquire(hid_u2f_semaphore, FuriWaitForever) == FuriStatusOk);"
priority_change,targets/f7/src/main.c,32,"furi_thread_set_priority(main_thread, FuriThreadPriorityInit);"
explicit_delay,targets/f7/src/main.c,42,furi_delay_ms(100);
explicit_delay,targets/f7/src/update.c,29,furi_delay_ms(1000);
